Sector,Product,Attack_or_Vuln,Incident_Date,Severity,Source,attack_type_clean,attack_subtype_clean,Severity_clean,original_row,record_id,entity_id,exact_duplicate,risk_family_6,mapping_rule,mapping_confidence,mapping_status,Date_available,date_semantics,entity_type,Vendor,Platform,Product_normalized,Technology_context,y,input_invalid
"containers, esxi, linux, windows, macos",,scheduled task/job,31/05/2017,high,mitre,scheduled task/job,scheduled task/job,high,1948,01197f5bb0b55f59c3fd,2c1d3da1b31c2a671457,False,"Identity, Access & Persistence",mitre_parent:scheduled task/job,alta,asignada,2017-05-31,fecha_fuente_no_verificada_como_incidente,tecnica_mitre,,"containers, esxi, linux, windows, macos",__NO_INFORMADO__,"containers, esxi, linux, windows, macos",4,False
"esxi, linux, network devices, windows, macos",,system time discovery,31/05/2017,medium,mitre,system time discovery,system time discovery,medium,2045,01a4610d2dbb240bebcd,dd5fa0b636f15d281b83,False,Reconnaissance & Attack Operations,mitre_parent:system time discovery,alta,asignada,2017-05-31,fecha_fuente_no_verificada_como_incidente,tecnica_mitre,,"esxi, linux, network devices, windows, macos",__NO_INFORMADO__,"esxi, linux, network devices, windows, macos",2,False
"esxi, linux, network devices, windows, macos",,remote system discovery,31/05/2017,medium,mitre,remote system discovery,remote system discovery,medium,1939,095bacc261b07dd56ece,326dfa799ecdcf97c09b,False,Reconnaissance & Attack Operations,mitre_parent:remote system discovery,alta,asignada,2017-05-31,fecha_fuente_no_verificada_como_incidente,tecnica_mitre,,"esxi, linux, network devices, windows, macos",__NO_INFORMADO__,"esxi, linux, network devices, windows, macos",2,False
"linux, windows, macos",,communication through removable media,31/05/2017,low,mitre,communication through removable media,communication through removable media,low,1530,11fff43c445a9f278df2,35e2013c873c041192e8,False,Reconnaissance & Attack Operations,mitre_parent:communication through removable media,alta,asignada,2017-05-31,fecha_fuente_no_verificada_como_incidente,tecnica_mitre,,"linux, windows, macos",__NO_INFORMADO__,"linux, windows, macos",0,False
"esxi, linux, network devices, windows, macos",,boot or logon initialization scripts,31/05/2017,medium/high,mitre,boot or logon initialization scripts,boot or logon initialization scripts,medium/high,1496,1303ff98ebc5f5b7159a,e5ce7f086895612b6b90,False,"Identity, Access & Persistence",mitre_parent:boot or logon initialization scripts,alta,asignada,2017-05-31,fecha_fuente_no_verificada_como_incidente,tecnica_mitre,,"esxi, linux, network devices, windows, macos",__NO_INFORMADO__,"esxi, linux, network devices, windows, macos",3,False
"linux, network devices, windows, macos",,system owner/user discovery,31/05/2017,medium,mitre,system owner/user discovery,system owner/user discovery,medium,2035,13663fc646032837c679,e42504a3e81cfcf48e0c,False,Reconnaissance & Attack Operations,mitre_parent:system owner/user discovery,alta,asignada,2017-05-31,fecha_fuente_no_verificada_como_incidente,tecnica_mitre,,"linux, network devices, windows, macos",__NO_INFORMADO__,"linux, network devices, windows, macos",2,False
"esxi, linux, network devices, windows, macos",,system network configuration discovery,31/05/2017,medium,mitre,system network configuration discovery,system network configuration discovery,medium,2031,15089967bb291f44e8f9,5fd9d25d54b45c973b15,False,Reconnaissance & Attack Operations,mitre_parent:system network configuration discovery,alta,asignada,2017-05-31,fecha_fuente_no_verificada_como_incidente,tecnica_mitre,,"esxi, linux, network devices, windows, macos",__NO_INFORMADO__,"esxi, linux, network devices, windows, macos",2,False
"containers, esxi, linux, windows, macos",,masquerading,31/05/2017,medium/high,mitre,masquerading,masquerading,medium/high,1788,153cb18725732319dc00,f494fe6b9cd51bbb77a4,False,Reconnaissance & Attack Operations,mitre_parent:masquerading,alta,asignada,2017-05-31,fecha_fuente_no_verificada_como_incidente,tecnica_mitre,,"containers, esxi, linux, windows, macos",__NO_INFORMADO__,"containers, esxi, linux, windows, macos",3,False
"linux, windows, macos",,scheduled transfer,31/05/2017,low,mitre,scheduled transfer,scheduled transfer,low,1954,15eb37b74f482c26ee5e,7c16fa6eee89f3160317,False,Data Collection & Exfiltration,mitre_parent:scheduled transfer,alta,asignada,2017-05-31,fecha_fuente_no_verificada_como_incidente,tecnica_mitre,,"linux, windows, macos",__NO_INFORMADO__,"linux, windows, macos",0,False
"esxi, iaas, linux, windows, macos",,data staged,31/05/2017,medium,mitre,data staged,data staged,medium,1579,174e7aabe725df3013e0,b9aa7397b4a8a2503e33,False,Data Collection & Exfiltration,mitre_parent:data staged,alta,asignada,2017-05-31,fecha_fuente_no_verificada_como_incidente,tecnica_mitre,,"esxi, iaas, linux, windows, macos",__NO_INFORMADO__,"esxi, iaas, linux, windows, macos",2,False
windows,,replication through removable media,31/05/2017,high,mitre,replication through removable media,replication through removable media,high,1940,1adfbb8ced5923bd213e,9a619c543d5708844fe6,False,"Identity, Access & Persistence",mitre_parent:replication through removable media,alta,asignada,2017-05-31,fecha_fuente_no_verificada_como_incidente,tecnica_mitre,,windows,__NO_INFORMADO__,windows,4,False
"esxi, linux, network devices, windows, macos",,non-application layer protocol,31/05/2017,low,mitre,non-application layer protocol,non-application layer protocol,low,1833,1c069bf0eee199183fab,abc120c7602d8c1994e4,False,Reconnaissance & Attack Operations,mitre_parent:non-application layer protocol,alta,asignada,2017-05-31,fecha_fuente_no_verificada_como_incidente,tecnica_mitre,,"esxi, linux, network devices, windows, macos",__NO_INFORMADO__,"esxi, linux, network devices, windows, macos",0,False
"esxi, linux, network devices, windows, macos",,data from local system,31/05/2017,medium,mitre,data from local system,data from local system,medium,1593,22ea31f7e8fe52cb609b,ceb39e7507173e45fa2c,False,Data Collection & Exfiltration,mitre_parent:data from local system,alta,asignada,2017-05-31,fecha_fuente_no_verificada_como_incidente,tecnica_mitre,,"esxi, linux, network devices, windows, macos",__NO_INFORMADO__,"esxi, linux, network devices, windows, macos",2,False
"linux, windows, macos",,peripheral device discovery,31/05/2017,medium,mitre,peripheral device discovery,peripheral device discovery,medium,1878,2553ccd0e5029a349c48,e4ab64994e1d12a5edef,False,Reconnaissance & Attack Operations,mitre_parent:peripheral device discovery,alta,asignada,2017-05-31,fecha_fuente_no_verificada_como_incidente,tecnica_mitre,,"linux, windows, macos",__NO_INFORMADO__,"linux, windows, macos",2,False
windows,,modify registry,31/05/2017,medium/high,mitre,modify registry,modify registry,medium/high,1817,259f1fe4a4e7916632df,45477fe4291cf1d26d32,False,"Identity, Access & Persistence",mitre_parent:modify registry,alta,asignada,2017-05-31,fecha_fuente_no_verificada_como_incidente,tecnica_mitre,,windows,__NO_INFORMADO__,windows,3,False
"esxi, iaas, identity provider, linux, office suite, saas, windows, macos",,account discovery,31/05/2017,medium,mitre,account discovery,account discovery,medium,1433,28e085afca875d54c3fb,498a1d1379e411d312cf,False,Reconnaissance & Attack Operations,mitre_parent:account discovery,alta,asignada,2017-05-31,fecha_fuente_no_verificada_como_incidente,tecnica_mitre,,"esxi, iaas, identity provider, linux, office suite, saas, windows, macos",__NO_INFORMADO__,"esxi, iaas, identity provider, linux, office suite, saas, windows, macos",2,False
"esxi, linux, windows, macos",,fallback channels,31/05/2017,low,mitre,fallback channels,fallback channels,low,1684,2f4d32d6177446835edc,fc8f48f1dbd2d9ce9792,False,Reconnaissance & Attack Operations,mitre_parent:fallback channels,alta,asignada,2017-05-31,fecha_fuente_no_verificada_como_incidente,tecnica_mitre,,"esxi, linux, windows, macos",__NO_INFORMADO__,"esxi, linux, windows, macos",0,False
"linux, windows, macos",,rootkit,31/05/2017,medium/high,mitre,rootkit,rootkit,medium/high,1947,308aadd80ddd9428babe,086910179af8bb2ef941,False,"Identity, Access & Persistence",mitre_parent:rootkit,alta,asignada,2017-05-31,fecha_fuente_no_verificada_como_incidente,tecnica_mitre,,"linux, windows, macos",__NO_INFORMADO__,"linux, windows, macos",3,False
"esxi, iaas, linux, network devices, windows, macos",,system network connections discovery,31/05/2017,medium,mitre,system network connections discovery,system network connections discovery,medium,2034,398197967617c7cc61d9,40dec6f5e7ce5b136d34,False,Reconnaissance & Attack Operations,mitre_parent:system network connections discovery,alta,asignada,2017-05-31,fecha_fuente_no_verificada_como_incidente,tecnica_mitre,,"esxi, iaas, linux, network devices, windows, macos",__NO_INFORMADO__,"esxi, iaas, linux, network devices, windows, macos",2,False
"esxi, linux, windows, macos",,data encoding,31/05/2017,low,mitre,data encoding,data encoding,low,1567,3e77c2f103b3f2b4625f,7b0d4c93f28edcfd1d9d,False,Reconnaissance & Attack Operations,mitre_parent:data encoding,alta,asignada,2017-05-31,fecha_fuente_no_verificada_como_incidente,tecnica_mitre,,"esxi, linux, windows, macos",__NO_INFORMADO__,"esxi, linux, windows, macos",0,False
"esxi, linux, windows, macos",,data transfer size limits,31/05/2017,low,mitre,data transfer size limits,data transfer size limits,low,1582,432bedb86784928edcc3,18d07443b92df0cc1b34,False,Reconnaissance & Attack Operations,mitre_parent:data transfer size limits,alta,asignada,2017-05-31,fecha_fuente_no_verificada_como_incidente,tecnica_mitre,,"esxi, linux, windows, macos",__NO_INFORMADO__,"esxi, linux, windows, macos",0,False
"containers, linux, windows, macos",,exploitation for privilege escalation,31/05/2017,high,mitre,exploitation for privilege escalation,exploitation for privilege escalation,high,1681,4d94db43d6323ad27750,ce865c2fd72d362cc17f,False,"Identity, Access & Persistence",mitre_parent:exploitation for privilege escalation,alta,asignada,2017-05-31,fecha_fuente_no_verificada_como_incidente,tecnica_mitre,,"containers, linux, windows, macos",__NO_INFORMADO__,"containers, linux, windows, macos",4,False
"esxi, linux, network devices, windows, macos",,proxy,31/05/2017,low,mitre,proxy,proxy,low,1916,4e99019ca809a8b1c674,e6bca032162837c62c82,False,Reconnaissance & Attack Operations,mitre_parent:proxy,alta,asignada,2017-05-31,fecha_fuente_no_verificada_como_incidente,tecnica_mitre,,"esxi, linux, network devices, windows, macos",__NO_INFORMADO__,"esxi, linux, network devices, windows, macos",0,False
"esxi, linux, network devices, windows, macos",,ingress tool transfer,31/05/2017,low,mitre,ingress tool transfer,ingress tool transfer,low,1773,5a813987cd65cd6be5fc,b9305bfcadc1d46308e7,False,Reconnaissance & Attack Operations,mitre_parent:ingress tool transfer,alta,asignada,2017-05-31,fecha_fuente_no_verificada_como_incidente,tecnica_mitre,,"esxi, linux, network devices, windows, macos",__NO_INFORMADO__,"esxi, linux, network devices, windows, macos",0,False
"linux, windows, macos",,audio capture,31/05/2017,medium,mitre,audio capture,audio capture,medium,1476,601a31ab89c3c8722b7c,55db6f1dfed6def7ffbb,False,Data Collection & Exfiltration,mitre_parent:audio capture,alta,asignada,2017-05-31,fecha_fuente_no_verificada_como_incidente,tecnica_mitre,,"linux, windows, macos",__NO_INFORMADO__,"linux, windows, macos",2,False
"esxi, linux, network devices, windows, macos",,obfuscated files or information,31/05/2017,medium/high,mitre,obfuscated files or information,obfuscated files or information,medium/high,1844,601be3b376c750f49eeb,daa0725c942ee57853aa,False,Reconnaissance & Attack Operations,mitre_parent:obfuscated files or information,alta,asignada,2017-05-31,fecha_fuente_no_verificada_como_incidente,tecnica_mitre,,"esxi, linux, network devices, windows, macos",__NO_INFORMADO__,"esxi, linux, network devices, windows, macos",3,False
"iaas, linux, network devices, windows, macos",,network sniffing,31/05/2017,medium/high,mitre,network sniffing,network sniffing,medium/high,1832,614dd0475463b7a8786d,70f2ecb2b97f8f5914a3,False,Data Collection & Exfiltration,mitre_parent:network sniffing,alta,asignada,2017-05-31,fecha_fuente_no_verificada_como_incidente,tecnica_mitre,,"iaas, linux, network devices, windows, macos",__NO_INFORMADO__,"iaas, linux, network devices, windows, macos",3,False
"containers, linux, windows, macos",,external remote services,31/05/2017,high,mitre,external remote services,external remote services,high,1683,6a1fc12ce833172d7b73,4af45d464b3d0b91eda1,False,"Identity, Access & Persistence",mitre_parent:external remote services,alta,asignada,2017-05-31,fecha_fuente_no_verificada_como_incidente,tecnica_mitre,,"containers, linux, windows, macos",__NO_INFORMADO__,"containers, linux, windows, macos",4,False
"linux, office suite, saas, windows, macos",,taint shared content,31/05/2017,medium/high,mitre,taint shared content,taint shared content,medium/high,2046,6b10e93765775859d6a7,3168e114964c83444c89,False,Code Execution & Injection,mitre_parent:taint shared content,alta,asignada,2017-05-31,fecha_fuente_no_verificada_como_incidente,tecnica_mitre,,"linux, office suite, saas, windows, macos",__NO_INFORMADO__,"linux, office suite, saas, windows, macos",3,False
"containers, iaas, identity provider, linux, office suite, saas, windows, macos",,permission groups discovery,31/05/2017,medium,mitre,permission groups discovery,permission groups discovery,medium,1879,729bcbf34455dce3b721,0290b74aacf8456326ef,False,Reconnaissance & Attack Operations,mitre_parent:permission groups discovery,alta,asignada,2017-05-31,fecha_fuente_no_verificada_como_incidente,tecnica_mitre,,"containers, iaas, identity provider, linux, office suite, saas, windows, macos",__NO_INFORMADO__,"containers, iaas, identity provider, linux, office suite, saas, windows, macos",2,False
"iaas, linux, office suite, saas, windows, macos",,automated collection,31/05/2017,medium,mitre,automated collection,automated collection,medium,1477,74dfe3a68e51c0b76939,c178279a5da8907613b6,False,Data Collection & Exfiltration,mitre_parent:automated collection,alta,asignada,2017-05-31,fecha_fuente_no_verificada_como_incidente,tecnica_mitre,,"iaas, linux, office suite, saas, windows, macos",__NO_INFORMADO__,"iaas, linux, office suite, saas, windows, macos",2,False
"linux, windows, macos",,data from network shared drive,31/05/2017,medium,mitre,data from network shared drive,data from network shared drive,medium,1594,783b19b03a75ce840714,c12b207cd416a9d6ca36,False,Data Collection & Exfiltration,mitre_parent:data from network shared drive,alta,asignada,2017-05-31,fecha_fuente_no_verificada_como_incidente,tecnica_mitre,,"linux, windows, macos",__NO_INFORMADO__,"linux, windows, macos",2,False
"linux, windows, macos",,exfiltration over physical medium,31/05/2017,low,mitre,exfiltration over physical medium,exfiltration over physical medium,low,1670,79df2c6945ec8a993f88,c9a16d3a0dfedf0e8bde,False,Data Collection & Exfiltration,mitre_parent:exfiltration over physical medium,alta,asignada,2017-05-31,fecha_fuente_no_verificada_como_incidente,tecnica_mitre,,"linux, windows, macos",__NO_INFORMADO__,"linux, windows, macos",0,False
windows,,windows management instrumentation,31/05/2017,high,mitre,windows management instrumentation,windows management instrumentation,high,2096,7a5c2fea67ce28a9ff44,84e67f263bb7e6dd1d05,False,Code Execution & Injection,mitre_parent:windows management instrumentation,alta,asignada,2017-05-31,fecha_fuente_no_verificada_como_incidente,tecnica_mitre,,windows,__NO_INFORMADO__,windows,4,False
"linux, windows, macos",,native api,31/05/2017,high,mitre,native api,native api,high,1824,8022afb629f47938010f,a3d1a297950ef7014c87,False,Code Execution & Injection,mitre_parent:native api,alta,asignada,2017-05-31,fecha_fuente_no_verificada_como_incidente,tecnica_mitre,,"linux, windows, macos",__NO_INFORMADO__,"linux, windows, macos",4,False
"esxi, linux, windows, macos",,multi-stage channels,31/05/2017,low,mitre,multi-stage channels,multi-stage channels,low,1823,87ae5a1a94d8c05cbe7b,6c04c291ae52e86ef874,False,Reconnaissance & Attack Operations,mitre_parent:multi-stage channels,alta,asignada,2017-05-31,fecha_fuente_no_verificada_como_incidente,tecnica_mitre,,"esxi, linux, windows, macos",__NO_INFORMADO__,"esxi, linux, windows, macos",0,False
"linux, windows, macos",,process injection,31/05/2017,medium/high,mitre,injection,other_injection,medium/high,1902,8abd78d1cebfa3718106,ce3a49582af2afd066ac,False,Code Execution & Injection,mitre_parent:process injection,alta,asignada,2017-05-31,fecha_fuente_no_verificada_como_incidente,tecnica_mitre,,"linux, windows, macos",__NO_INFORMADO__,"linux, windows, macos",3,False
"esxi, linux, windows, macos",,exfiltration over c2 channel,31/05/2017,low,mitre,exfiltration over c2 channel,exfiltration over c2 channel,low,1667,9212007cced689328ece,c6edca6d31b711c6aeeb,False,Data Collection & Exfiltration,mitre_parent:exfiltration over c2 channel,alta,asignada,2017-05-31,fecha_fuente_no_verificada_como_incidente,tecnica_mitre,,"esxi, linux, windows, macos",__NO_INFORMADO__,"esxi, linux, windows, macos",0,False
"linux, network devices, windows, macos",,automated exfiltration,31/05/2017,low,mitre,automated exfiltration,automated exfiltration,low,1478,950bec75821cb4c9fb9e,f1b3f99a0503b361e0c8,False,Data Collection & Exfiltration,mitre_parent:automated exfiltration,alta,asignada,2017-05-31,fecha_fuente_no_verificada_como_incidente,tecnica_mitre,,"linux, network devices, windows, macos",__NO_INFORMADO__,"linux, network devices, windows, macos",0,False
"containers, esxi, iaas, identity provider, linux, network devices, office suite, saas, windows, macos",,valid accounts,31/05/2017,medium/high,mitre,valid accounts,valid accounts,medium/high,2077,9645b81c40614664c860,deb459f1eb777f57f941,False,"Identity, Access & Persistence",mitre_parent:valid accounts,alta,asignada,2017-05-31,fecha_fuente_no_verificada_como_incidente,tecnica_mitre,,"containers, esxi, iaas, identity provider, linux, network devices, office suite, saas, windows, macos",__NO_INFORMADO__,"containers, esxi, iaas, identity provider, linux, network devices, office suite, saas, windows, macos",3,False
"linux, windows, macos",,shared modules,31/05/2017,high,mitre,shared modules,shared modules,high,1979,9830e669236d0bf9b667,43438b9315c0f4ce90c3,False,Code Execution & Injection,mitre_parent:shared modules,alta,asignada,2017-05-31,fecha_fuente_no_verificada_como_incidente,tecnica_mitre,,"linux, windows, macos",__NO_INFORMADO__,"linux, windows, macos",4,False
"linux, office suite, windows, macos",,email collection,31/05/2017,medium,mitre,email collection,email collection,medium,1623,9894e56cd3faccf30c27,6da6a8e57b9348b92d9d,False,Data Collection & Exfiltration,mitre_parent:email collection,alta,asignada,2017-05-31,fecha_fuente_no_verificada_como_incidente,tecnica_mitre,,"linux, office suite, windows, macos",__NO_INFORMADO__,"linux, office suite, windows, macos",2,False
"containers, esxi, iaas, identity provider, linux, network devices, office suite, saas, windows, macos",,brute force,31/05/2017,medium/high,mitre,remote_code_execution,remote_code_execution,medium/high,1504,9c2927029df155237092,1643283c434f0880acc4,False,"Identity, Access & Persistence",mitre_parent:brute force,alta,asignada,2017-05-31,fecha_fuente_no_verificada_como_incidente,tecnica_mitre,,"containers, esxi, iaas, identity provider, linux, network devices, office suite, saas, windows, macos",__NO_INFORMADO__,"containers, esxi, iaas, identity provider, linux, network devices, office suite, saas, windows, macos",3,False
"esxi, iaas, linux, windows, macos",,remote services,31/05/2017,medium/high,mitre,remote services,remote services,medium/high,1930,9ed0fd90fc24e72b737f,5570e05c18dbdfffdd49,False,"Identity, Access & Persistence",mitre_parent:remote services,alta,asignada,2017-05-31,fecha_fuente_no_verificada_como_incidente,tecnica_mitre,,"esxi, iaas, linux, windows, macos",__NO_INFORMADO__,"esxi, iaas, linux, windows, macos",3,False
"linux, windows, macos",,data from removable media,31/05/2017,medium,mitre,data from removable media,data from removable media,medium,1595,a4848bfeeb4e041475f0,2901a592daa77de3b38a,False,Data Collection & Exfiltration,mitre_parent:data from removable media,alta,asignada,2017-05-31,fecha_fuente_no_verificada_como_incidente,tecnica_mitre,,"linux, windows, macos",__NO_INFORMADO__,"linux, windows, macos",2,False
"linux, network devices, windows, macos",,input capture,31/05/2017,medium,mitre,input capture,input capture,medium,1775,a93b05ada83f228a060c,8846f0c82c2ebe0e0940,False,Data Collection & Exfiltration,mitre_parent:input capture,alta,asignada,2017-05-31,fecha_fuente_no_verificada_como_incidente,tecnica_mitre,,"linux, network devices, windows, macos",__NO_INFORMADO__,"linux, network devices, windows, macos",2,False
"esxi, iaas, linux, network devices, windows, macos",,system information discovery,31/05/2017,medium,mitre,system information discovery,system information discovery,medium,2028,ae95df71e014b94459b4,689cfe68a1a3bb382068,False,Reconnaissance & Attack Operations,mitre_parent:system information discovery,alta,asignada,2017-05-31,fecha_fuente_no_verificada_como_incidente,tecnica_mitre,,"esxi, iaas, linux, network devices, windows, macos",__NO_INFORMADO__,"esxi, iaas, linux, network devices, windows, macos",2,False
"linux, windows, macos",,system service discovery,31/05/2017,medium,mitre,system service discovery,system service discovery,medium,2039,b08b5bd5fdb44177a7b6,c08ea90b5bc73a06f93a,False,Reconnaissance & Attack Operations,mitre_parent:system service discovery,alta,asignada,2017-05-31,fecha_fuente_no_verificada_como_incidente,tecnica_mitre,,"linux, windows, macos",__NO_INFORMADO__,"linux, windows, macos",2,False
"linux, windows, macos",,multi-factor authentication interception,31/05/2017,medium/high,mitre,remote_code_execution,remote_code_execution,medium/high,1821,b30ea07d4844c9eb2810,ab4c15d2713ec9242ee3,False,"Identity, Access & Persistence",mitre_parent:multi-factor authentication interception,alta,asignada,2017-05-31,fecha_fuente_no_verificada_como_incidente,tecnica_mitre,,"linux, windows, macos",__NO_INFORMADO__,"linux, windows, macos",3,False
"esxi, iaas, identity provider, linux, network devices, office suite, windows, macos",,command and scripting interpreter,31/05/2017,high,mitre,command and scripting interpreter,command and scripting interpreter,high,1517,babb81d4f7441b8d29c4,d3d9716476c09e81687c,False,Code Execution & Injection,mitre_parent:command and scripting interpreter,alta,asignada,2017-05-31,fecha_fuente_no_verificada_como_incidente,tecnica_mitre,,"esxi, iaas, identity provider, linux, network devices, office suite, windows, macos",__NO_INFORMADO__,"esxi, iaas, identity provider, linux, network devices, office suite, windows, macos",4,False
"linux, windows, macos",,application window discovery,31/05/2017,medium,mitre,application window discovery,application window discovery,medium,1471,c0573cda37ba3fba7ef4,b597672bb4d384f965d5,False,Reconnaissance & Attack Operations,mitre_parent:application window discovery,alta,asignada,2017-05-31,fecha_fuente_no_verificada_como_incidente,tecnica_mitre,,"linux, windows, macos",__NO_INFORMADO__,"linux, windows, macos",2,False
"containers, esxi, linux, network devices, office suite, windows, macos",,indicator removal,31/05/2017,medium/high,mitre,indicator removal,indicator removal,medium/high,1761,c469b070c770483cb9c8,e9c07233d7076bab1730,False,Reconnaissance & Attack Operations,mitre_parent:indicator removal,alta,asignada,2017-05-31,fecha_fuente_no_verificada_como_incidente,tecnica_mitre,,"containers, esxi, linux, network devices, office suite, windows, macos",__NO_INFORMADO__,"containers, esxi, linux, network devices, office suite, windows, macos",3,False
"network devices, windows",,direct volume access,31/05/2017,medium/high,mitre,direct volume access,direct volume access,medium/high,1608,c51a9c597eabd9807501,113c26103f36663e093b,False,Data Collection & Exfiltration,mitre_parent:direct volume access,alta,asignada,2017-05-31,fecha_fuente_no_verificada_como_incidente,tecnica_mitre,,"network devices, windows",__NO_INFORMADO__,"network devices, windows",3,False
"linux, windows, macos",,os credential dumping,31/05/2017,medium/high,mitre,os credential dumping,os credential dumping,medium/high,1835,c9af3c28208421e19659,bf785b8ef3f744cad446,False,"Identity, Access & Persistence",mitre_parent:os credential dumping,alta,asignada,2017-05-31,fecha_fuente_no_verificada_como_incidente,tecnica_mitre,,"linux, windows, macos",__NO_INFORMADO__,"linux, windows, macos",3,False
"linux, windows, macos",,video capture,31/05/2017,medium,mitre,video capture,video capture,medium,2082,cdf831ff436b4c1b59f9,8ea7299e6c04118df9ba,False,Data Collection & Exfiltration,mitre_parent:video capture,alta,asignada,2017-05-31,fecha_fuente_no_verificada_como_incidente,tecnica_mitre,,"linux, windows, macos",__NO_INFORMADO__,"linux, windows, macos",2,False
"esxi, linux, windows, macos",,data obfuscation,31/05/2017,low,mitre,data obfuscation,data obfuscation,low,1575,d90020ab3f4486c9f9fd,d2d91f4781689afd951a,False,Reconnaissance & Attack Operations,mitre_parent:data obfuscation,alta,asignada,2017-05-31,fecha_fuente_no_verificada_como_incidente,tecnica_mitre,,"esxi, linux, windows, macos",__NO_INFORMADO__,"esxi, linux, windows, macos",0,False
"esxi, linux, windows, macos",,web service,31/05/2017,low,mitre,web service,web service,low,2091,dddf9ab7c9c982dee274,ade6ad500d2028f099e0,False,Reconnaissance & Attack Operations,mitre_parent:web service,alta,asignada,2017-05-31,fecha_fuente_no_verificada_como_incidente,tecnica_mitre,,"esxi, linux, windows, macos",__NO_INFORMADO__,"esxi, linux, windows, macos",0,False
"containers, iaas, linux, network devices, windows, macos",,network service discovery,31/05/2017,medium,mitre,network service discovery,network service discovery,medium,1830,dfe792bde7d858331f56,1b39644b9441d3737133,False,Reconnaissance & Attack Operations,mitre_parent:network service discovery,alta,asignada,2017-05-31,fecha_fuente_no_verificada_como_incidente,tecnica_mitre,,"containers, iaas, linux, network devices, windows, macos",__NO_INFORMADO__,"containers, iaas, linux, network devices, windows, macos",2,False
windows,,trusted developer utilities proxy execution,31/05/2017,medium/high,mitre,trusted developer utilities proxy execution,trusted developer utilities proxy execution,medium/high,2052,e26901b0dcc8419ed43f,b2f4ec79badd22807374,False,Code Execution & Injection,mitre_parent:trusted developer utilities proxy execution,alta,asignada,2017-05-31,fecha_fuente_no_verificada_como_incidente,tecnica_mitre,,windows,__NO_INFORMADO__,windows,3,False
"esxi, linux, network devices, windows, macos",,process discovery,31/05/2017,medium,mitre,process discovery,process discovery,medium,1901,e403e74c74bba9511539,7b6e67e5a53dfdd7fff4,False,Reconnaissance & Attack Operations,mitre_parent:process discovery,alta,asignada,2017-05-31,fecha_fuente_no_verificada_como_incidente,tecnica_mitre,,"esxi, linux, network devices, windows, macos",__NO_INFORMADO__,"esxi, linux, network devices, windows, macos",2,False
"linux, windows, macos",,screen capture,31/05/2017,medium,mitre,screen capture,screen capture,medium,1955,e6afd6cb3a05e6619fe0,3fb90aa531d4e868c7b1,False,Data Collection & Exfiltration,mitre_parent:screen capture,alta,asignada,2017-05-31,fecha_fuente_no_verificada_como_incidente,tecnica_mitre,,"linux, windows, macos",__NO_INFORMADO__,"linux, windows, macos",2,False
"esxi, linux, network devices, windows, macos",,application layer protocol,31/05/2017,low,mitre,application layer protocol,application layer protocol,low,1465,ebd5784002d69f4e231d,f3a365f6dce104a76add,False,Reconnaissance & Attack Operations,mitre_parent:application layer protocol,alta,asignada,2017-05-31,fecha_fuente_no_verificada_como_incidente,tecnica_mitre,,"esxi, linux, network devices, windows, macos",__NO_INFORMADO__,"esxi, linux, network devices, windows, macos",0,False
"linux, windows, macos",,exfiltration over other network medium,31/05/2017,low,mitre,exfiltration over other network medium,exfiltration over other network medium,low,1668,ee8da8e8b1f44263f769,575d8ae92fed66c8de8a,False,Data Collection & Exfiltration,mitre_parent:exfiltration over other network medium,alta,asignada,2017-05-31,fecha_fuente_no_verificada_como_incidente,tecnica_mitre,,"linux, windows, macos",__NO_INFORMADO__,"linux, windows, macos",0,False
"esxi, iaas, linux, network devices, office suite, saas, windows, macos",,exfiltration over alternative protocol,31/05/2017,low,mitre,exfiltration over alternative protocol,exfiltration over alternative protocol,low,1663,f0014bb891fc55e212c6,6ffbf81541d122942de8,False,Data Collection & Exfiltration,mitre_parent:exfiltration over alternative protocol,alta,asignada,2017-05-31,fecha_fuente_no_verificada_como_incidente,tecnica_mitre,,"esxi, iaas, linux, network devices, office suite, saas, windows, macos",__NO_INFORMADO__,"esxi, iaas, linux, network devices, office suite, saas, windows, macos",0,False
"linux, windows, macos",,clipboard data,31/05/2017,medium,mitre,clipboard data,clipboard data,medium,1510,f0f6291852daebc25e74,c447ceae0ab518c22438,False,Data Collection & Exfiltration,mitre_parent:clipboard data,alta,asignada,2017-05-31,fecha_fuente_no_verificada_como_incidente,tecnica_mitre,,"linux, windows, macos",__NO_INFORMADO__,"linux, windows, macos",2,False
windows,,query registry,31/05/2017,medium,mitre,query registry,query registry,medium,1921,f2da90a4536af3863370,15ae778340f68060ac04,False,Reconnaissance & Attack Operations,mitre_parent:query registry,alta,asignada,2017-05-31,fecha_fuente_no_verificada_como_incidente,tecnica_mitre,,windows,__NO_INFORMADO__,windows,2,False
"containers, esxi, iaas, identity provider, linux, network devices, office suite, saas, windows, macos",,account manipulation,31/05/2017,medium/high,mitre,account manipulation,account manipulation,medium/high,1438,f716cc802b1ac1129c35,b4d55d2325c9b4b122f4,False,"Identity, Access & Persistence",mitre_parent:account manipulation,alta,asignada,2017-05-31,fecha_fuente_no_verificada_como_incidente,tecnica_mitre,,"containers, esxi, iaas, identity provider, linux, network devices, office suite, saas, windows, macos",__NO_INFORMADO__,"containers, esxi, iaas, identity provider, linux, network devices, office suite, saas, windows, macos",3,False
"esxi, linux, network devices, windows, macos",,file and directory discovery,31/05/2017,medium,mitre,file and directory discovery,file and directory discovery,medium,1685,f8fbb3647158f48c10a4,4ed5065890e8984dde5b,False,Reconnaissance & Attack Operations,mitre_parent:file and directory discovery,alta,asignada,2017-05-31,fecha_fuente_no_verificada_como_incidente,tecnica_mitre,,"esxi, linux, network devices, windows, macos",__NO_INFORMADO__,"esxi, linux, network devices, windows, macos",2,False
"linux, network devices, saas, windows, macos",,software deployment tools,31/05/2017,high,mitre,software deployment tools,software deployment tools,high,1980,f9b7afc4ad3928dfd2ad,10651312750250e3ad0a,False,Code Execution & Injection,mitre_parent:software deployment tools,alta,asignada,2017-05-31,fecha_fuente_no_verificada_como_incidente,tecnica_mitre,,"linux, network devices, saas, windows, macos",__NO_INFORMADO__,"linux, network devices, saas, windows, macos",4,False
windows,,access token manipulation,14/12/2017,medium/high,mitre,access token manipulation,access token manipulation,medium/high,1426,1693a708b32df719cd60,c397901f05458b06782e,False,"Identity, Access & Persistence",mitre_parent:access token manipulation,alta,asignada,2017-12-14,fecha_fuente_no_verificada_como_incidente,tecnica_mitre,,windows,__NO_INFORMADO__,windows,3,False
"linux, windows, macos",,network share discovery,14/12/2017,medium,mitre,network share discovery,network share discovery,medium,1831,16bd26a4f8760c47d91b,a65e18517945481dc4f3,False,Reconnaissance & Attack Operations,mitre_parent:network share discovery,alta,asignada,2017-12-14,fecha_fuente_no_verificada_como_incidente,tecnica_mitre,,"linux, windows, macos",__NO_INFORMADO__,"linux, windows, macos",2,False
"containers, esxi, iaas, identity provider, linux, network devices, office suite, saas, windows, macos",,create account,14/12/2017,medium/high,mitre,create account,create account,medium/high,1548,20b379e4356cbcedd766,2f125fc20d477c886a20,False,"Identity, Access & Persistence",mitre_parent:create account,alta,asignada,2017-12-14,fecha_fuente_no_verificada_como_incidente,tecnica_mitre,,"containers, esxi, iaas, identity provider, linux, network devices, office suite, saas, windows, macos",__NO_INFORMADO__,"containers, esxi, iaas, identity provider, linux, network devices, office suite, saas, windows, macos",3,False
"esxi, linux, windows, macos",,deobfuscate/decode files or information,14/12/2017,medium/high,mitre,deobfuscate/decode files or information,deobfuscate/decode files or information,medium/high,1600,37af14265bc29dbb85e1,2b2f144c1b11e83a8c23,False,Reconnaissance & Attack Operations,mitre_parent:deobfuscate/decode files or information,alta,asignada,2017-12-14,fecha_fuente_no_verificada_como_incidente,tecnica_mitre,,"esxi, linux, windows, macos",__NO_INFORMADO__,"esxi, linux, windows, macos",3,False
"office suite, windows",,office application startup,14/12/2017,medium/high,mitre,office application startup,office application startup,medium/high,1870,49576da0ac1cf03facce,d619d01ed163e182ecb5,False,"Identity, Access & Persistence",mitre_parent:office application startup,alta,asignada,2017-12-14,fecha_fuente_no_verificada_como_incidente,tecnica_mitre,,"office suite, windows",__NO_INFORMADO__,"office suite, windows",3,False
"linux, windows, macos",,software extensions,16/01/2018,medium/high,mitre,software extensions,software extensions,medium/high,1983,1cb6fedc8ec194757c1f,0d4cf985ab328bb705bb,False,"Identity, Access & Persistence",mitre_parent:software extensions,alta,asignada,2018-01-16,fecha_fuente_no_verificada_como_incidente,tecnica_mitre,,"linux, windows, macos",__NO_INFORMADO__,"linux, windows, macos",3,False
windows,,browser session hijacking,16/01/2018,medium,mitre,browser session hijacking,browser session hijacking,medium,1503,443e590de3518211c059,53eedaf7c2cbf4b455ff,False,"Identity, Access & Persistence",mitre_parent:browser session hijacking,alta,asignada,2018-01-16,fecha_fuente_no_verificada_como_incidente,tecnica_mitre,,windows,__NO_INFORMADO__,windows,2,False
windows,,forced authentication,16/01/2018,medium/high,mitre,remote_code_execution,remote_code_execution,medium/high,1691,d09a927985d7e5d8da93,a0978f2ea9ff8f8c48f5,False,"Identity, Access & Persistence",mitre_parent:forced authentication,alta,asignada,2018-01-16,fecha_fuente_no_verificada_como_incidente,tecnica_mitre,,windows,__NO_INFORMADO__,windows,3,False
windows,,indirect command execution,18/04/2018,medium/high,mitre,indirect command execution,indirect command execution,medium/high,1772,0c2431272039be26e5be,911d801b5022f26d7cc1,False,Code Execution & Injection,mitre_parent:indirect command execution,alta,asignada,2018-04-18,fecha_fuente_no_verificada_como_incidente,tecnica_mitre,,windows,__NO_INFORMADO__,windows,3,False
windows,,bits jobs,18/04/2018,medium/high,mitre,bits jobs,bits jobs,medium/high,1480,111f8fa0826ca776489a,7155df7d66c4c2b36d11,False,Code Execution & Injection,mitre_parent:bits jobs,alta,asignada,2018-04-18,fecha_fuente_no_verificada_como_incidente,tecnica_mitre,,windows,__NO_INFORMADO__,windows,3,False
"linux, windows, macos",,exploitation for client execution,18/04/2018,high,mitre,exploitation for client execution,exploitation for client execution,high,1678,11a3c0cccd50ec873d50,ac4181803ca7452dea82,False,Code Execution & Injection,mitre_parent:exploitation for client execution,alta,asignada,2018-04-18,fecha_fuente_no_verificada_como_incidente,tecnica_mitre,,"linux, windows, macos",__NO_INFORMADO__,"linux, windows, macos",4,False
"linux, windows, macos",,remote access tools,18/04/2018,low,mitre,remote access tools,remote access tools,low,1923,183389a4c42736fc4d96,b6ad1a0b8817e22fd40f,False,"Identity, Access & Persistence",mitre_parent:remote access tools,alta,asignada,2018-04-18,fecha_fuente_no_verificada_como_incidente,tecnica_mitre,,"linux, windows, macos",__NO_INFORMADO__,"linux, windows, macos",0,False
windows,,system script proxy execution,18/04/2018,medium/high,mitre,system script proxy execution,system script proxy execution,medium/high,2036,27fde961ef68428b8ace,0b570e216358d3795ffb,False,Code Execution & Injection,mitre_parent:system script proxy execution,alta,asignada,2018-04-18,fecha_fuente_no_verificada_como_incidente,tecnica_mitre,,windows,__NO_INFORMADO__,windows,3,False
"linux, windows, macos",,system binary proxy execution,18/04/2018,medium/high,mitre,system binary proxy execution,system binary proxy execution,medium/high,2013,2d556d8bcfc6ed0c82f2,38ad325406cfae6586d3,False,Code Execution & Injection,mitre_parent:system binary proxy execution,alta,asignada,2018-04-18,fecha_fuente_no_verificada_como_incidente,tecnica_mitre,,"linux, windows, macos",__NO_INFORMADO__,"linux, windows, macos",3,False
"esxi, linux, windows, macos",,exploitation of remote services,18/04/2018,medium/high,mitre,exploitation of remote services,exploitation of remote services,medium/high,1682,471905e57c45c6ae4c3b,c4a876220a4617282ef6,False,Code Execution & Injection,mitre_parent:exploitation of remote services,alta,asignada,2018-04-18,fecha_fuente_no_verificada_como_incidente,tecnica_mitre,,"esxi, linux, windows, macos",__NO_INFORMADO__,"esxi, linux, windows, macos",3,False
"linux, network devices, windows, macos",,traffic signaling,18/04/2018,medium/high,mitre,traffic signaling,traffic signaling,medium/high,2048,4e7d38d076433d2721c3,3676d5ab1a8f7cfad248,False,Reconnaissance & Attack Operations,mitre_parent:traffic signaling,alta,asignada,2018-04-18,fecha_fuente_no_verificada_como_incidente,tecnica_mitre,,"linux, network devices, windows, macos",__NO_INFORMADO__,"linux, network devices, windows, macos",3,False
"identity provider, linux, windows, macos",,exploitation for credential access,18/04/2018,medium/high,mitre,exploitation for credential access,exploitation for credential access,medium/high,1679,63a54b3179b8957d9b90,c570daa7a31358852b3a,False,"Identity, Access & Persistence",mitre_parent:exploitation for credential access,alta,asignada,2018-04-18,fecha_fuente_no_verificada_como_incidente,tecnica_mitre,,"identity provider, linux, windows, macos",__NO_INFORMADO__,"identity provider, linux, windows, macos",3,False
"containers, esxi, iaas, linux, network devices, windows, macos",,exploit public-facing application,18/04/2018,high,mitre,exploit public-facing application,exploit public-facing application,high,1677,7915cd326001c9ba4886,7d9ed5d801da4a1440f6,False,Code Execution & Injection,mitre_parent:exploit public-facing application,alta,asignada,2018-04-18,fecha_fuente_no_verificada_como_incidente,tecnica_mitre,,"containers, esxi, iaas, linux, network devices, windows, macos",__NO_INFORMADO__,"containers, esxi, iaas, linux, network devices, windows, macos",4,False
"iaas, linux, office suite, saas, windows, macos",,data from information repositories,18/04/2018,medium,mitre,data from information repositories,data from information repositories,medium,1587,802fceb98c57c77d623b,6d2b70564dea1409f14b,False,Data Collection & Exfiltration,mitre_parent:data from information repositories,alta,asignada,2018-04-18,fecha_fuente_no_verificada_como_incidente,tecnica_mitre,,"iaas, linux, office suite, saas, windows, macos",__NO_INFORMADO__,"iaas, linux, office suite, saas, windows, macos",2,False
windows,,rogue domain controller,18/04/2018,medium/high,mitre,rogue domain controller,rogue domain controller,medium/high,1946,8c4896d6071c52b67c98,7603c7a75589865cdd5f,False,"Identity, Access & Persistence",mitre_parent:rogue domain controller,alta,asignada,2018-04-18,fecha_fuente_no_verificada_como_incidente,tecnica_mitre,,windows,__NO_INFORMADO__,windows,3,False
"iaas, linux, saas, windows, macos",,exploitation for defense evasion,18/04/2018,medium/high,mitre,exploitation for defense evasion,exploitation for defense evasion,medium/high,1680,8ecc3b7b70a891c8d7c7,04e84f0eb7d62e1c2245,False,Reconnaissance & Attack Operations,mitre_parent:exploitation for defense evasion,alta,asignada,2018-04-18,fecha_fuente_no_verificada_como_incidente,tecnica_mitre,,"iaas, linux, saas, windows, macos",__NO_INFORMADO__,"iaas, linux, saas, windows, macos",3,False
"iaas, identity provider, linux, office suite, saas, windows, macos",,trusted relationship,18/04/2018,high,mitre,trusted relationship,trusted relationship,high,2056,8f6e9c90ca961e48ff2a,f2b429a3f911fb8893fe,False,"Identity, Access & Persistence",mitre_parent:trusted relationship,alta,asignada,2018-04-18,fecha_fuente_no_verificada_como_incidente,tecnica_mitre,,"iaas, identity provider, linux, office suite, saas, windows, macos",__NO_INFORMADO__,"iaas, identity provider, linux, office suite, saas, windows, macos",4,False
"linux, windows, macos",,hardware additions,18/04/2018,high,mitre,hardware additions,hardware additions,high,1717,94f63cad44304f16a1b9,2056b9e8b7c9adc1d143,False,"Identity, Access & Persistence",mitre_parent:hardware additions,alta,asignada,2018-04-18,fecha_fuente_no_verificada_como_incidente,tecnica_mitre,,"linux, windows, macos",__NO_INFORMADO__,"linux, windows, macos",4,False
"linux, windows, macos",,supply chain compromise,18/04/2018,high,mitre,supply chain compromise,supply chain compromise,high,2009,a5651259f20d889f519f,1690ed1822929ff62b30,False,"Identity, Access & Persistence",mitre_parent:supply chain compromise,alta,asignada,2018-04-18,fecha_fuente_no_verificada_como_incidente,tecnica_mitre,,"linux, windows, macos",__NO_INFORMADO__,"linux, windows, macos",4,False
"identity provider, linux, windows, macos",,drive-by compromise,18/04/2018,high,mitre,drive-by compromise,drive-by compromise,high,1616,a9c2e0f5023df8b87d67,0ab9d735a0dc90d57a74,False,Code Execution & Injection,mitre_parent:drive-by compromise,alta,asignada,2018-04-18,fecha_fuente_no_verificada_como_incidente,tecnica_mitre,,"identity provider, linux, windows, macos",__NO_INFORMADO__,"identity provider, linux, windows, macos",4,False
"containers, iaas, linux, windows, macos",,user execution,18/04/2018,high,mitre,user execution,user execution,high,2072,b8942022714c0fd3d130,e87b56f17f1c16738602,False,Code Execution & Injection,mitre_parent:user execution,alta,asignada,2018-04-18,fecha_fuente_no_verificada_como_incidente,tecnica_mitre,,"containers, iaas, linux, windows, macos",__NO_INFORMADO__,"containers, iaas, linux, windows, macos",4,False
"linux, windows, macos",,browser information discovery,18/04/2018,medium,mitre,browser information discovery,browser information discovery,medium,1502,c653a5cda0e9f3fe773d,c029be3a05b72011b9a6,False,Reconnaissance & Attack Operations,mitre_parent:browser information discovery,alta,asignada,2018-04-18,fecha_fuente_no_verificada_como_incidente,tecnica_mitre,,"linux, windows, macos",__NO_INFORMADO__,"linux, windows, macos",2,False
"iaas, identity provider, linux, network devices, office suite, saas, windows, macos",,password policy discovery,18/04/2018,medium,mitre,password policy discovery,password policy discovery,medium,1877,dc8564e3b869cf843a66,2db51ff2f0a43ea439a7,False,Reconnaissance & Attack Operations,mitre_parent:password policy discovery,alta,asignada,2018-04-18,fecha_fuente_no_verificada_como_incidente,tecnica_mitre,,"iaas, identity provider, linux, network devices, office suite, saas, windows, macos",__NO_INFORMADO__,"iaas, identity provider, linux, network devices, office suite, saas, windows, macos",2,False
windows,,xsl script processing,17/10/2018,medium/high,mitre,xsl script processing,xsl script processing,medium/high,2097,9662605f27097735acfa,4ea6d664f917c6a1a460,False,Code Execution & Injection,mitre_parent:xsl script processing,alta,asignada,2018-10-17,fecha_fuente_no_verificada_como_incidente,tecnica_mitre,,windows,__NO_INFORMADO__,windows,3,False
"esxi, linux, windows, macos",,file and directory permissions modification,17/10/2018,medium/high,mitre,file and directory permissions modification,file and directory permissions modification,medium/high,1686,ad70db4bd23a41072afd,b2add884842e0f83c34b,False,"Identity, Access & Persistence",mitre_parent:file and directory permissions modification,alta,asignada,2018-10-17,fecha_fuente_no_verificada_como_incidente,tecnica_mitre,,"esxi, linux, windows, macos",__NO_INFORMADO__,"esxi, linux, windows, macos",3,False
windows,,template injection,17/10/2018,medium/high,mitre,injection,other_injection,medium/high,2047,fb1cdb8792602eedbf1b,ca0a6ac0eeae285d68d1,False,Code Execution & Injection,mitre_parent:template injection,alta,asignada,2018-10-17,fecha_fuente_no_verificada_como_incidente,tecnica_mitre,,windows,__NO_INFORMADO__,windows,3,False
"esxi, linux, windows, macos",,execution guardrails,31/01/2019,medium/high,mitre,execution guardrails,execution guardrails,medium/high,1660,bb7de6a55d49d06dc39b,8b9fd7a7b51a40ddc0ea,False,Reconnaissance & Attack Operations,mitre_parent:execution guardrails,alta,asignada,2019-01-31,fecha_fuente_no_verificada_como_incidente,tecnica_mitre,,"esxi, linux, windows, macos",__NO_INFORMADO__,"esxi, linux, windows, macos",3,False
windows,,domain trust discovery,14/02/2019,medium,mitre,domain trust discovery,domain trust discovery,medium,1612,69765d5850538d2c0e16,bd505cdcbe373a17af06,False,Reconnaissance & Attack Operations,mitre_parent:domain trust discovery,alta,asignada,2019-02-14,fecha_fuente_no_verificada_como_incidente,tecnica_mitre,,windows,__NO_INFORMADO__,windows,2,False
"identity provider, windows",,domain or tenant policy modification,07/03/2019,medium/high,mitre,domain or tenant policy modification,domain or tenant policy modification,medium/high,1613,02e37f177c4e0998ed54,1e988b59b9ece5f0fae6,False,"Identity, Access & Persistence",mitre_parent:domain or tenant policy modification,alta,asignada,2019-03-07,fecha_fuente_no_verificada_como_incidente,tecnica_mitre,,"identity provider, windows",__NO_INFORMADO__,"identity provider, windows",3,False
"containers, esxi, iaas, linux, windows, macos",,data destruction,14/03/2019,critical,mitre,data destruction,data destruction,critical,1565,21735d7ea8e483e84a3f,1b68472f59355cf406ba,False,Impact & Availability,mitre_parent:data destruction,alta,asignada,2019-03-14,fecha_fuente_no_verificada_como_incidente,tecnica_mitre,,"containers, esxi, iaas, linux, windows, macos",__NO_INFORMADO__,"containers, esxi, iaas, linux, windows, macos",5,False
"esxi, iaas, linux, windows, macos",,data encrypted for impact,15/03/2019,critical,mitre,data encrypted for impact,data encrypted for impact,critical,1570,b125087f40c103d9ea2e,ed0c3080dfb9ae7c03db,False,Impact & Availability,mitre_parent:data encrypted for impact,alta,asignada,2019-03-15,fecha_fuente_no_verificada_como_incidente,tecnica_mitre,,"esxi, iaas, linux, windows, macos",__NO_INFORMADO__,"esxi, iaas, linux, windows, macos",5,False
"esxi, linux, windows, macos",,service stop,29/03/2019,critical,mitre,service stop,service stop,critical,1978,2a231893ca9acd077c5e,89208f73604057b002aa,False,Impact & Availability,mitre_parent:service stop,alta,asignada,2019-03-29,fecha_fuente_no_verificada_como_incidente,tecnica_mitre,,"esxi, linux, windows, macos",__NO_INFORMADO__,"esxi, linux, windows, macos",5,False
"containers, esxi, iaas, linux, network devices, windows, macos",,inhibit system recovery,02/04/2019,critical,mitre,inhibit system recovery,inhibit system recovery,critical,1774,b80b4d695e96f956f464,424287255bab09533b76,False,Impact & Availability,mitre_parent:inhibit system recovery,alta,asignada,2019-04-02,fecha_fuente_no_verificada_como_incidente,tecnica_mitre,,"containers, esxi, iaas, linux, network devices, windows, macos",__NO_INFORMADO__,"containers, esxi, iaas, linux, network devices, windows, macos",5,False
"esxi, iaas, linux, windows, macos",,defacement,08/04/2019,critical,mitre,defacement,defacement,critical,1597,1b88990ae8d500281307,b1c904749df75ba2ac1c,False,Impact & Availability,mitre_parent:defacement,alta,asignada,2019-04-08,fecha_fuente_no_verificada_como_incidente,tecnica_mitre,,"esxi, iaas, linux, windows, macos",__NO_INFORMADO__,"esxi, iaas, linux, windows, macos",5,False
"linux, network devices, windows, macos",,firmware corruption,12/04/2019,critical,mitre,firmware corruption,firmware corruption,critical,1690,af8d6724245768cf8f31,48c611ed0daff0a3211c,False,Impact & Availability,mitre_parent:firmware corruption,alta,asignada,2019-04-12,fecha_fuente_no_verificada_como_incidente,tecnica_mitre,,"linux, network devices, windows, macos",__NO_INFORMADO__,"linux, network devices, windows, macos",5,False
"containers, iaas, linux, windows, macos",,network denial of service,17/04/2019,critical,mitre,dos,denial_of_service,critical,1827,46fd3a2ed54f3b45fa35,c9c1438af09f9d39671c,False,Impact & Availability,mitre_parent:network denial of service,alta,asignada,2019-04-17,fecha_fuente_no_verificada_como_incidente,tecnica_mitre,,"containers, iaas, linux, windows, macos",__NO_INFORMADO__,"containers, iaas, linux, windows, macos",5,False
"containers, iaas, linux, saas, windows, macos",,resource hijacking,17/04/2019,critical,mitre,remote_code_execution,remote_code_execution,critical,1941,60e5736959ed4247a847,b56deb8dc5618460636e,False,Impact & Availability,mitre_parent:resource hijacking,alta,asignada,2019-04-17,fecha_fuente_no_verificada_como_incidente,tecnica_mitre,,"containers, iaas, linux, saas, windows, macos",__NO_INFORMADO__,"containers, iaas, linux, saas, windows, macos",5,False
"linux, windows, macos",,virtualization/sandbox evasion,17/04/2019,medium/high,mitre,virtualization/sandbox evasion,virtualization/sandbox evasion,medium/high,2084,6b93fbcd506f6e8a1bb1,d7ded4f456f40798439c,False,Reconnaissance & Attack Operations,mitre_parent:virtualization/sandbox evasion,alta,asignada,2019-04-17,fecha_fuente_no_verificada_como_incidente,tecnica_mitre,,"linux, windows, macos",__NO_INFORMADO__,"linux, windows, macos",3,False
"containers, iaas, linux, windows, macos",,endpoint denial of service,18/04/2019,critical,mitre,dos,denial_of_service,critical,1631,1dbc3ad10398ecbf32d0,6d4d953e90d30c612bbd,False,Impact & Availability,mitre_parent:endpoint denial of service,alta,asignada,2019-04-18,fecha_fuente_no_verificada_como_incidente,tecnica_mitre,,"containers, iaas, linux, windows, macos",__NO_INFORMADO__,"containers, iaas, linux, windows, macos",5,False
"esxi, linux, network devices, windows, macos",,server software component,28/06/2019,medium/high,mitre,server software component,server software component,medium/high,1970,d9f1601eaa88d791329c,3668e3cca01a52f8e73c,False,"Identity, Access & Persistence",mitre_parent:server software component,alta,asignada,2019-06-28,fecha_fuente_no_verificada_como_incidente,tecnica_mitre,,"esxi, linux, network devices, windows, macos",__NO_INFORMADO__,"esxi, linux, network devices, windows, macos",3,False
iaas,,modify cloud compute infrastructure,30/08/2019,medium/high,mitre,modify cloud compute infrastructure,modify cloud compute infrastructure,medium/high,1810,92206d7b3681d1ecd01d,3cd7d54ce9131b46a04c,False,"Identity, Access & Persistence",mitre_parent:modify cloud compute infrastructure,alta,asignada,2019-08-30,fecha_fuente_no_verificada_como_incidente,tecnica_mitre,,iaas,__NO_INFORMADO__,iaas,3,False
"iaas, office suite, saas",,transfer data to cloud account,30/08/2019,low,mitre,transfer data to cloud account,transfer data to cloud account,low,2051,92e0c49efc1ab400ff0b,fd7b127bd118ca8fc6c4,False,Data Collection & Exfiltration,mitre_parent:transfer data to cloud account,alta,asignada,2019-08-30,fecha_fuente_no_verificada_como_incidente,tecnica_mitre,,"iaas, office suite, saas",__NO_INFORMADO__,"iaas, office suite, saas",0,False
"iaas, identity provider, office suite, saas",,cloud service dashboard,30/08/2019,medium,mitre,cloud service dashboard,cloud service dashboard,medium,1514,b6f3269ef44c3b5408e9,b1bbc248e46402ea00b8,False,Reconnaissance & Attack Operations,mitre_parent:cloud service dashboard,alta,asignada,2019-08-30,fecha_fuente_no_verificada_como_incidente,tecnica_mitre,,"iaas, identity provider, office suite, saas",__NO_INFORMADO__,"iaas, identity provider, office suite, saas",2,False
"iaas, office suite, saas",,data from cloud storage,30/08/2019,medium,mitre,data from cloud storage,data from cloud storage,medium,1583,e796b986604b89dedfc9,13bd6c33fd8995d44137,False,Data Collection & Exfiltration,mitre_parent:data from cloud storage,alta,asignada,2019-08-30,fecha_fuente_no_verificada_como_incidente,tecnica_mitre,,"iaas, office suite, saas",__NO_INFORMADO__,"iaas, office suite, saas",2,False
"iaas, identity provider, office suite, saas",,cloud service discovery,30/08/2019,medium,mitre,cloud service discovery,cloud service discovery,medium,1515,ee1dd24d5c60a1998792,4194e856cfefad4b6b49,False,Reconnaissance & Attack Operations,mitre_parent:cloud service discovery,alta,asignada,2019-08-30,fecha_fuente_no_verificada_como_incidente,tecnica_mitre,,"iaas, identity provider, office suite, saas",__NO_INFORMADO__,"iaas, identity provider, office suite, saas",2,False
iaas,,unused/unsupported cloud regions,04/09/2019,medium/high,mitre,unused/unsupported cloud regions,unused/unsupported cloud regions,medium/high,2066,1ca0a8b6f44a3685b38b,995d3316652021ba8975,False,Reconnaissance & Attack Operations,mitre_parent:unused/unsupported cloud regions,alta,asignada,2019-09-04,fecha_fuente_no_verificada_como_incidente,tecnica_mitre,,iaas,__NO_INFORMADO__,iaas,3,False
"linux, office suite, saas, windows, macos",,internal spearphishing,04/09/2019,medium/high,mitre,phishing,phishing,medium/high,1785,b34f62e62816674f680b,5fccc5ee7240b5671459,False,"Identity, Access & Persistence",mitre_parent:internal spearphishing,alta,asignada,2019-09-04,fecha_fuente_no_verificada_como_incidente,tecnica_mitre,,"linux, office suite, saas, windows, macos",__NO_INFORMADO__,"linux, office suite, saas, windows, macos",3,False
"containers, iaas, identity provider, office suite, saas",,steal application access token,04/09/2019,medium/high,mitre,steal application access token,steal application access token,medium/high,1993,d46f60ec22f108b01fea,e761a4c8f7e4bece0c44,False,"Identity, Access & Persistence",mitre_parent:steal application access token,alta,asignada,2019-09-04,fecha_fuente_no_verificada_como_incidente,tecnica_mitre,,"containers, iaas, identity provider, office suite, saas",__NO_INFORMADO__,"containers, iaas, identity provider, office suite, saas",3,False
"containers, iaas",,implant internal image,04/09/2019,medium/high,mitre,implant internal image,implant internal image,medium/high,1760,f8f6011123f77f1a7d95,a3021d21bf42743c6f01,False,"Identity, Access & Persistence",mitre_parent:implant internal image,alta,asignada,2019-09-04,fecha_fuente_no_verificada_como_incidente,tecnica_mitre,,"containers, iaas",__NO_INFORMADO__,"containers, iaas",3,False
linux,,boot or logon autostart execution: xdg autostart entries,10/09/2019,medium/high,mitre,boot or logon autostart execution: xdg autostart entries,boot or logon autostart execution: xdg autostart entries,medium/high,1495,fa9c07d87c38ec52c0c3,b36e5f9e7bc70177a3c3,False,"Identity, Access & Persistence",mitre_parent:boot or logon autostart execution,alta,asignada,2019-09-10,fecha_fuente_no_verificada_como_incidente,tecnica_mitre,,linux,__NO_INFORMADO__,linux,3,False
"esxi, iaas, linux, windows, macos",,software discovery,16/09/2019,medium,mitre,software discovery,software discovery,medium,1981,c90720626b686a76726a,f9958db5a0ba054275ee,False,Reconnaissance & Attack Operations,mitre_parent:software discovery,alta,asignada,2019-09-16,fecha_fuente_no_verificada_como_incidente,tecnica_mitre,,"esxi, iaas, linux, windows, macos",__NO_INFORMADO__,"esxi, iaas, linux, windows, macos",2,False
"esxi, linux, network devices, windows, macos",,system shutdown/reboot,04/10/2019,critical,mitre,system shutdown/reboot,system shutdown/reboot,critical,2044,97bf7080d88775f8c84e,8989014ef3120edae311,False,Impact & Availability,mitre_parent:system shutdown/reboot,alta,asignada,2019-10-04,fecha_fuente_no_verificada_como_incidente,tecnica_mitre,,"esxi, linux, network devices, windows, macos",__NO_INFORMADO__,"esxi, linux, network devices, windows, macos",5,False
"linux, office suite, saas, windows, macos",,steal web session cookie,08/10/2019,medium/high,mitre,steal web session cookie,steal web session cookie,medium/high,1994,8b9ff4d24c538afcc7a7,0734ad4eee3a1f37f9cd,False,"Identity, Access & Persistence",mitre_parent:steal web session cookie,alta,asignada,2019-10-08,fecha_fuente_no_verificada_como_incidente,tecnica_mitre,,"linux, office suite, saas, windows, macos",__NO_INFORMADO__,"linux, office suite, saas, windows, macos",3,False
"esxi, iaas, linux, office suite, saas, windows, macos",,account access removal,09/10/2019,critical,mitre,account access removal,account access removal,critical,1432,910bb7cd6da82d12c600,1d57f3a125f37536a500,False,Impact & Availability,mitre_parent:account access removal,alta,asignada,2019-10-09,fecha_fuente_no_verificada_como_incidente,tecnica_mitre,,"esxi, iaas, linux, office suite, saas, windows, macos",__NO_INFORMADO__,"esxi, iaas, linux, office suite, saas, windows, macos",5,False
"office suite, windows",,office application startup: add-ins,07/11/2019,medium/high,mitre,office application startup: add-ins,office application startup: add-ins,medium/high,1871,1c5ce0c3de7d5b75e09a,e562402131ca2c366020,False,"Identity, Access & Persistence",mitre_parent:office application startup,alta,asignada,2019-11-07,fecha_fuente_no_verificada_como_incidente,tecnica_mitre,,"office suite, windows",__NO_INFORMADO__,"office suite, windows",3,False
"office suite, windows",,office application startup: office test,07/11/2019,medium/high,mitre,office application startup: office test,office application startup: office test,medium/high,1873,63b4a8fe2f9d5910e247,72656f0df271bacf4990,False,"Identity, Access & Persistence",mitre_parent:office application startup,alta,asignada,2019-11-07,fecha_fuente_no_verificada_como_incidente,tecnica_mitre,,"office suite, windows",__NO_INFORMADO__,"office suite, windows",3,False
"office suite, windows",,office application startup: outlook rules,07/11/2019,medium/high,mitre,office application startup: outlook rules,office application startup: outlook rules,medium/high,1876,74ca599f1323ceb84050,f224582bbc23145caa7a,False,"Identity, Access & Persistence",mitre_parent:office application startup,alta,asignada,2019-11-07,fecha_fuente_no_verificada_como_incidente,tecnica_mitre,,"office suite, windows",__NO_INFORMADO__,"office suite, windows",3,False
"office suite, windows",,office application startup: office template macros,07/11/2019,medium/high,mitre,office application startup: office template macros,office application startup: office template macros,medium/high,1872,86c1d19cb5c91530e6a4,0d429062b4af5f648f2b,False,"Identity, Access & Persistence",mitre_parent:office application startup,alta,asignada,2019-11-07,fecha_fuente_no_verificada_como_incidente,tecnica_mitre,,"office suite, windows",__NO_INFORMADO__,"office suite, windows",3,False
"office suite, windows",,office application startup: outlook home page,07/11/2019,medium/high,mitre,office application startup: outlook home page,office application startup: outlook home page,medium/high,1875,8cbff15e2a1bd82620e9,fec4c9dd1997f9bc26b7,False,"Identity, Access & Persistence",mitre_parent:office application startup,alta,asignada,2019-11-07,fecha_fuente_no_verificada_como_incidente,tecnica_mitre,,"office suite, windows",__NO_INFORMADO__,"office suite, windows",3,False
"office suite, windows",,office application startup: outlook forms,07/11/2019,medium/high,mitre,office application startup: outlook forms,office application startup: outlook forms,medium/high,1874,e9e01a3fd592b8000f49,f59090eb1a2a03af355b,False,"Identity, Access & Persistence",mitre_parent:office application startup,alta,asignada,2019-11-07,fecha_fuente_no_verificada_como_incidente,tecnica_mitre,,"office suite, windows",__NO_INFORMADO__,"office suite, windows",3,False
"linux, network devices, windows, macos",,pre-os boot,13/11/2019,medium/high,mitre,pre-os boot,pre-os boot,medium/high,1895,ad6762feefeb7ace56f2,17a6b37cbdf2d16a720d,False,"Identity, Access & Persistence",mitre_parent:pre-os boot,alta,asignada,2019-11-13,fecha_fuente_no_verificada_como_incidente,tecnica_mitre,,"linux, network devices, windows, macos",__NO_INFORMADO__,"linux, network devices, windows, macos",3,False
windows,,scheduled task/job: scheduled task,27/11/2019,high,mitre,scheduled task/job: scheduled task,scheduled task/job: scheduled task,high,1952,0d4703f2c7d42f5f14e8,ed3bde9dfa663b88c92d,False,"Identity, Access & Persistence",mitre_parent:scheduled task/job,alta,asignada,2019-11-27,fecha_fuente_no_verificada_como_incidente,tecnica_mitre,,windows,__NO_INFORMADO__,windows,4,False
"linux, windows, macos",,scheduled task/job: at,27/11/2019,high,mitre,scheduled task/job: at,scheduled task/job: at,high,1949,6f3f6c312fdde0fbfe42,744849b7df486ba4806a,False,"Identity, Access & Persistence",mitre_parent:scheduled task/job,alta,asignada,2019-11-27,fecha_fuente_no_verificada_como_incidente,tecnica_mitre,,"linux, windows, macos",__NO_INFORMADO__,"linux, windows, macos",4,False
"esxi, linux, macos",,scheduled task/job: cron,03/12/2019,high,mitre,scheduled task/job: cron,scheduled task/job: cron,high,1951,510f97000c8ba4bf60c9,ec03f5e232242546d12b,False,"Identity, Access & Persistence",mitre_parent:scheduled task/job,alta,asignada,2019-12-03,fecha_fuente_no_verificada_como_incidente,tecnica_mitre,,"esxi, linux, macos",__NO_INFORMADO__,"esxi, linux, macos",4,False
"linux, windows",,server software component: transport agent,12/12/2019,medium/high,mitre,server software component: transport agent,server software component: transport agent,medium/high,1974,0b8d52d4c137a0e26d00,37172b886eedd472db62,False,"Identity, Access & Persistence",mitre_parent:server software component,alta,asignada,2019-12-12,fecha_fuente_no_verificada_como_incidente,tecnica_mitre,,"linux, windows",__NO_INFORMADO__,"linux, windows",3,False
"linux, windows",,server software component: sql stored procedures,12/12/2019,medium/high,mitre,server software component: sql stored procedures,server software component: sql stored procedures,medium/high,1972,6855713e1d1f246af7ca,f98287e97a8133e4fdc7,False,"Identity, Access & Persistence",mitre_parent:server software component,alta,asignada,2019-12-12,fecha_fuente_no_verificada_como_incidente,tecnica_mitre,,"linux, windows",__NO_INFORMADO__,"linux, windows",3,False
"linux, network devices, windows, macos",,server software component: web shell,13/12/2019,medium/high,mitre,server software component: web shell,server software component: web shell,medium/high,1975,fb89c5b04ed829f9c2c2,43be561d96f73d519f92,False,"Identity, Access & Persistence",mitre_parent:server software component,alta,asignada,2019-12-13,fecha_fuente_no_verificada_como_incidente,tecnica_mitre,,"linux, network devices, windows, macos",__NO_INFORMADO__,"linux, network devices, windows, macos",3,False
"linux, windows",,pre-os boot: bootkit,19/12/2019,medium/high,mitre,pre-os boot: bootkit,pre-os boot: bootkit,medium/high,1896,5a9d60bf28a933b2d340,5beabf0435f0f73df640,False,"Identity, Access & Persistence",mitre_parent:pre-os boot,alta,asignada,2019-12-19,fecha_fuente_no_verificada_como_incidente,tecnica_mitre,,"linux, windows",__NO_INFORMADO__,"linux, windows",3,False
"network devices, windows",,pre-os boot: system firmware,19/12/2019,medium/high,mitre,pre-os boot: system firmware,pre-os boot: system firmware,medium/high,1899,d1b0b720dd5c7cc6d515,9c2a4468057b8b9cab09,False,"Identity, Access & Persistence",mitre_parent:pre-os boot,alta,asignada,2019-12-19,fecha_fuente_no_verificada_como_incidente,tecnica_mitre,,"network devices, windows",__NO_INFORMADO__,"network devices, windows",3,False
"linux, windows, macos",,pre-os boot: component firmware,19/12/2019,medium/high,mitre,pre-os boot: component firmware,pre-os boot: component firmware,medium/high,1897,ec87b4e79621e5b41812,fde45daa99538c16a316,False,"Identity, Access & Persistence",mitre_parent:pre-os boot,alta,asignada,2019-12-19,fecha_fuente_no_verificada_como_incidente,tecnica_mitre,,"linux, windows, macos",__NO_INFORMADO__,"linux, windows, macos",3,False
"containers, linux, windows, macos",,create or modify system process,10/01/2020,medium/high,mitre,create or modify system process,create or modify system process,medium/high,1552,4aea6650d29e6c428ae8,6a1810edeb3f200fd90b,False,"Identity, Access & Persistence",mitre_parent:create or modify system process,alta,asignada,2020-01-10,fecha_fuente_no_verificada_como_incidente,tecnica_mitre,,"containers, linux, windows, macos",__NO_INFORMADO__,"containers, linux, windows, macos",3,False
windows,,boot or logon initialization scripts: logon script (windows),10/01/2020,medium/high,mitre,boot or logon initialization scripts: logon script (windows),boot or logon initialization scripts: logon script (windows),medium/high,1498,e1da7bf788b7255185f2,e9daf4d9f590374bd620,False,"Identity, Access & Persistence",mitre_parent:boot or logon initialization scripts,alta,asignada,2020-01-10,fecha_fuente_no_verificada_como_incidente,tecnica_mitre,,windows,__NO_INFORMADO__,windows,3,False
windows,,boot or logon initialization scripts: network logon script,10/01/2020,medium/high,mitre,boot or logon initialization scripts: network logon script,boot or logon initialization scripts: network logon script,medium/high,1499,f5959c668e0f660e4010,805441828175d4c380dd,False,"Identity, Access & Persistence",mitre_parent:boot or logon initialization scripts,alta,asignada,2020-01-10,fecha_fuente_no_verificada_como_incidente,tecnica_mitre,,windows,__NO_INFORMADO__,windows,3,False
macos,,boot or logon initialization scripts: login hook,10/01/2020,medium/high,mitre,boot or logon initialization scripts: login hook,boot or logon initialization scripts: login hook,medium/high,1497,f84a3e95bad9f0a98ddb,5153965b3363f56e8ada,False,"Identity, Access & Persistence",mitre_parent:boot or logon initialization scripts,alta,asignada,2020-01-10,fecha_fuente_no_verificada_como_incidente,tecnica_mitre,,macos,__NO_INFORMADO__,macos,3,False
windows,,process injection: dynamic-link library injection,14/01/2020,medium/high,mitre,injection,other_injection,medium/high,1904,06e9a208397c484c7343,c4b2eaf9c8b911bb03c4,False,Code Execution & Injection,mitre_parent:process injection,alta,asignada,2020-01-14,fecha_fuente_no_verificada_como_incidente,tecnica_mitre,,windows,__NO_INFORMADO__,windows,3,False
windows,,process injection: portable executable injection,14/01/2020,medium/high,mitre,injection,other_injection,medium/high,1907,162b39702a3d2db86736,848ed3cf903a44462bf2,False,Code Execution & Injection,mitre_parent:process injection,alta,asignada,2020-01-14,fecha_fuente_no_verificada_como_incidente,tecnica_mitre,,windows,__NO_INFORMADO__,windows,3,False
linux,,process injection: proc memory,14/01/2020,medium/high,mitre,injection,other_injection,medium/high,1908,2d12591132fe747f1871,673e3396828f402c65a5,False,Code Execution & Injection,mitre_parent:process injection,alta,asignada,2020-01-14,fecha_fuente_no_verificada_como_incidente,tecnica_mitre,,linux,__NO_INFORMADO__,linux,3,False
windows,,process injection: process doppelganging,14/01/2020,medium/high,mitre,injection,other_injection,medium/high,1909,310a2b5e36a704f05bed,04036debc5cf94af9ce3,False,Code Execution & Injection,mitre_parent:process injection,alta,asignada,2020-01-14,fecha_fuente_no_verificada_como_incidente,tecnica_mitre,,windows,__NO_INFORMADO__,windows,3,False
linux,,process injection: ptrace system calls,14/01/2020,medium/high,mitre,injection,other_injection,medium/high,1911,3defbae5c1c631c72188,f639a12efb07bba24691,False,Code Execution & Injection,mitre_parent:process injection,alta,asignada,2020-01-14,fecha_fuente_no_verificada_como_incidente,tecnica_mitre,,linux,__NO_INFORMADO__,linux,3,False
windows,,process injection: process hollowing,14/01/2020,medium/high,mitre,injection,other_injection,medium/high,1910,7c818b452408145ca983,31145d4e2ed4edaf5eef,False,Code Execution & Injection,mitre_parent:process injection,alta,asignada,2020-01-14,fecha_fuente_no_verificada_como_incidente,tecnica_mitre,,windows,__NO_INFORMADO__,windows,3,False
windows,,process injection: extra window memory injection,14/01/2020,medium/high,mitre,injection,other_injection,medium/high,1905,8159b32672461180f989,99759566fdf97196fa9a,False,Code Execution & Injection,mitre_parent:process injection,alta,asignada,2020-01-14,fecha_fuente_no_verificada_como_incidente,tecnica_mitre,,windows,__NO_INFORMADO__,windows,3,False
windows,,process injection: thread execution hijacking,14/01/2020,medium/high,mitre,injection,other_injection,medium/high,1912,e2e223eeb35b233335a7,2e68451504df3ae313da,False,Code Execution & Injection,mitre_parent:process injection,alta,asignada,2020-01-14,fecha_fuente_no_verificada_como_incidente,tecnica_mitre,,windows,__NO_INFORMADO__,windows,3,False
windows,,process injection: asynchronous procedure call,14/01/2020,medium/high,mitre,injection,other_injection,medium/high,1903,efac9704fe821abfabc8,79f223024fa45cd5845c,False,Code Execution & Injection,mitre_parent:process injection,alta,asignada,2020-01-14,fecha_fuente_no_verificada_como_incidente,tecnica_mitre,,windows,__NO_INFORMADO__,windows,3,False
linux,,process injection: vdso hijacking,14/01/2020,medium/high,mitre,injection,other_injection,medium/high,1914,f5a31153aab732d21ffb,3ab4ac4e5b21853f3de1,False,Code Execution & Injection,mitre_parent:process injection,alta,asignada,2020-01-14,fecha_fuente_no_verificada_como_incidente,tecnica_mitre,,linux,__NO_INFORMADO__,linux,3,False
windows,,process injection: thread local storage,14/01/2020,medium/high,mitre,injection,other_injection,medium/high,1913,fadefe05b30022026ba0,d6f1acca7a11aaba9021,False,Code Execution & Injection,mitre_parent:process injection,alta,asignada,2020-01-14,fecha_fuente_no_verificada_como_incidente,tecnica_mitre,,windows,__NO_INFORMADO__,windows,3,False
"esxi, linux, network devices, macos",,boot or logon initialization scripts: rc scripts,15/01/2020,medium/high,mitre,boot or logon initialization scripts: rc scripts,boot or logon initialization scripts: rc scripts,medium/high,1500,89ad0bf23d9d688848f7,ed99bf0f8bd678dd89d6,False,"Identity, Access & Persistence",mitre_parent:boot or logon initialization scripts,alta,asignada,2020-01-15,fecha_fuente_no_verificada_como_incidente,tecnica_mitre,,"esxi, linux, network devices, macos",__NO_INFORMADO__,"esxi, linux, network devices, macos",3,False
macos,,boot or logon initialization scripts: startup items,15/01/2020,medium/high,mitre,boot or logon initialization scripts: startup items,boot or logon initialization scripts: startup items,medium/high,1501,e46648a0ec14562abaf9,f7575ee549d0de467f67,False,"Identity, Access & Persistence",mitre_parent:boot or logon initialization scripts,alta,asignada,2020-01-15,fecha_fuente_no_verificada_como_incidente,tecnica_mitre,,macos,__NO_INFORMADO__,macos,3,False
macos,,create or modify system process: launch agent,17/01/2020,medium/high,mitre,create or modify system process: launch agent,create or modify system process: launch agent,medium/high,1554,1f9a09f04dfda36677dc,a7348d6e0b53ce9b6e4a,False,"Identity, Access & Persistence",mitre_parent:create or modify system process,alta,asignada,2020-01-17,fecha_fuente_no_verificada_como_incidente,tecnica_mitre,,macos,__NO_INFORMADO__,macos,3,False
macos,,create or modify system process: launch daemon,17/01/2020,medium/high,mitre,create or modify system process: launch daemon,create or modify system process: launch daemon,medium/high,1555,2ebcd684d70d1b648356,7bd8e211d565b5256e6b,False,"Identity, Access & Persistence",mitre_parent:create or modify system process,alta,asignada,2020-01-17,fecha_fuente_no_verificada_como_incidente,tecnica_mitre,,macos,__NO_INFORMADO__,macos,3,False
linux,,create or modify system process: systemd service,17/01/2020,medium/high,mitre,create or modify system process: systemd service,create or modify system process: systemd service,medium/high,1556,2fcb3963b1e9a85ef3ec,b88337bfda3010c3e048,False,"Identity, Access & Persistence",mitre_parent:create or modify system process,alta,asignada,2020-01-17,fecha_fuente_no_verificada_como_incidente,tecnica_mitre,,linux,__NO_INFORMADO__,linux,3,False
windows,,create or modify system process: windows service,17/01/2020,medium/high,mitre,create or modify system process: windows service,create or modify system process: windows service,medium/high,1557,eabc0dade670df74b872,371d011f37c3d03b38ef,False,"Identity, Access & Persistence",mitre_parent:create or modify system process,alta,asignada,2020-01-17,fecha_fuente_no_verificada_como_incidente,tecnica_mitre,,windows,__NO_INFORMADO__,windows,3,False
"iaas, identity provider, office suite, saas",,account manipulation: additional cloud roles,19/01/2020,medium/high,mitre,account manipulation: additional cloud roles,account manipulation: additional cloud roles,medium/high,1440,c1939af1296af2ca3b42,59b29a1b761db2298370,False,"Identity, Access & Persistence",mitre_parent:account manipulation,alta,asignada,2020-01-19,fecha_fuente_no_verificada_como_incidente,tecnica_mitre,,"iaas, identity provider, office suite, saas",__NO_INFORMADO__,"iaas, identity provider, office suite, saas",3,False
"office suite, windows",,account manipulation: additional email delegate permissions,19/01/2020,medium/high,mitre,account manipulation: additional email delegate permissions,account manipulation: additional email delegate permissions,medium/high,1442,d73170aae474ca3b24fc,39e982100f0e31b41531,False,"Identity, Access & Persistence",mitre_parent:account manipulation,alta,asignada,2020-01-19,fecha_fuente_no_verificada_como_incidente,tecnica_mitre,,"office suite, windows",__NO_INFORMADO__,"office suite, windows",3,False
"iaas, identity provider, saas",,account manipulation: additional cloud credentials,19/01/2020,medium/high,mitre,account manipulation: additional cloud credentials,account manipulation: additional cloud credentials,medium/high,1439,ee0aa2138198ebbdea3b,8b304da6f5e69d97440b,False,"Identity, Access & Persistence",mitre_parent:account manipulation,alta,asignada,2020-01-19,fecha_fuente_no_verificada_como_incidente,tecnica_mitre,,"iaas, identity provider, saas",__NO_INFORMADO__,"iaas, identity provider, saas",3,False
"iaas, linux, office suite, saas, windows, macos",,event triggered execution,22/01/2020,medium/high,mitre,event triggered execution,event triggered execution,medium/high,1641,df35b32d3165b6f3bc06,14748ec001d5d22fa9ad,False,"Identity, Access & Persistence",mitre_parent:event triggered execution,alta,asignada,2020-01-22,fecha_fuente_no_verificada_como_incidente,tecnica_mitre,,"iaas, linux, office suite, saas, windows, macos",__NO_INFORMADO__,"iaas, linux, office suite, saas, windows, macos",3,False
windows,,system binary proxy execution: compiled html file,23/01/2020,medium/high,mitre,system binary proxy execution: compiled html file,system binary proxy execution: compiled html file,medium/high,2015,02efb2b0a075801ab6b9,2db88b6f70d15a3c46db,False,Code Execution & Injection,mitre_parent:system binary proxy execution,alta,asignada,2020-01-23,fecha_fuente_no_verificada_como_incidente,tecnica_mitre,,windows,__NO_INFORMADO__,windows,3,False
"linux, network devices, windows, macos",,boot or logon autostart execution,23/01/2020,medium/high,mitre,boot or logon autostart execution,boot or logon autostart execution,medium/high,1481,0bd92d3eb40c24aac265,69ca1b8e5067c74df85d,False,"Identity, Access & Persistence",mitre_parent:boot or logon autostart execution,alta,asignada,2020-01-23,fecha_fuente_no_verificada_como_incidente,tecnica_mitre,,"linux, network devices, windows, macos",__NO_INFORMADO__,"linux, network devices, windows, macos",3,False
windows,,system binary proxy execution: control panel,23/01/2020,medium/high,mitre,system binary proxy execution: control panel,system binary proxy execution: control panel,medium/high,2016,3eea2b07bda1bdc37d93,09b8196844903fbf47cc,False,Code Execution & Injection,mitre_parent:system binary proxy execution,alta,asignada,2020-01-23,fecha_fuente_no_verificada_como_incidente,tecnica_mitre,,windows,__NO_INFORMADO__,windows,3,False
windows,,system binary proxy execution: regsvcs/regasm,23/01/2020,medium/high,mitre,system binary proxy execution: regsvcs/regasm,system binary proxy execution: regsvcs/regasm,medium/high,2024,543adc248a0d73637743,4528c186fe4d1e909719,False,Code Execution & Injection,mitre_parent:system binary proxy execution,alta,asignada,2020-01-23,fecha_fuente_no_verificada_como_incidente,tecnica_mitre,,windows,__NO_INFORMADO__,windows,3,False
windows,,system binary proxy execution: installutil,23/01/2020,medium/high,mitre,system binary proxy execution: installutil,system binary proxy execution: installutil,medium/high,2018,6df58466ad3b3571a254,5cc2de4b5e88c41806ac,False,Code Execution & Injection,mitre_parent:system binary proxy execution,alta,asignada,2020-01-23,fecha_fuente_no_verificada_como_incidente,tecnica_mitre,,windows,__NO_INFORMADO__,windows,3,False
windows,,system binary proxy execution: rundll32,23/01/2020,medium/high,mitre,system binary proxy execution: rundll32,system binary proxy execution: rundll32,medium/high,2026,9dff24820f32ad9635a1,3a6fdbdc571ec728451c,False,Code Execution & Injection,mitre_parent:system binary proxy execution,alta,asignada,2020-01-23,fecha_fuente_no_verificada_como_incidente,tecnica_mitre,,windows,__NO_INFORMADO__,windows,3,False
windows,,system binary proxy execution: mshta,23/01/2020,medium/high,mitre,system binary proxy execution: mshta,system binary proxy execution: mshta,medium/high,2021,acdc6075c968064c778e,030f88e5213c6c96614e,False,Code Execution & Injection,mitre_parent:system binary proxy execution,alta,asignada,2020-01-23,fecha_fuente_no_verificada_como_incidente,tecnica_mitre,,windows,__NO_INFORMADO__,windows,3,False
windows,,system binary proxy execution: cmstp,23/01/2020,medium/high,mitre,system binary proxy execution: cmstp,system binary proxy execution: cmstp,medium/high,2014,bfd61c32ff6963a2cb42,732be34615ff4605aa23,False,Code Execution & Injection,mitre_parent:system binary proxy execution,alta,asignada,2020-01-23,fecha_fuente_no_verificada_como_incidente,tecnica_mitre,,windows,__NO_INFORMADO__,windows,3,False
windows,,system binary proxy execution: regsvr32,23/01/2020,medium/high,mitre,system binary proxy execution: regsvr32,system binary proxy execution: regsvr32,medium/high,2025,c37db86dd5b138e8804e,9fa7bb9d5b3fd351485b,False,Code Execution & Injection,mitre_parent:system binary proxy execution,alta,asignada,2020-01-23,fecha_fuente_no_verificada_como_incidente,tecnica_mitre,,windows,__NO_INFORMADO__,windows,3,False
windows,,boot or logon autostart execution: registry run keys / startup folder,23/01/2020,medium/high,mitre,boot or logon autostart execution: registry run keys / startup folder,boot or logon autostart execution: registry run keys / startup folder,medium/high,1490,dd6589ba4d2fbe8216fb,b387c030e735763c8617,False,"Identity, Access & Persistence",mitre_parent:boot or logon autostart execution,alta,asignada,2020-01-23,fecha_fuente_no_verificada_como_incidente,tecnica_mitre,,windows,__NO_INFORMADO__,windows,3,False
windows,,event triggered execution: change default file association,24/01/2020,medium/high,mitre,event triggered execution: change default file association,event triggered execution: change default file association,medium/high,1646,11c56817b79c5fc91c85,d58b87cd4ffea8308dca,False,"Identity, Access & Persistence",mitre_parent:event triggered execution,alta,asignada,2020-01-24,fecha_fuente_no_verificada_como_incidente,tecnica_mitre,,windows,__NO_INFORMADO__,windows,3,False
windows,,boot or logon autostart execution: security support provider,24/01/2020,medium/high,mitre,boot or logon autostart execution: security support provider,boot or logon autostart execution: security support provider,medium/high,1491,140034eda317830bc03a,32bf27aa97af197401d6,False,"Identity, Access & Persistence",mitre_parent:boot or logon autostart execution,alta,asignada,2020-01-24,fecha_fuente_no_verificada_como_incidente,tecnica_mitre,,windows,__NO_INFORMADO__,windows,3,False
windows,,event triggered execution: application shimming,24/01/2020,medium/high,mitre,event triggered execution: application shimming,event triggered execution: application shimming,medium/high,1645,22d8d015a967548825fd,4069a0783d28cb3e1a3c,False,"Identity, Access & Persistence",mitre_parent:event triggered execution,alta,asignada,2020-01-24,fecha_fuente_no_verificada_como_incidente,tecnica_mitre,,windows,__NO_INFORMADO__,windows,3,False
windows,,event triggered execution: screensaver,24/01/2020,medium/high,mitre,event triggered execution: screensaver,event triggered execution: screensaver,medium/high,1654,2cf49b626ed2603ce662,9bec2b17bf6323c11f01,False,"Identity, Access & Persistence",mitre_parent:event triggered execution,alta,asignada,2020-01-24,fecha_fuente_no_verificada_como_incidente,tecnica_mitre,,windows,__NO_INFORMADO__,windows,3,False
windows,,system binary proxy execution: odbcconf,24/01/2020,medium/high,mitre,system binary proxy execution: odbcconf,system binary proxy execution: odbcconf,medium/high,2023,2fde8284a49fbeea9239,7d8dadf93b69d064fb6f,False,Code Execution & Injection,mitre_parent:system binary proxy execution,alta,asignada,2020-01-24,fecha_fuente_no_verificada_como_incidente,tecnica_mitre,,windows,__NO_INFORMADO__,windows,3,False
macos,,event triggered execution: emond,24/01/2020,medium/high,mitre,event triggered execution: emond,event triggered execution: emond,medium/high,1648,4922bb875cba7a97b0d2,9852321c5b8b48f1426d,False,"Identity, Access & Persistence",mitre_parent:event triggered execution,alta,asignada,2020-01-24,fecha_fuente_no_verificada_como_incidente,tecnica_mitre,,macos,__NO_INFORMADO__,macos,3,False
"linux, macos",,boot or logon autostart execution: kernel modules and extensions,24/01/2020,medium/high,mitre,boot or logon autostart execution: kernel modules and extensions,boot or logon autostart execution: kernel modules and extensions,medium/high,1484,4d41c9643eb72a95fa2a,6b8d8e930ec34fc1f87d,False,"Identity, Access & Persistence",mitre_parent:boot or logon autostart execution,alta,asignada,2020-01-24,fecha_fuente_no_verificada_como_incidente,tecnica_mitre,,"linux, macos",__NO_INFORMADO__,"linux, macos",3,False
windows,,event triggered execution: powershell profile,24/01/2020,medium/high,mitre,event triggered execution: powershell profile,event triggered execution: powershell profile,medium/high,1653,56be09eca1054fd96264,628e6c6cb2c4d17e22a4,False,"Identity, Access & Persistence",mitre_parent:event triggered execution,alta,asignada,2020-01-24,fecha_fuente_no_verificada_como_incidente,tecnica_mitre,,windows,__NO_INFORMADO__,windows,3,False
windows,,event triggered execution: netsh helper dll,24/01/2020,medium/high,mitre,event triggered execution: netsh helper dll,event triggered execution: netsh helper dll,medium/high,1652,730881042fb74adbcfcd,db6d290e5862abf417a1,False,"Identity, Access & Persistence",mitre_parent:event triggered execution,alta,asignada,2020-01-24,fecha_fuente_no_verificada_como_incidente,tecnica_mitre,,windows,__NO_INFORMADO__,windows,3,False
windows,,boot or logon autostart execution: time providers,24/01/2020,medium/high,mitre,boot or logon autostart execution: time providers,boot or logon autostart execution: time providers,medium/high,1493,906014b1ff64b19a8543,923acde9519c320f574c,False,"Identity, Access & Persistence",mitre_parent:boot or logon autostart execution,alta,asignada,2020-01-24,fecha_fuente_no_verificada_como_incidente,tecnica_mitre,,windows,__NO_INFORMADO__,windows,3,False
windows,,boot or logon autostart execution: port monitors,24/01/2020,medium/high,mitre,boot or logon autostart execution: port monitors,boot or logon autostart execution: port monitors,medium/high,1487,a02c9e6cdcd09156f7b6,075a162e54aa1eda32ce,False,"Identity, Access & Persistence",mitre_parent:boot or logon autostart execution,alta,asignada,2020-01-24,fecha_fuente_no_verificada_como_incidente,tecnica_mitre,,windows,__NO_INFORMADO__,windows,3,False
windows,,event triggered execution: appinit dlls,24/01/2020,medium/high,mitre,event triggered execution: appinit dlls,event triggered execution: appinit dlls,medium/high,1644,a14726f3ad91bf834dcd,bbd9be2b2155edede727,False,"Identity, Access & Persistence",mitre_parent:event triggered execution,alta,asignada,2020-01-24,fecha_fuente_no_verificada_como_incidente,tecnica_mitre,,windows,__NO_INFORMADO__,windows,3,False
windows,,boot or logon autostart execution: authentication package,24/01/2020,medium/high,mitre,boot or logon autostart execution: authentication package,boot or logon autostart execution: authentication package,medium/high,1483,a5a3f9837a81307d6fbf,9a827b68b6bafeb6bde6,False,"Identity, Access & Persistence",mitre_parent:boot or logon autostart execution,alta,asignada,2020-01-24,fecha_fuente_no_verificada_como_incidente,tecnica_mitre,,windows,__NO_INFORMADO__,windows,3,False
windows,,event triggered execution: accessibility features,24/01/2020,medium/high,mitre,event triggered execution: accessibility features,event triggered execution: accessibility features,medium/high,1642,a79d384c51d92d0149be,4e7149f223855a6bf85a,False,"Identity, Access & Persistence",mitre_parent:event triggered execution,alta,asignada,2020-01-24,fecha_fuente_no_verificada_como_incidente,tecnica_mitre,,windows,__NO_INFORMADO__,windows,3,False
macos,,boot or logon autostart execution: re-opened applications,24/01/2020,medium/high,mitre,boot or logon autostart execution: re-opened applications,boot or logon autostart execution: re-opened applications,medium/high,1489,b81fbfdef612007abbca,1dc25f838d2c610fe5cc,False,"Identity, Access & Persistence",mitre_parent:boot or logon autostart execution,alta,asignada,2020-01-24,fecha_fuente_no_verificada_como_incidente,tecnica_mitre,,macos,__NO_INFORMADO__,macos,3,False
"linux, macos",,event triggered execution: unix shell configuration modification,24/01/2020,medium/high,mitre,event triggered execution: unix shell configuration modification,event triggered execution: unix shell configuration modification,medium/high,1657,c5e15c9a405c21c2de5d,4d389f3443abd5b150e9,False,"Identity, Access & Persistence",mitre_parent:event triggered execution,alta,asignada,2020-01-24,fecha_fuente_no_verificada_como_incidente,tecnica_mitre,,"linux, macos",__NO_INFORMADO__,"linux, macos",3,False
windows,,event triggered execution: image file execution options injection,24/01/2020,medium/high,mitre,injection,other_injection,medium/high,1649,ca96a70cc3ab8efcafb3,f1632cf599ad1a52620c,False,"Identity, Access & Persistence",mitre_parent:event triggered execution,alta,asignada,2020-01-24,fecha_fuente_no_verificada_como_incidente,tecnica_mitre,,windows,__NO_INFORMADO__,windows,3,False
windows,,boot or logon autostart execution: winlogon helper dll,24/01/2020,medium/high,mitre,boot or logon autostart execution: winlogon helper dll,boot or logon autostart execution: winlogon helper dll,medium/high,1494,cfe11ac881a6062b3d69,3c99b359da6c3d8553c5,False,"Identity, Access & Persistence",mitre_parent:boot or logon autostart execution,alta,asignada,2020-01-24,fecha_fuente_no_verificada_como_incidente,tecnica_mitre,,windows,__NO_INFORMADO__,windows,3,False
windows,,event triggered execution: windows management instrumentation event subscription,24/01/2020,medium/high,mitre,event triggered execution: windows management instrumentation event subscription,event triggered execution: windows management instrumentation event subscription,medium/high,1658,d03bd37a369c2c9e01ae,8f999331a9fe333b7f45,False,"Identity, Access & Persistence",mitre_parent:event triggered execution,alta,asignada,2020-01-24,fecha_fuente_no_verificada_como_incidente,tecnica_mitre,,windows,__NO_INFORMADO__,windows,3,False
windows,,system binary proxy execution: msiexec,24/01/2020,medium/high,mitre,system binary proxy execution: msiexec,system binary proxy execution: msiexec,medium/high,2022,d1a8ba4ad9649bcdf495,b0271e12c7cefe9ead89,False,Code Execution & Injection,mitre_parent:system binary proxy execution,alta,asignada,2020-01-24,fecha_fuente_no_verificada_como_incidente,tecnica_mitre,,windows,__NO_INFORMADO__,windows,3,False
"linux, macos",,event triggered execution: trap,24/01/2020,medium/high,mitre,event triggered execution: trap,event triggered execution: trap,medium/high,1655,e0d048c4ef2c28bf8d74,7d3da518bf275f705ce0,False,"Identity, Access & Persistence",mitre_parent:event triggered execution,alta,asignada,2020-01-24,fecha_fuente_no_verificada_como_incidente,tecnica_mitre,,"linux, macos",__NO_INFORMADO__,"linux, macos",3,False
macos,,event triggered execution: lc_load_dylib addition,24/01/2020,medium/high,mitre,event triggered execution: lc_load_dylib addition,event triggered execution: lc_load_dylib addition,medium/high,1651,e4020ac2957e8dc0ea50,f0831da58d89832ed19a,False,"Identity, Access & Persistence",mitre_parent:event triggered execution,alta,asignada,2020-01-24,fecha_fuente_no_verificada_como_incidente,tecnica_mitre,,macos,__NO_INFORMADO__,macos,3,False
windows,,boot or logon autostart execution: lsass driver,24/01/2020,medium/high,mitre,boot or logon autostart execution: lsass driver,boot or logon autostart execution: lsass driver,medium/high,1485,e49fa3dccbaa0d867a8b,bbb551e6b82cf69d39e5,False,"Identity, Access & Persistence",mitre_parent:boot or logon autostart execution,alta,asignada,2020-01-24,fecha_fuente_no_verificada_como_incidente,tecnica_mitre,,windows,__NO_INFORMADO__,windows,3,False
windows,,event triggered execution: appcert dlls,24/01/2020,medium/high,mitre,event triggered execution: appcert dlls,event triggered execution: appcert dlls,medium/high,1643,eafde0e594cb0d86fe75,c2ffa84d6d72b67927eb,False,"Identity, Access & Persistence",mitre_parent:event triggered execution,alta,asignada,2020-01-24,fecha_fuente_no_verificada_como_incidente,tecnica_mitre,,windows,__NO_INFORMADO__,windows,3,False
windows,,boot or logon autostart execution: shortcut modification,24/01/2020,medium/high,mitre,boot or logon autostart execution: shortcut modification,boot or logon autostart execution: shortcut modification,medium/high,1492,fe050a41ac3dd4ccade2,d4d5476b2d02c5f06e40,False,"Identity, Access & Persistence",mitre_parent:boot or logon autostart execution,alta,asignada,2020-01-24,fecha_fuente_no_verificada_como_incidente,tecnica_mitre,,windows,__NO_INFORMADO__,windows,3,False
"linux, macos",,indicator removal: clear linux or mac system logs,28/01/2020,medium/high,mitre,indicator removal: clear linux or mac system logs,indicator removal: clear linux or mac system logs,medium/high,1763,168f03be50c742d34389,fe0db5580663a5ee7c8b,False,Reconnaissance & Attack Operations,mitre_parent:indicator removal,alta,asignada,2020-01-28,fecha_fuente_no_verificada_como_incidente,tecnica_mitre,,"linux, macos",__NO_INFORMADO__,"linux, macos",3,False
"linux, windows, macos",,create account: domain account,28/01/2020,medium/high,mitre,create account: domain account,create account: domain account,medium/high,1550,237baae7ee14741a69c9,7309a513b2586a46d381,False,"Identity, Access & Persistence",mitre_parent:create account,alta,asignada,2020-01-28,fecha_fuente_no_verificada_como_incidente,tecnica_mitre,,"linux, windows, macos",__NO_INFORMADO__,"linux, windows, macos",3,False
windows,,indicator removal: clear windows event logs,28/01/2020,medium/high,mitre,indicator removal: clear windows event logs,indicator removal: clear windows event logs,medium/high,1767,c384245aaca1d3a8b9d5,2821948f964681df71ad,False,Reconnaissance & Attack Operations,mitre_parent:indicator removal,alta,asignada,2020-01-28,fecha_fuente_no_verificada_como_incidente,tecnica_mitre,,windows,__NO_INFORMADO__,windows,3,False
"containers, esxi, linux, network devices, windows, macos",,create account: local account,28/01/2020,medium/high,mitre,create account: local account,create account: local account,medium/high,1551,ecc19428147c46eb83f8,05a4d9529bc31b8595ec,False,"Identity, Access & Persistence",mitre_parent:create account,alta,asignada,2020-01-28,fecha_fuente_no_verificada_como_incidente,tecnica_mitre,,"containers, esxi, linux, network devices, windows, macos",__NO_INFORMADO__,"containers, esxi, linux, network devices, windows, macos",3,False
"iaas, identity provider, office suite, saas",,create account: cloud account,29/01/2020,medium/high,mitre,create account: cloud account,create account: cloud account,medium/high,1549,cfd617f4fa7e8b180634,5963de3bf3cedb29bb94,False,"Identity, Access & Persistence",mitre_parent:create account,alta,asignada,2020-01-29,fecha_fuente_no_verificada_como_incidente,tecnica_mitre,,"iaas, identity provider, office suite, saas",__NO_INFORMADO__,"iaas, identity provider, office suite, saas",3,False
"iaas, identity provider, linux, office suite, windows, macos",,abuse elevation control mechanism,30/01/2020,medium/high,mitre,abuse elevation control mechanism,abuse elevation control mechanism,medium/high,1419,2fc68c265740254b4c31,9fd75ee5146800626c06,False,"Identity, Access & Persistence",mitre_parent:abuse elevation control mechanism,alta,asignada,2020-01-30,fecha_fuente_no_verificada_como_incidente,tecnica_mitre,,"iaas, identity provider, linux, office suite, windows, macos",__NO_INFORMADO__,"iaas, identity provider, linux, office suite, windows, macos",3,False
"containers, iaas, identity provider, office suite, saas",,use alternate authentication material: application access token,30/01/2020,medium/high,mitre,use alternate authentication material: application access token,use alternate authentication material: application access token,medium/high,2068,4d41779310c12fc0fd83,d18c46ef36026c74cb06,False,"Identity, Access & Persistence",mitre_parent:use alternate authentication material,alta,asignada,2020-01-30,fecha_fuente_no_verificada_como_incidente,tecnica_mitre,,"containers, iaas, identity provider, office suite, saas",__NO_INFORMADO__,"containers, iaas, identity provider, office suite, saas",3,False
"linux, macos",,abuse elevation control mechanism: setuid and setgid,30/01/2020,medium/high,mitre,abuse elevation control mechanism: setuid and setgid,abuse elevation control mechanism: setuid and setgid,medium/high,1422,968595552bc0a4a9424a,2daab4f538c94062b6fe,False,"Identity, Access & Persistence",mitre_parent:abuse elevation control mechanism,alta,asignada,2020-01-30,fecha_fuente_no_verificada_como_incidente,tecnica_mitre,,"linux, macos",__NO_INFORMADO__,"linux, macos",3,False
windows,,abuse elevation control mechanism: bypass user account control,30/01/2020,medium/high,mitre,abuse elevation control mechanism: bypass user account control,abuse elevation control mechanism: bypass user account control,medium/high,1420,baf37b48529cae772d25,d15e2d842c95c36cf3a8,False,"Identity, Access & Persistence",mitre_parent:abuse elevation control mechanism,alta,asignada,2020-01-30,fecha_fuente_no_verificada_como_incidente,tecnica_mitre,,windows,__NO_INFORMADO__,windows,3,False
"linux, macos",,abuse elevation control mechanism: sudo and sudo caching,30/01/2020,medium/high,mitre,abuse elevation control mechanism: sudo and sudo caching,abuse elevation control mechanism: sudo and sudo caching,medium/high,1423,e4f1dd89e5c7320e0c79,3056ec19eafd2df09634,False,"Identity, Access & Persistence",mitre_parent:abuse elevation control mechanism,alta,asignada,2020-01-30,fecha_fuente_no_verificada_como_incidente,tecnica_mitre,,"linux, macos",__NO_INFORMADO__,"linux, macos",3,False
macos,,abuse elevation control mechanism: elevated execution with prompt,30/01/2020,medium/high,mitre,abuse elevation control mechanism: elevated execution with prompt,abuse elevation control mechanism: elevated execution with prompt,medium/high,1421,ea369e5a436fff48347a,00a5ae92ab16490033f8,False,"Identity, Access & Persistence",mitre_parent:abuse elevation control mechanism,alta,asignada,2020-01-30,fecha_fuente_no_verificada_como_incidente,tecnica_mitre,,macos,__NO_INFORMADO__,macos,3,False
windows,,use alternate authentication material: pass the ticket,30/01/2020,medium/high,mitre,use alternate authentication material: pass the ticket,use alternate authentication material: pass the ticket,medium/high,2070,f66d6228db49d55aefd9,8899488ed3ebf1fce641,False,"Identity, Access & Persistence",mitre_parent:use alternate authentication material,alta,asignada,2020-01-30,fecha_fuente_no_verificada_como_incidente,tecnica_mitre,,windows,__NO_INFORMADO__,windows,3,False
"containers, iaas, identity provider, linux, office suite, saas, windows",,use alternate authentication material,30/01/2020,medium/high,mitre,use alternate authentication material,use alternate authentication material,medium/high,2067,fa58995e7f43448a0d97,2e355e67d4557e705d86,False,"Identity, Access & Persistence",mitre_parent:use alternate authentication material,alta,asignada,2020-01-30,fecha_fuente_no_verificada_como_incidente,tecnica_mitre,,"containers, iaas, identity provider, linux, office suite, saas, windows",__NO_INFORMADO__,"containers, iaas, identity provider, linux, office suite, saas, windows",3,False
"iaas, office suite, saas",,use alternate authentication material: web session cookie,30/01/2020,medium/high,mitre,use alternate authentication material: web session cookie,use alternate authentication material: web session cookie,medium/high,2071,facc8244adf5ac743fa5,0107ff438a16e906c613,False,"Identity, Access & Persistence",mitre_parent:use alternate authentication material,alta,asignada,2020-01-30,fecha_fuente_no_verificada_como_incidente,tecnica_mitre,,"iaas, office suite, saas",__NO_INFORMADO__,"iaas, office suite, saas",3,False
windows,,use alternate authentication material: pass the hash,30/01/2020,medium/high,mitre,use alternate authentication material: pass the hash,use alternate authentication material: pass the hash,medium/high,2069,ffa46b6cd30cb349e026,f9734e275139acb736a2,False,"Identity, Access & Persistence",mitre_parent:use alternate authentication material,alta,asignada,2020-01-30,fecha_fuente_no_verificada_como_incidente,tecnica_mitre,,windows,__NO_INFORMADO__,windows,3,False
windows,,indicator removal: network share connection removal,31/01/2020,medium/high,mitre,indicator removal: network share connection removal,indicator removal: network share connection removal,medium/high,1769,487f3153faf9a0f8fb5e,b3e5f2c3c7950372df6e,False,Reconnaissance & Attack Operations,mitre_parent:indicator removal,alta,asignada,2020-01-31,fecha_fuente_no_verificada_como_incidente,tecnica_mitre,,windows,__NO_INFORMADO__,windows,3,False
"esxi, linux, network devices, windows, macos",,indicator removal: clear command history,31/01/2020,medium/high,mitre,indicator removal: clear command history,indicator removal: clear command history,medium/high,1762,981d90e227e5354e53a0,ace5481b29c467bd810b,False,Reconnaissance & Attack Operations,mitre_parent:indicator removal,alta,asignada,2020-01-31,fecha_fuente_no_verificada_como_incidente,tecnica_mitre,,"esxi, linux, network devices, windows, macos",__NO_INFORMADO__,"esxi, linux, network devices, windows, macos",3,False
"esxi, linux, windows, macos",,indicator removal: timestomp,31/01/2020,medium/high,mitre,indicator removal: timestomp,indicator removal: timestomp,medium/high,1771,ad3c60d83f34c0d2c246,0eefa8a3ff66aaa712e9,False,Reconnaissance & Attack Operations,mitre_parent:indicator removal,alta,asignada,2020-01-31,fecha_fuente_no_verificada_como_incidente,tecnica_mitre,,"esxi, linux, windows, macos",__NO_INFORMADO__,"esxi, linux, windows, macos",3,False
"esxi, linux, windows, macos",,indicator removal: file deletion,31/01/2020,medium/high,mitre,indicator removal: file deletion,indicator removal: file deletion,medium/high,1768,ec6f795297ebc0eeb00c,8a3f7239cf5fa9428a0a,False,Reconnaissance & Attack Operations,mitre_parent:indicator removal,alta,asignada,2020-01-31,fecha_fuente_no_verificada_como_incidente,tecnica_mitre,,"esxi, linux, windows, macos",__NO_INFORMADO__,"esxi, linux, windows, macos",3,False
windows,,system script proxy execution: pubprn,03/02/2020,medium/high,mitre,system script proxy execution: pubprn,system script proxy execution: pubprn,medium/high,2037,890d834c230682e628fe,08fff49ecafc40a63d8b,False,Code Execution & Injection,mitre_parent:system script proxy execution,alta,asignada,2020-02-03,fecha_fuente_no_verificada_como_incidente,tecnica_mitre,,windows,__NO_INFORMADO__,windows,3,False
windows,,unsecured credentials: credentials in registry,04/02/2020,medium/high,mitre,unsecured credentials: credentials in registry,unsecured credentials: credentials in registry,medium/high,2063,4721acf11c191f33693e,04a20783ea3bcb372d7b,False,"Identity, Access & Persistence",mitre_parent:unsecured credentials,alta,asignada,2020-02-04,fecha_fuente_no_verificada_como_incidente,tecnica_mitre,,windows,__NO_INFORMADO__,windows,3,False
"linux, macos",,file and directory permissions modification: linux and mac file and directory permissions modification,04/02/2020,medium/high,mitre,file and directory permissions modification: linux and mac file and directory permissions modification,file and directory permissions modification: linux and mac file and directory permissions modification,medium/high,1687,4ace1d06164f15c21a79,82aeb46a6925a0d77d95,False,"Identity, Access & Persistence",mitre_parent:file and directory permissions modification,alta,asignada,2020-02-04,fecha_fuente_no_verificada_como_incidente,tecnica_mitre,,"linux, macos",__NO_INFORMADO__,"linux, macos",3,False
"containers, iaas, linux, windows, macos",,unsecured credentials: credentials in files,04/02/2020,medium/high,mitre,unsecured credentials: credentials in files,unsecured credentials: credentials in files,medium/high,2062,80e57af9a551b54b1674,57b996b963e1c3bc59fb,False,"Identity, Access & Persistence",mitre_parent:unsecured credentials,alta,asignada,2020-02-04,fecha_fuente_no_verificada_como_incidente,tecnica_mitre,,"containers, iaas, linux, windows, macos",__NO_INFORMADO__,"containers, iaas, linux, windows, macos",3,False
windows,,file and directory permissions modification: windows file and directory permissions modification,04/02/2020,medium/high,mitre,file and directory permissions modification: windows file and directory permissions modification,file and directory permissions modification: windows file and directory permissions modification,medium/high,1688,ac2702d3a006b3f29137,70c0bd67f90b2ac6e57f,False,"Identity, Access & Persistence",mitre_parent:file and directory permissions modification,alta,asignada,2020-02-04,fecha_fuente_no_verificada_como_incidente,tecnica_mitre,,windows,__NO_INFORMADO__,windows,3,False
"containers, iaas, identity provider, linux, network devices, office suite, saas, windows, macos",,unsecured credentials,04/02/2020,medium/high,mitre,unsecured credentials,unsecured credentials,medium/high,2057,ad04dbe4ec4228fcc128,a3bbcbe97173df5d43b8,False,"Identity, Access & Persistence",mitre_parent:unsecured credentials,alta,asignada,2020-02-04,fecha_fuente_no_verificada_como_incidente,tecnica_mitre,,"containers, iaas, identity provider, linux, network devices, office suite, saas, windows, macos",__NO_INFORMADO__,"containers, iaas, identity provider, linux, network devices, office suite, saas, windows, macos",3,False
"linux, network devices, windows, macos",,unsecured credentials: private keys,04/02/2020,medium/high,mitre,unsecured credentials: private keys,unsecured credentials: private keys,medium/high,2065,da49ac9b76a6681f5094,9c0a293bc469e6ee6b40,False,"Identity, Access & Persistence",mitre_parent:unsecured credentials,alta,asignada,2020-02-04,fecha_fuente_no_verificada_como_incidente,tecnica_mitre,,"linux, network devices, windows, macos",__NO_INFORMADO__,"linux, network devices, windows, macos",3,False
"linux, macos",,unsecured credentials: bash history,04/02/2020,medium/high,mitre,unsecured credentials: bash history,unsecured credentials: bash history,medium/high,2058,f73411626ed15259bfd2,698e8092f1315607e5ec,False,"Identity, Access & Persistence",mitre_parent:unsecured credentials,alta,asignada,2020-02-04,fecha_fuente_no_verificada_como_incidente,tecnica_mitre,,"linux, macos",__NO_INFORMADO__,"linux, macos",3,False
macos,,subvert trust controls: gatekeeper bypass,05/02/2020,medium/high,mitre,subvert trust controls: gatekeeper bypass,subvert trust controls: gatekeeper bypass,medium/high,2005,185538df4d9ccdb6e363,3c6dd267da057c731a73,False,"Identity, Access & Persistence",mitre_parent:subvert trust controls,alta,asignada,2020-02-05,fecha_fuente_no_verificada_como_incidente,tecnica_mitre,,macos,__NO_INFORMADO__,macos,3,False
"windows, macos",,subvert trust controls: code signing,05/02/2020,medium/high,mitre,subvert trust controls: code signing,subvert trust controls: code signing,medium/high,2003,492410846c29a85e5c9b,876bf103f1a4cb2790ac,False,"Identity, Access & Persistence",mitre_parent:subvert trust controls,alta,asignada,2020-02-05,fecha_fuente_no_verificada_como_incidente,tecnica_mitre,,"windows, macos",__NO_INFORMADO__,"windows, macos",3,False
windows,,subvert trust controls: sip and trust provider hijacking,05/02/2020,medium/high,mitre,subvert trust controls: sip and trust provider hijacking,subvert trust controls: sip and trust provider hijacking,medium/high,2008,6b053abce6d23f7d478e,ad82cdeefa632fe72155,False,"Identity, Access & Persistence",mitre_parent:subvert trust controls,alta,asignada,2020-02-05,fecha_fuente_no_verificada_como_incidente,tecnica_mitre,,windows,__NO_INFORMADO__,windows,3,False
"linux, windows, macos",,obfuscated files or information: software packing,05/02/2020,medium/high,mitre,obfuscated files or information: software packing,obfuscated files or information: software packing,medium/high,1859,6c4b4ead9c99131f3d96,34fe363f158e92ef0254,False,Reconnaissance & Attack Operations,mitre_parent:obfuscated files or information,alta,asignada,2020-02-05,fecha_fuente_no_verificada_como_incidente,tecnica_mitre,,"linux, windows, macos",__NO_INFORMADO__,"linux, windows, macos",3,False
"linux, windows, macos",,obfuscated files or information: steganography,05/02/2020,medium/high,mitre,obfuscated files or information: steganography,obfuscated files or information: steganography,medium/high,1860,a5cb1310dc2217e52fb7,1de653ce0e831087b3f3,False,Reconnaissance & Attack Operations,mitre_parent:obfuscated files or information,alta,asignada,2020-02-05,fecha_fuente_no_verificada_como_incidente,tecnica_mitre,,"linux, windows, macos",__NO_INFORMADO__,"linux, windows, macos",3,False
"linux, windows, macos",,subvert trust controls,05/02/2020,medium/high,mitre,subvert trust controls,subvert trust controls,medium/high,2002,c8421ff60ed3af6d10a8,59870a60a283fe3a061c,False,"Identity, Access & Persistence",mitre_parent:subvert trust controls,alta,asignada,2020-02-05,fecha_fuente_no_verificada_como_incidente,tecnica_mitre,,"linux, windows, macos",__NO_INFORMADO__,"linux, windows, macos",3,False
"linux, windows, macos",,obfuscated files or information: binary padding,05/02/2020,medium/high,mitre,obfuscated files or information: binary padding,obfuscated files or information: binary padding,medium/high,1845,d1546f91fc5cade1970a,b31051c5e26f620d078c,False,Reconnaissance & Attack Operations,mitre_parent:obfuscated files or information,alta,asignada,2020-02-05,fecha_fuente_no_verificada_como_incidente,tecnica_mitre,,"linux, windows, macos",__NO_INFORMADO__,"linux, windows, macos",3,False
"linux, windows, macos",,masquerading: rename legitimate utilities,10/02/2020,medium/high,mitre,masquerading: rename legitimate utilities,masquerading: rename legitimate utilities,medium/high,1797,292978f1e71588b7dd0f,d4ebc6749d8063284567,False,Reconnaissance & Attack Operations,mitre_parent:masquerading,alta,asignada,2020-02-10,fecha_fuente_no_verificada_como_incidente,tecnica_mitre,,"linux, windows, macos",__NO_INFORMADO__,"linux, windows, macos",3,False
"linux, windows, macos",,masquerading: right-to-left override,10/02/2020,medium/high,mitre,masquerading: right-to-left override,masquerading: right-to-left override,medium/high,1798,4ade6b419bbf1be1ae04,cb1b3c8afc9f2e5433ab,False,Reconnaissance & Attack Operations,mitre_parent:masquerading,alta,asignada,2020-02-10,fecha_fuente_no_verificada_como_incidente,tecnica_mitre,,"linux, windows, macos",__NO_INFORMADO__,"linux, windows, macos",3,False
"windows, macos",,masquerading: invalid code signature,10/02/2020,medium/high,mitre,masquerading: invalid code signature,masquerading: invalid code signature,medium/high,1791,4eaff9359629ab1a35b5,78f021599ab0cadb3c13,False,Reconnaissance & Attack Operations,mitre_parent:masquerading,alta,asignada,2020-02-10,fecha_fuente_no_verificada_como_incidente,tecnica_mitre,,"windows, macos",__NO_INFORMADO__,"windows, macos",3,False
"linux, windows, macos",,masquerading: masquerade task or service,10/02/2020,medium/high,mitre,masquerading: masquerade task or service,masquerading: masquerade task or service,medium/high,1794,934efefe9cd3c4c5f0cd,2b4703ea355f774b4529,False,Reconnaissance & Attack Operations,mitre_parent:masquerading,alta,asignada,2020-02-10,fecha_fuente_no_verificada_como_incidente,tecnica_mitre,,"linux, windows, macos",__NO_INFORMADO__,"linux, windows, macos",3,False
"containers, esxi, linux, windows, macos",,masquerading: match legitimate resource name or location,10/02/2020,medium/high,mitre,remote_code_execution,remote_code_execution,medium/high,1795,d6b78bfde4c222865da0,badd0edf0edac4098385,False,Reconnaissance & Attack Operations,mitre_parent:masquerading,alta,asignada,2020-02-10,fecha_fuente_no_verificada_como_incidente,tecnica_mitre,,"containers, esxi, linux, windows, macos",__NO_INFORMADO__,"containers, esxi, linux, windows, macos",3,False
"linux, macos",,masquerading: space after filename,10/02/2020,medium/high,mitre,masquerading: space after filename,masquerading: space after filename,medium/high,1799,f13eb7de61ef2a038539,c65f92edb4b247adddb3,False,Reconnaissance & Attack Operations,mitre_parent:masquerading,alta,asignada,2020-02-10,fecha_fuente_no_verificada_como_incidente,tecnica_mitre,,"linux, macos",__NO_INFORMADO__,"linux, macos",3,False
windows,,steal or forge kerberos tickets: kerberoasting,11/02/2020,medium/high,mitre,steal or forge kerberos tickets: kerberoasting,steal or forge kerberos tickets: kerberoasting,medium/high,2000,05302f3e08f07aee2fc1,67a3f8fcecf8a43cbfdc,False,"Identity, Access & Persistence",mitre_parent:steal or forge kerberos tickets,alta,asignada,2020-02-11,fecha_fuente_no_verificada_como_incidente,tecnica_mitre,,windows,__NO_INFORMADO__,windows,3,False
"linux, windows, macos",,remote services: vnc,11/02/2020,medium/high,mitre,remote services: vnc,remote services: vnc,medium/high,1937,0d8d19d1d1a7c9d70240,6e6b93ea4e9e2cd8f848,False,"Identity, Access & Persistence",mitre_parent:remote services,alta,asignada,2020-02-11,fecha_fuente_no_verificada_como_incidente,tecnica_mitre,,"linux, windows, macos",__NO_INFORMADO__,"linux, windows, macos",3,False
windows,,unsecured credentials: group policy preferences,11/02/2020,medium/high,mitre,unsecured credentials: group policy preferences,unsecured credentials: group policy preferences,medium/high,2064,10fa848100115d00a1e0,f413565cf8466b758d73,False,"Identity, Access & Persistence",mitre_parent:unsecured credentials,alta,asignada,2020-02-11,fecha_fuente_no_verificada_como_incidente,tecnica_mitre,,windows,__NO_INFORMADO__,windows,3,False
linux,,os credential dumping: proc filesystem,11/02/2020,medium/high,mitre,os credential dumping: proc filesystem,os credential dumping: proc filesystem,medium/high,1842,2156c548e0702eb47cfe,3c647bb9c347ac828b99,False,"Identity, Access & Persistence",mitre_parent:os credential dumping,alta,asignada,2020-02-11,fecha_fuente_no_verificada_como_incidente,tecnica_mitre,,linux,__NO_INFORMADO__,linux,3,False
windows,,os credential dumping: ntds,11/02/2020,medium/high,mitre,os credential dumping: ntds,os credential dumping: ntds,medium/high,1841,24cb48bca3428fef88ac,49f9cac77c72a9a6aa33,False,"Identity, Access & Persistence",mitre_parent:os credential dumping,alta,asignada,2020-02-11,fecha_fuente_no_verificada_como_incidente,tecnica_mitre,,windows,__NO_INFORMADO__,windows,3,False
windows,,remote services: smb/windows admin shares,11/02/2020,medium/high,mitre,remote services: smb/windows admin shares,remote services: smb/windows admin shares,medium/high,1935,24f31efd6588c7f75edc,2d3dd356cda83da82a58,False,"Identity, Access & Persistence",mitre_parent:remote services,alta,asignada,2020-02-11,fecha_fuente_no_verificada_como_incidente,tecnica_mitre,,windows,__NO_INFORMADO__,windows,3,False
windows,,remote services: windows remote management,11/02/2020,medium/high,mitre,remote services: windows remote management,remote services: windows remote management,medium/high,1938,2b554602c28f9b410538,20612dc95678884ade16,False,"Identity, Access & Persistence",mitre_parent:remote services,alta,asignada,2020-02-11,fecha_fuente_no_verificada_como_incidente,tecnica_mitre,,windows,__NO_INFORMADO__,windows,3,False
windows,,modify authentication process: password filter dll,11/02/2020,medium/high,mitre,modify authentication process: password filter dll,modify authentication process: password filter dll,medium/high,1807,2da6dd15faa449a3c3c1,c3f4976bea3e34cfa853,False,"Identity, Access & Persistence",mitre_parent:modify authentication process,alta,asignada,2020-02-11,fecha_fuente_no_verificada_como_incidente,tecnica_mitre,,windows,__NO_INFORMADO__,windows,3,False
"linux, windows, macos",,input capture: gui input capture,11/02/2020,medium,mitre,input capture: gui input capture,input capture: gui input capture,medium,1777,3213777c746e76922c62,22aed62158dbc38369be,False,Data Collection & Exfiltration,mitre_parent:input capture,alta,asignada,2020-02-11,fecha_fuente_no_verificada_como_incidente,tecnica_mitre,,"linux, windows, macos",__NO_INFORMADO__,"linux, windows, macos",2,False
"containers, esxi, iaas, identity provider, linux, network devices, office suite, saas, windows, macos",,brute force: password guessing,11/02/2020,medium/high,mitre,remote_code_execution,remote_code_execution,medium/high,1507,3c63e892364a67be6aa3,78b7b9d0548daf49d58f,False,"Identity, Access & Persistence",mitre_parent:brute force,alta,asignada,2020-02-11,fecha_fuente_no_verificada_como_incidente,tecnica_mitre,,"containers, esxi, iaas, identity provider, linux, network devices, office suite, saas, windows, macos",__NO_INFORMADO__,"containers, esxi, iaas, identity provider, linux, network devices, office suite, saas, windows, macos",3,False
"iaas, identity provider, linux, network devices, office suite, saas, windows, macos",,modify authentication process,11/02/2020,medium/high,mitre,modify authentication process,modify authentication process,medium/high,1800,46b79c5a44876362fd13,3880024f18294b929f7f,False,"Identity, Access & Persistence",mitre_parent:modify authentication process,alta,asignada,2020-02-11,fecha_fuente_no_verificada_como_incidente,tecnica_mitre,,"iaas, identity provider, linux, network devices, office suite, saas, windows, macos",__NO_INFORMADO__,"iaas, identity provider, linux, network devices, office suite, saas, windows, macos",3,False
windows,,adversary-in-the-middle: llmnr/nbt-ns poisoning and smb relay,11/02/2020,medium,mitre,adversary-in-the-middle: llmnr/nbt-ns poisoning and smb relay,adversary-in-the-middle: llmnr/nbt-ns poisoning and smb relay,medium,1464,4f4c8ccc58245e8e1ea0,c5057360c4965b1e0cc8,False,"Identity, Access & Persistence",mitre_parent:adversary-in-the-middle,alta,asignada,2020-02-11,fecha_fuente_no_verificada_como_incidente,tecnica_mitre,,windows,__NO_INFORMADO__,windows,2,False
"linux, windows, macos",,input capture: credential api hooking,11/02/2020,medium,mitre,input capture: credential api hooking,input capture: credential api hooking,medium,1776,5b14dc03ea83fcb1d47e,3352bde6fd4a030e2d3b,False,Data Collection & Exfiltration,mitre_parent:input capture,alta,asignada,2020-02-11,fecha_fuente_no_verificada_como_incidente,tecnica_mitre,,"linux, windows, macos",__NO_INFORMADO__,"linux, windows, macos",2,False
windows,,os credential dumping: security account manager,11/02/2020,medium/high,mitre,os credential dumping: security account manager,os credential dumping: security account manager,medium/high,1843,5bdffb5c3f694b1ecc50,36bc7e6e828f427dba17,False,"Identity, Access & Persistence",mitre_parent:os credential dumping,alta,asignada,2020-02-11,fecha_fuente_no_verificada_como_incidente,tecnica_mitre,,windows,__NO_INFORMADO__,windows,3,False
windows,,steal or forge kerberos tickets: silver ticket,11/02/2020,medium/high,mitre,steal or forge kerberos tickets: silver ticket,steal or forge kerberos tickets: silver ticket,medium/high,2001,6257e867431bce7d3e9d,2acce3b37211991da018,False,"Identity, Access & Persistence",mitre_parent:steal or forge kerberos tickets,alta,asignada,2020-02-11,fecha_fuente_no_verificada_como_incidente,tecnica_mitre,,windows,__NO_INFORMADO__,windows,3,False
"linux, network devices, windows, macos",,input capture: keylogging,11/02/2020,medium,mitre,input capture: keylogging,input capture: keylogging,medium,1778,62afe772b4d0e017aef3,58c967c5acb590cc0552,False,Data Collection & Exfiltration,mitre_parent:input capture,alta,asignada,2020-02-11,fecha_fuente_no_verificada_como_incidente,tecnica_mitre,,"linux, network devices, windows, macos",__NO_INFORMADO__,"linux, network devices, windows, macos",2,False
linux,,os credential dumping: /etc/passwd and /etc/shadow,11/02/2020,medium/high,mitre,os credential dumping: /etc/passwd and /etc/shadow,os credential dumping: /etc/passwd and /etc/shadow,medium/high,1836,653df46ac1e35c5bac05,44c1679661b8349c19ab,False,"Identity, Access & Persistence",mitre_parent:os credential dumping,alta,asignada,2020-02-11,fecha_fuente_no_verificada_como_incidente,tecnica_mitre,,linux,__NO_INFORMADO__,linux,3,False
"esxi, linux, windows, macos",,compromise host software binary,11/02/2020,medium/high,mitre,compromise host software binary,compromise host software binary,medium/high,1535,672c6e14a93bbc8a2d8f,79b054b4d3ec5d37c24f,False,"Identity, Access & Persistence",mitre_parent:compromise host software binary,alta,asignada,2020-02-11,fecha_fuente_no_verificada_como_incidente,tecnica_mitre,,"esxi, linux, windows, macos",__NO_INFORMADO__,"esxi, linux, windows, macos",3,False
"linux, windows, macos",,input capture: web portal capture,11/02/2020,medium,mitre,input capture: web portal capture,input capture: web portal capture,medium,1779,7301faddf3cace78c9c9,aa94c2599ba3163c6be8,False,Data Collection & Exfiltration,mitre_parent:input capture,alta,asignada,2020-02-11,fecha_fuente_no_verificada_como_incidente,tecnica_mitre,,"linux, windows, macos",__NO_INFORMADO__,"linux, windows, macos",2,False
"iaas, linux, windows, macos",,credentials from password stores,11/02/2020,medium/high,mitre,credentials from password stores,credentials from password stores,medium/high,1558,7333006952cb221ad12c,b7a59a913b3662414b39,False,"Identity, Access & Persistence",mitre_parent:credentials from password stores,alta,asignada,2020-02-11,fecha_fuente_no_verificada_como_incidente,tecnica_mitre,,"iaas, linux, windows, macos",__NO_INFORMADO__,"iaas, linux, windows, macos",3,False
windows,,os credential dumping: lsass memory,11/02/2020,medium/high,mitre,os credential dumping: lsass memory,os credential dumping: lsass memory,medium/high,1840,77a78814622b7de4911c,89587e8955c4584dbbd6,False,"Identity, Access & Persistence",mitre_parent:os credential dumping,alta,asignada,2020-02-11,fecha_fuente_no_verificada_como_incidente,tecnica_mitre,,windows,__NO_INFORMADO__,windows,3,False
windows,,remote services: remote desktop protocol,11/02/2020,medium/high,mitre,remote services: remote desktop protocol,remote services: remote desktop protocol,medium/high,1934,878f9815121027dd22bf,0b84f01e375b01f8cb66,False,"Identity, Access & Persistence",mitre_parent:remote services,alta,asignada,2020-02-11,fecha_fuente_no_verificada_como_incidente,tecnica_mitre,,windows,__NO_INFORMADO__,windows,3,False
"linux, windows, macos",,steal or forge kerberos tickets,11/02/2020,medium/high,mitre,steal or forge kerberos tickets,steal or forge kerberos tickets,medium/high,1996,87bababf9ba6aba5261b,45371781cc90428025b1,False,"Identity, Access & Persistence",mitre_parent:steal or forge kerberos tickets,alta,asignada,2020-02-11,fecha_fuente_no_verificada_como_incidente,tecnica_mitre,,"linux, windows, macos",__NO_INFORMADO__,"linux, windows, macos",3,False
windows,,modify authentication process: domain controller authentication,11/02/2020,medium/high,mitre,modify authentication process: domain controller authentication,modify authentication process: domain controller authentication,medium/high,1802,8c2608a99018fa9d3052,046141617618faa8400c,False,"Identity, Access & Persistence",mitre_parent:modify authentication process,alta,asignada,2020-02-11,fecha_fuente_no_verificada_como_incidente,tecnica_mitre,,windows,__NO_INFORMADO__,windows,3,False
"containers, esxi, iaas, identity provider, linux, network devices, office suite, saas, windows, macos",,brute force: password spraying,11/02/2020,medium/high,mitre,remote_code_execution,remote_code_execution,medium/high,1508,a07554fc95868f3d2e2b,25796f7f0afbeb68b18c,False,"Identity, Access & Persistence",mitre_parent:brute force,alta,asignada,2020-02-11,fecha_fuente_no_verificada_como_incidente,tecnica_mitre,,"containers, esxi, iaas, identity provider, linux, network devices, office suite, saas, windows, macos",__NO_INFORMADO__,"containers, esxi, iaas, identity provider, linux, network devices, office suite, saas, windows, macos",3,False
"containers, esxi, iaas, identity provider, linux, network devices, office suite, saas, windows, macos",,brute force: credential stuffing,11/02/2020,medium/high,mitre,remote_code_execution,remote_code_execution,medium/high,1505,ab6dea4ecbca1e4ae001,20f41e6870f6c31c596e,False,"Identity, Access & Persistence",mitre_parent:brute force,alta,asignada,2020-02-11,fecha_fuente_no_verificada_como_incidente,tecnica_mitre,,"containers, esxi, iaas, identity provider, linux, network devices, office suite, saas, windows, macos",__NO_INFORMADO__,"containers, esxi, iaas, identity provider, linux, network devices, office suite, saas, windows, macos",3,False
windows,,steal or forge kerberos tickets: golden ticket,11/02/2020,medium/high,mitre,steal or forge kerberos tickets: golden ticket,steal or forge kerberos tickets: golden ticket,medium/high,1999,b8c28522dcb42bd5ca1e,1823e61c68c616f4d08c,False,"Identity, Access & Persistence",mitre_parent:steal or forge kerberos tickets,alta,asignada,2020-02-11,fecha_fuente_no_verificada_como_incidente,tecnica_mitre,,windows,__NO_INFORMADO__,windows,3,False
"esxi, linux, macos",,remote services: ssh,11/02/2020,medium/high,mitre,remote services: ssh,remote services: ssh,medium/high,1936,d4605d7dce4785fd059d,2bd17c074209a69c1a57,False,"Identity, Access & Persistence",mitre_parent:remote services,alta,asignada,2020-02-11,fecha_fuente_no_verificada_como_incidente,tecnica_mitre,,"esxi, linux, macos",__NO_INFORMADO__,"esxi, linux, macos",3,False
"identity provider, linux, network devices, office suite, windows, macos",,brute force: password cracking,11/02/2020,medium/high,mitre,remote_code_execution,remote_code_execution,medium/high,1506,d52c8122918ab2f58f56,cd4350a8266622ea55ea,False,"Identity, Access & Persistence",mitre_parent:brute force,alta,asignada,2020-02-11,fecha_fuente_no_verificada_como_incidente,tecnica_mitre,,"identity provider, linux, network devices, office suite, windows, macos",__NO_INFORMADO__,"identity provider, linux, network devices, office suite, windows, macos",3,False
"linux, network devices, windows, macos",,adversary-in-the-middle,11/02/2020,medium,mitre,adversary-in-the-middle,adversary-in-the-middle,medium,1460,d9a30c33f7f3d4cf8c04,7986d66efb8c83a711ec,False,"Identity, Access & Persistence",mitre_parent:adversary-in-the-middle,alta,asignada,2020-02-11,fecha_fuente_no_verificada_como_incidente,tecnica_mitre,,"linux, network devices, windows, macos",__NO_INFORMADO__,"linux, network devices, windows, macos",2,False
iaas,,unsecured credentials: cloud instance metadata api,11/02/2020,medium/high,mitre,unsecured credentials: cloud instance metadata api,unsecured credentials: cloud instance metadata api,medium/high,2060,dcd2dfc17d995e0d8c10,01210c7e53d8d34b688e,False,"Identity, Access & Persistence",mitre_parent:unsecured credentials,alta,asignada,2020-02-11,fecha_fuente_no_verificada_como_incidente,tecnica_mitre,,iaas,__NO_INFORMADO__,iaas,3,False
windows,,remote services: distributed component object model,11/02/2020,medium/high,mitre,remote services: distributed component object model,remote services: distributed component object model,medium/high,1933,eca3f117bd6b3b7e8f60,dac793451692c55cca09,False,"Identity, Access & Persistence",mitre_parent:remote services,alta,asignada,2020-02-11,fecha_fuente_no_verificada_como_incidente,tecnica_mitre,,windows,__NO_INFORMADO__,windows,3,False
windows,,os credential dumping: dcsync,11/02/2020,medium/high,mitre,os credential dumping: dcsync,os credential dumping: dcsync,medium/high,1838,f72fcc9af0d763df6e35,da4afa981b60f4b46d8a,False,"Identity, Access & Persistence",mitre_parent:os credential dumping,alta,asignada,2020-02-11,fecha_fuente_no_verificada_como_incidente,tecnica_mitre,,windows,__NO_INFORMADO__,windows,3,False
"linux, windows, macos",,inter-process communication,12/02/2020,high,mitre,inter-process communication,inter-process communication,high,1781,00f780b538c665a82920,a4a9faa236cce9fae42f,False,Code Execution & Injection,mitre_parent:inter-process communication,alta,asignada,2020-02-12,fecha_fuente_no_verificada_como_incidente,tecnica_mitre,,"linux, windows, macos",__NO_INFORMADO__,"linux, windows, macos",4,False
windows,,inter-process communication: dynamic data exchange,12/02/2020,high,mitre,inter-process communication: dynamic data exchange,inter-process communication: dynamic data exchange,high,1783,067d01cc22094c217fb1,0dde4650ada2a6fb0210,False,Code Execution & Injection,mitre_parent:inter-process communication,alta,asignada,2020-02-12,fecha_fuente_no_verificada_como_incidente,tecnica_mitre,,windows,__NO_INFORMADO__,windows,4,False
"linux, windows, macos",,credentials from password stores: credentials from web browsers,12/02/2020,medium/high,mitre,credentials from password stores: credentials from web browsers,credentials from password stores: credentials from web browsers,medium/high,1560,2cac47c6a5cfb0c1bf73,a28174f7f345d3c162f5,False,"Identity, Access & Persistence",mitre_parent:credentials from password stores,alta,asignada,2020-02-12,fecha_fuente_no_verificada_como_incidente,tecnica_mitre,,"linux, windows, macos",__NO_INFORMADO__,"linux, windows, macos",3,False
"linux, macos",,credentials from password stores: securityd memory,12/02/2020,medium/high,mitre,credentials from password stores: securityd memory,credentials from password stores: securityd memory,medium/high,1563,6e95a8a85d7e2354a8b5,385ce27097dc7521b4b6,False,"Identity, Access & Persistence",mitre_parent:credentials from password stores,alta,asignada,2020-02-12,fecha_fuente_no_verificada_como_incidente,tecnica_mitre,,"linux, macos",__NO_INFORMADO__,"linux, macos",3,False
windows,,inter-process communication: component object model,12/02/2020,high,mitre,inter-process communication: component object model,inter-process communication: component object model,high,1782,cb25a3335b704771eb65,1256e03fd9307cae7811,False,Code Execution & Injection,mitre_parent:inter-process communication,alta,asignada,2020-02-12,fecha_fuente_no_verificada_como_incidente,tecnica_mitre,,windows,__NO_INFORMADO__,windows,4,False
macos,,credentials from password stores: keychain,12/02/2020,medium/high,mitre,credentials from password stores: keychain,credentials from password stores: keychain,medium/high,1561,f0ec83b5d1d7a9a1a572,15dd5ac1f4f8f07a343d,False,"Identity, Access & Persistence",mitre_parent:credentials from password stores,alta,asignada,2020-02-12,fecha_fuente_no_verificada_como_incidente,tecnica_mitre,,macos,__NO_INFORMADO__,macos,3,False
saas,,data from information repositories: confluence,14/02/2020,medium,mitre,data from information repositories: confluence,data from information repositories: confluence,medium,1589,0cc4f8a68db6cb4f02ab,e39b3c65ae0e38bd7f8e,False,Data Collection & Exfiltration,mitre_parent:data from information repositories,alta,asignada,2020-02-14,fecha_fuente_no_verificada_como_incidente,tecnica_mitre,,saas,__NO_INFORMADO__,saas,2,False
"office suite, windows",,data from information repositories: sharepoint,14/02/2020,medium,mitre,data from information repositories: sharepoint,data from information repositories: sharepoint,medium,1592,1d8e1fe7f258f3f90d7a,a4ea942d9a2a74491632,False,Data Collection & Exfiltration,mitre_parent:data from information repositories,alta,asignada,2020-02-14,fecha_fuente_no_verificada_como_incidente,tecnica_mitre,,"office suite, windows",__NO_INFORMADO__,"office suite, windows",2,False
windows,,access token manipulation: create process with token,18/02/2020,medium/high,mitre,access token manipulation: create process with token,access token manipulation: create process with token,medium/high,1427,352b9043f965aa56f878,562eb2df0e828f2abddd,False,"Identity, Access & Persistence",mitre_parent:access token manipulation,alta,asignada,2020-02-18,fecha_fuente_no_verificada_como_incidente,tecnica_mitre,,windows,__NO_INFORMADO__,windows,3,False
windows,,access token manipulation: parent pid spoofing,18/02/2020,medium/high,mitre,access token manipulation: parent pid spoofing,access token manipulation: parent pid spoofing,medium/high,1429,378de097870799fdb102,e0715dd8ffa284aac985,False,"Identity, Access & Persistence",mitre_parent:access token manipulation,alta,asignada,2020-02-18,fecha_fuente_no_verificada_como_incidente,tecnica_mitre,,windows,__NO_INFORMADO__,windows,3,False
windows,,access token manipulation: sid-history injection,18/02/2020,medium/high,mitre,injection,other_injection,medium/high,1430,428e2723cf9c4def4592,12d259e1ec7675c07cc0,False,"Identity, Access & Persistence",mitre_parent:access token manipulation,alta,asignada,2020-02-18,fecha_fuente_no_verificada_como_incidente,tecnica_mitre,,windows,__NO_INFORMADO__,windows,3,False
windows,,access token manipulation: make and impersonate token,18/02/2020,medium/high,mitre,access token manipulation: make and impersonate token,access token manipulation: make and impersonate token,medium/high,1428,8514e499c8331627d7a5,3c6d8b9ce8da892d7062,False,"Identity, Access & Persistence",mitre_parent:access token manipulation,alta,asignada,2020-02-18,fecha_fuente_no_verificada_como_incidente,tecnica_mitre,,windows,__NO_INFORMADO__,windows,3,False
windows,,access token manipulation: token impersonation/theft,18/02/2020,medium/high,mitre,access token manipulation: token impersonation/theft,access token manipulation: token impersonation/theft,medium/high,1431,ad4f2d86d2bc26d14b85,e4515dae7f17274b8125,False,"Identity, Access & Persistence",mitre_parent:access token manipulation,alta,asignada,2020-02-18,fecha_fuente_no_verificada_como_incidente,tecnica_mitre,,windows,__NO_INFORMADO__,windows,3,False
"office suite, windows",,email collection: remote email collection,19/02/2020,medium,mitre,email collection: remote email collection,email collection: remote email collection,medium,1626,47a065cd62eeb25d7b0c,342b400e0dada2c1efde,False,Data Collection & Exfiltration,mitre_parent:email collection,alta,asignada,2020-02-19,fecha_fuente_no_verificada_como_incidente,tecnica_mitre,,"office suite, windows",__NO_INFORMADO__,"office suite, windows",2,False
"linux, office suite, windows, macos",,email collection: email forwarding rule,19/02/2020,medium,mitre,email collection: email forwarding rule,email collection: email forwarding rule,medium,1624,dc1611536403482dfae3,c8973d6383c863a78d4b,False,Data Collection & Exfiltration,mitre_parent:email collection,alta,asignada,2020-02-19,fecha_fuente_no_verificada_como_incidente,tecnica_mitre,,"linux, office suite, windows, macos",__NO_INFORMADO__,"linux, office suite, windows, macos",2,False
windows,,email collection: local email collection,19/02/2020,medium,mitre,email collection: local email collection,email collection: local email collection,medium,1625,df6a011ead64805c1dcf,0bf8eefd6228a2e06e49,False,Data Collection & Exfiltration,mitre_parent:email collection,alta,asignada,2020-02-19,fecha_fuente_no_verificada_como_incidente,tecnica_mitre,,windows,__NO_INFORMADO__,windows,2,False
"iaas, linux, windows, macos",,endpoint denial of service: application exhaustion flood,20/02/2020,critical,mitre,dos,denial_of_service,critical,1632,1152354917d73403e1ab,2868b052d014ad842688,False,Impact & Availability,mitre_parent:endpoint denial of service,alta,asignada,2020-02-20,fecha_fuente_no_verificada_como_incidente,tecnica_mitre,,"iaas, linux, windows, macos",__NO_INFORMADO__,"iaas, linux, windows, macos",5,False
"iaas, linux, windows, macos",,endpoint denial of service: application or system exploitation,20/02/2020,critical,mitre,dos,denial_of_service,critical,1633,12ac5ecaf5d635508f9f,b054528d222b98604743,False,Impact & Availability,mitre_parent:endpoint denial of service,alta,asignada,2020-02-20,fecha_fuente_no_verificada_como_incidente,tecnica_mitre,,"iaas, linux, windows, macos",__NO_INFORMADO__,"iaas, linux, windows, macos",5,False
"linux, windows, macos",,endpoint denial of service: os exhaustion flood,20/02/2020,critical,mitre,dos,denial_of_service,critical,1634,15d746b357554cbab4e1,bb8a375bfb746f469c33,False,Impact & Availability,mitre_parent:endpoint denial of service,alta,asignada,2020-02-20,fecha_fuente_no_verificada_como_incidente,tecnica_mitre,,"linux, windows, macos",__NO_INFORMADO__,"linux, windows, macos",5,False
"linux, network devices, windows, macos",,disk wipe,20/02/2020,critical,mitre,disk wipe,disk wipe,critical,1609,1a81b6a829eed64bd896,d94827801c014f41b24e,False,Impact & Availability,mitre_parent:disk wipe,alta,asignada,2020-02-20,fecha_fuente_no_verificada_como_incidente,tecnica_mitre,,"linux, network devices, windows, macos",__NO_INFORMADO__,"linux, network devices, windows, macos",5,False
"esxi, linux, windows, macos",,defacement: internal defacement,20/02/2020,critical,mitre,defacement: internal defacement,defacement: internal defacement,critical,1599,1d560cf85dd86e89adb5,8df2d6b0492d38dd84e1,False,Impact & Availability,mitre_parent:defacement,alta,asignada,2020-02-20,fecha_fuente_no_verificada_como_incidente,tecnica_mitre,,"esxi, linux, windows, macos",__NO_INFORMADO__,"esxi, linux, windows, macos",5,False
"iaas, linux, windows, macos",,endpoint denial of service: service exhaustion flood,20/02/2020,critical,mitre,dos,denial_of_service,critical,1635,260d76ebddd7328e841b,55d46bcfd72302a05005,False,Impact & Availability,mitre_parent:endpoint denial of service,alta,asignada,2020-02-20,fecha_fuente_no_verificada_como_incidente,tecnica_mitre,,"iaas, linux, windows, macos",__NO_INFORMADO__,"iaas, linux, windows, macos",5,False
"linux, network devices, windows, macos",,disk wipe: disk content wipe,20/02/2020,critical,mitre,disk wipe: disk content wipe,disk wipe: disk content wipe,critical,1610,3637cc2d7aea3d0bdc73,c0df0a86b56779b7b743,False,Impact & Availability,mitre_parent:disk wipe,alta,asignada,2020-02-20,fecha_fuente_no_verificada_como_incidente,tecnica_mitre,,"linux, network devices, windows, macos",__NO_INFORMADO__,"linux, network devices, windows, macos",5,False
"iaas, linux, windows, macos",,defacement: external defacement,20/02/2020,critical,mitre,defacement: external defacement,defacement: external defacement,critical,1598,5535591523423ddc475c,f4cc76a279ca7092b17c,False,Impact & Availability,mitre_parent:defacement,alta,asignada,2020-02-20,fecha_fuente_no_verificada_como_incidente,tecnica_mitre,,"iaas, linux, windows, macos",__NO_INFORMADO__,"iaas, linux, windows, macos",5,False
"linux, windows, macos",,archive collected data: archive via custom method,20/02/2020,medium,mitre,archive collected data: archive via custom method,archive collected data: archive via custom method,medium,1473,6f0f76f275755745982f,753dc91fe9c16edac1de,False,Data Collection & Exfiltration,mitre_parent:archive collected data,alta,asignada,2020-02-20,fecha_fuente_no_verificada_como_incidente,tecnica_mitre,,"linux, windows, macos",__NO_INFORMADO__,"linux, windows, macos",2,False
"linux, windows, macos",,archive collected data: archive via library,20/02/2020,medium,mitre,archive collected data: archive via library,archive collected data: archive via library,medium,1474,7d49076ab37017e397d1,c455c901596afaea9996,False,Data Collection & Exfiltration,mitre_parent:archive collected data,alta,asignada,2020-02-20,fecha_fuente_no_verificada_como_incidente,tecnica_mitre,,"linux, windows, macos",__NO_INFORMADO__,"linux, windows, macos",2,False
"linux, network devices, windows, macos",,disk wipe: disk structure wipe,20/02/2020,critical,mitre,disk wipe: disk structure wipe,disk wipe: disk structure wipe,critical,1611,9946d19e5eb720c5b9d0,39ccda6d12625d7791e2,False,Impact & Availability,mitre_parent:disk wipe,alta,asignada,2020-02-20,fecha_fuente_no_verificada_como_incidente,tecnica_mitre,,"linux, network devices, windows, macos",__NO_INFORMADO__,"linux, network devices, windows, macos",5,False
"linux, windows, macos",,archive collected data,20/02/2020,medium,mitre,archive collected data,archive collected data,medium,1472,b61c3872591902af3312,551e01831abf92d47deb,False,Data Collection & Exfiltration,mitre_parent:archive collected data,alta,asignada,2020-02-20,fecha_fuente_no_verificada_como_incidente,tecnica_mitre,,"linux, windows, macos",__NO_INFORMADO__,"linux, windows, macos",2,False
"linux, windows, macos",,archive collected data: archive via utility,20/02/2020,medium,mitre,archive collected data: archive via utility,archive collected data: archive via utility,medium,1475,c12e6812e3d39c1d3dbd,06eeed01b48d02bb64c9,False,Data Collection & Exfiltration,mitre_parent:archive collected data,alta,asignada,2020-02-20,fecha_fuente_no_verificada_como_incidente,tecnica_mitre,,"linux, windows, macos",__NO_INFORMADO__,"linux, windows, macos",2,False
"iaas, linux, windows, macos",,software discovery: security software discovery,21/02/2020,medium,mitre,software discovery: security software discovery,software discovery: security software discovery,medium,1982,0ccabb8c883799b2ba5b,05074ec6499f9de420b1,False,Reconnaissance & Attack Operations,mitre_parent:software discovery,alta,asignada,2020-02-21,fecha_fuente_no_verificada_como_incidente,tecnica_mitre,,"iaas, linux, windows, macos",__NO_INFORMADO__,"iaas, linux, windows, macos",2,False
windows,,os credential dumping: lsa secrets,21/02/2020,medium/high,mitre,os credential dumping: lsa secrets,os credential dumping: lsa secrets,medium/high,1839,1dd9804b28fc3c3cba8f,0f8f804f6e7423339903,False,"Identity, Access & Persistence",mitre_parent:os credential dumping,alta,asignada,2020-02-21,fecha_fuente_no_verificada_como_incidente,tecnica_mitre,,windows,__NO_INFORMADO__,windows,3,False
"esxi, linux, windows, macos",,account discovery: local account,21/02/2020,medium,mitre,account discovery: local account,account discovery: local account,medium,1437,2347c52b537f68c95062,19ae662bb452864a89bc,False,Reconnaissance & Attack Operations,mitre_parent:account discovery,alta,asignada,2020-02-21,fecha_fuente_no_verificada_como_incidente,tecnica_mitre,,"esxi, linux, windows, macos",__NO_INFORMADO__,"esxi, linux, windows, macos",2,False
"esxi, linux, network devices, windows, macos",,impair defenses: disable or modify system firewall,21/02/2020,medium/high,mitre,impair defenses: disable or modify system firewall,impair defenses: disable or modify system firewall,medium/high,1752,4e86406d4a84d8324c3b,522445644e8d42fd3a12,False,Reconnaissance & Attack Operations,mitre_parent:impair defenses,alta,asignada,2020-02-21,fecha_fuente_no_verificada_como_incidente,tecnica_mitre,,"esxi, linux, network devices, windows, macos",__NO_INFORMADO__,"esxi, linux, network devices, windows, macos",3,False
"office suite, windows",,account discovery: email account,21/02/2020,medium,mitre,account discovery: email account,account discovery: email account,medium,1436,557d8b60dfa895128bf7,a5e464bfd271f162c1ee,False,Reconnaissance & Attack Operations,mitre_parent:account discovery,alta,asignada,2020-02-21,fecha_fuente_no_verificada_como_incidente,tecnica_mitre,,"office suite, windows",__NO_INFORMADO__,"office suite, windows",2,False
"esxi, linux, network devices, windows, macos",,impair defenses: impair command history logging,21/02/2020,medium/high,mitre,impair defenses: impair command history logging,impair defenses: impair command history logging,medium/high,1755,657326f84e02ef19a407,4407f5de2270f7c4964b,False,Reconnaissance & Attack Operations,mitre_parent:impair defenses,alta,asignada,2020-02-21,fecha_fuente_no_verificada_como_incidente,tecnica_mitre,,"esxi, linux, network devices, windows, macos",__NO_INFORMADO__,"esxi, linux, network devices, windows, macos",3,False
"linux, windows, macos",,subvert trust controls: install root certificate,21/02/2020,medium/high,mitre,subvert trust controls: install root certificate,subvert trust controls: install root certificate,medium/high,2006,6b709738c44f5ac29365,2157dc2fc7e16584a92a,False,"Identity, Access & Persistence",mitre_parent:subvert trust controls,alta,asignada,2020-02-21,fecha_fuente_no_verificada_como_incidente,tecnica_mitre,,"linux, windows, macos",__NO_INFORMADO__,"linux, windows, macos",3,False
"iaas, identity provider, office suite, saas",,account discovery: cloud account,21/02/2020,medium,mitre,account discovery: cloud account,account discovery: cloud account,medium,1434,860a696505437b5d09b3,b977d1eb99c2473659ca,False,Reconnaissance & Attack Operations,mitre_parent:account discovery,alta,asignada,2020-02-21,fecha_fuente_no_verificada_como_incidente,tecnica_mitre,,"iaas, identity provider, office suite, saas",__NO_INFORMADO__,"iaas, identity provider, office suite, saas",2,False
"containers, esxi, iaas, identity provider, linux, network devices, office suite, windows, macos",,impair defenses,21/02/2020,medium/high,mitre,impair defenses,impair defenses,medium/high,1747,86ed24413dc977837a82,47d6e2058c58ce721b87,False,Reconnaissance & Attack Operations,mitre_parent:impair defenses,alta,asignada,2020-02-21,fecha_fuente_no_verificada_como_incidente,tecnica_mitre,,"containers, esxi, iaas, identity provider, linux, network devices, office suite, windows, macos",__NO_INFORMADO__,"containers, esxi, iaas, identity provider, linux, network devices, office suite, windows, macos",3,False
"iaas, identity provider, office suite, saas",,permission groups discovery: cloud groups,21/02/2020,medium,mitre,permission groups discovery: cloud groups,permission groups discovery: cloud groups,medium,1880,901e5b081f9c5a170ceb,1c04e70ddb2b46d0533b,False,Reconnaissance & Attack Operations,mitre_parent:permission groups discovery,alta,asignada,2020-02-21,fecha_fuente_no_verificada_como_incidente,tecnica_mitre,,"iaas, identity provider, office suite, saas",__NO_INFORMADO__,"iaas, identity provider, office suite, saas",2,False
"containers, iaas, linux, network devices, windows, macos",,impair defenses: disable or modify tools,21/02/2020,medium/high,mitre,impair defenses: disable or modify tools,impair defenses: disable or modify tools,medium/high,1753,98818498645b51b44b88,29ca7c672a438b3aea93,False,Reconnaissance & Attack Operations,mitre_parent:impair defenses,alta,asignada,2020-02-21,fecha_fuente_no_verificada_como_incidente,tecnica_mitre,,"containers, iaas, linux, network devices, windows, macos",__NO_INFORMADO__,"containers, iaas, linux, network devices, windows, macos",3,False
"linux, windows, macos",,permission groups discovery: domain groups,21/02/2020,medium,mitre,permission groups discovery: domain groups,permission groups discovery: domain groups,medium,1881,a6bd6c91e4bad5eaf1e8,0171ee008faf416b76b1,False,Reconnaissance & Attack Operations,mitre_parent:permission groups discovery,alta,asignada,2020-02-21,fecha_fuente_no_verificada_como_incidente,tecnica_mitre,,"linux, windows, macos",__NO_INFORMADO__,"linux, windows, macos",2,False
"linux, windows, macos",,account discovery: domain account,21/02/2020,medium,mitre,account discovery: domain account,account discovery: domain account,medium,1435,c04c52d62cbfabf31127,39459fe839d52bfbd69a,False,Reconnaissance & Attack Operations,mitre_parent:account discovery,alta,asignada,2020-02-21,fecha_fuente_no_verificada_como_incidente,tecnica_mitre,,"linux, windows, macos",__NO_INFORMADO__,"linux, windows, macos",2,False
"linux, windows",,os credential dumping: cached domain credentials,21/02/2020,medium/high,mitre,os credential dumping: cached domain credentials,os credential dumping: cached domain credentials,medium/high,1837,c51a998a1df74a4df12c,baf1335b0fe008713a3c,False,"Identity, Access & Persistence",mitre_parent:os credential dumping,alta,asignada,2020-02-21,fecha_fuente_no_verificada_como_incidente,tecnica_mitre,,"linux, windows",__NO_INFORMADO__,"linux, windows",3,False
windows,,impair defenses: disable windows event logging,21/02/2020,medium/high,mitre,impair defenses: disable windows event logging,impair defenses: disable windows event logging,medium/high,1748,fc0075bf0141b3fc3f8b,bd1e340b48107cbf263e,False,Reconnaissance & Attack Operations,mitre_parent:impair defenses,alta,asignada,2020-02-21,fecha_fuente_no_verificada_como_incidente,tecnica_mitre,,windows,__NO_INFORMADO__,windows,3,False
"linux, windows, macos",,remote service session hijacking,25/02/2020,medium/high,mitre,remote service session hijacking,remote service session hijacking,medium/high,1927,38b9ebbb931e8644de8e,98416772f365e733dcfd,False,"Identity, Access & Persistence",mitre_parent:remote service session hijacking,alta,asignada,2020-02-25,fecha_fuente_no_verificada_como_incidente,tecnica_mitre,,"linux, windows, macos",__NO_INFORMADO__,"linux, windows, macos",3,False
"linux, macos",,remote service session hijacking: ssh hijacking,25/02/2020,medium/high,mitre,remote service session hijacking: ssh hijacking,remote service session hijacking: ssh hijacking,medium/high,1929,4fbfa2935048a707aa85,31e71f8fcc587d8ba82c,False,"Identity, Access & Persistence",mitre_parent:remote service session hijacking,alta,asignada,2020-02-25,fecha_fuente_no_verificada_como_incidente,tecnica_mitre,,"linux, macos",__NO_INFORMADO__,"linux, macos",3,False
windows,,remote service session hijacking: rdp hijacking,25/02/2020,medium/high,mitre,remote service session hijacking: rdp hijacking,remote service session hijacking: rdp hijacking,medium/high,1928,e2344f2f5095656ece15,a835d7c25b28a1a2af83,False,"Identity, Access & Persistence",mitre_parent:remote service session hijacking,alta,asignada,2020-02-25,fecha_fuente_no_verificada_como_incidente,tecnica_mitre,,windows,__NO_INFORMADO__,windows,3,False
"esxi, linux, office suite, windows, macos",,hide artifacts,26/02/2020,medium/high,mitre,hide artifacts,hide artifacts,medium/high,1718,1897e8cd57493b021fdb,7a71e16190f10b43d76b,False,Reconnaissance & Attack Operations,mitre_parent:hide artifacts,alta,asignada,2020-02-26,fecha_fuente_no_verificada_como_incidente,tecnica_mitre,,"esxi, linux, office suite, windows, macos",__NO_INFORMADO__,"esxi, linux, office suite, windows, macos",3,False
"linux, windows, macos",,hide artifacts: hidden files and directories,26/02/2020,medium/high,mitre,hide artifacts: hidden files and directories,hide artifacts: hidden files and directories,medium/high,1724,dbfa27bcd1c87aaedfda,a5e13c1174896b18efce,False,Reconnaissance & Attack Operations,mitre_parent:hide artifacts,alta,asignada,2020-02-26,fecha_fuente_no_verificada_como_incidente,tecnica_mitre,,"linux, windows, macos",__NO_INFORMADO__,"linux, windows, macos",3,False
"linux, windows, macos",,data manipulation: runtime data manipulation,02/03/2020,critical,mitre,data manipulation: runtime data manipulation,data manipulation: runtime data manipulation,critical,1572,20a38daa124343b0ac7a,b0241a2ecebed05814c2,False,Impact & Availability,mitre_parent:data manipulation,alta,asignada,2020-03-02,fecha_fuente_no_verificada_como_incidente,tecnica_mitre,,"linux, windows, macos",__NO_INFORMADO__,"linux, windows, macos",5,False
"linux, windows, macos",,data manipulation: stored data manipulation,02/03/2020,critical,mitre,data manipulation: stored data manipulation,data manipulation: stored data manipulation,critical,1573,404275cb97b836bad095,c19a8ee0e110306e8425,False,Impact & Availability,mitre_parent:data manipulation,alta,asignada,2020-03-02,fecha_fuente_no_verificada_como_incidente,tecnica_mitre,,"linux, windows, macos",__NO_INFORMADO__,"linux, windows, macos",5,False
"identity provider, linux, office suite, saas, windows, macos",,phishing: spearphishing link,02/03/2020,high,mitre,phishing,phishing,high,1890,42c1ca6f85391566af53,d6b95291cc48413e3a95,False,"Identity, Access & Persistence",mitre_parent:phishing,alta,asignada,2020-03-02,fecha_fuente_no_verificada_como_incidente,tecnica_mitre,,"identity provider, linux, office suite, saas, windows, macos",__NO_INFORMADO__,"identity provider, linux, office suite, saas, windows, macos",4,False
"iaas, linux, windows, macos",,network denial of service: direct network flood,02/03/2020,critical,mitre,dos,denial_of_service,critical,1828,645687a059bffa98c61d,3111cc7b2285c00028ff,False,Impact & Availability,mitre_parent:network denial of service,alta,asignada,2020-03-02,fecha_fuente_no_verificada_como_incidente,tecnica_mitre,,"iaas, linux, windows, macos",__NO_INFORMADO__,"iaas, linux, windows, macos",5,False
"identity provider, linux, office suite, saas, windows, macos",,phishing,02/03/2020,high,mitre,phishing,phishing,high,1883,891e735f86e659cf1d30,ddc2f4558352b529340b,False,"Identity, Access & Persistence",mitre_parent:phishing,alta,asignada,2020-03-02,fecha_fuente_no_verificada_como_incidente,tecnica_mitre,,"identity provider, linux, office suite, saas, windows, macos",__NO_INFORMADO__,"identity provider, linux, office suite, saas, windows, macos",4,False
"linux, windows, macos",,data manipulation,02/03/2020,critical,mitre,data manipulation,data manipulation,critical,1571,b6bbfe74f2d2cf45f11f,2bb5761840c5b01fc142,False,Impact & Availability,mitre_parent:data manipulation,alta,asignada,2020-03-02,fecha_fuente_no_verificada_como_incidente,tecnica_mitre,,"linux, windows, macos",__NO_INFORMADO__,"linux, windows, macos",5,False
"linux, windows, macos",,data manipulation: transmitted data manipulation,02/03/2020,critical,mitre,data manipulation: transmitted data manipulation,data manipulation: transmitted data manipulation,critical,1574,ce6b4e0518d72d75e5f5,fd1ba45dbbebaeada89f,False,Impact & Availability,mitre_parent:data manipulation,alta,asignada,2020-03-02,fecha_fuente_no_verificada_como_incidente,tecnica_mitre,,"linux, windows, macos",__NO_INFORMADO__,"linux, windows, macos",5,False
"iaas, linux, windows, macos",,network denial of service: reflection amplification,02/03/2020,critical,mitre,dos,denial_of_service,critical,1829,dc7acba26e192df60fcc,72ff6ad2f900a0eba9ae,False,Impact & Availability,mitre_parent:network denial of service,alta,asignada,2020-03-02,fecha_fuente_no_verificada_como_incidente,tecnica_mitre,,"iaas, linux, windows, macos",__NO_INFORMADO__,"iaas, linux, windows, macos",5,False
"linux, windows, macos",,phishing: spearphishing attachment,02/03/2020,high,mitre,phishing,phishing,high,1889,eab5042c725e14fddf6d,c0f13ca8da77f7fb82fd,False,"Identity, Access & Persistence",mitre_parent:phishing,alta,asignada,2020-03-02,fecha_fuente_no_verificada_como_incidente,tecnica_mitre,,"linux, windows, macos",__NO_INFORMADO__,"linux, windows, macos",4,False
"linux, windows, macos",,phishing: spearphishing via service,02/03/2020,high,mitre,phishing,phishing,high,1892,eec328ea00013e52ac3c,b08ce8ca58719ab1ccff,False,"Identity, Access & Persistence",mitre_parent:phishing,alta,asignada,2020-03-02,fecha_fuente_no_verificada_como_incidente,tecnica_mitre,,"linux, windows, macos",__NO_INFORMADO__,"linux, windows, macos",4,False
"linux, windows, macos",,virtualization/sandbox evasion: time based evasion,06/03/2020,medium/high,mitre,virtualization/sandbox evasion: time based evasion,virtualization/sandbox evasion: time based evasion,medium/high,2086,863ad6d911abe26256c1,2028e0998304423a1c13,False,Reconnaissance & Attack Operations,mitre_parent:virtualization/sandbox evasion,alta,asignada,2020-03-06,fecha_fuente_no_verificada_como_incidente,tecnica_mitre,,"linux, windows, macos",__NO_INFORMADO__,"linux, windows, macos",3,False
"linux, windows, macos",,virtualization/sandbox evasion: user activity based checks,06/03/2020,medium/high,mitre,virtualization/sandbox evasion: user activity based checks,virtualization/sandbox evasion: user activity based checks,medium/high,2087,daad659bb5b352936b34,faa3701c0d14c289b51e,False,Reconnaissance & Attack Operations,mitre_parent:virtualization/sandbox evasion,alta,asignada,2020-03-06,fecha_fuente_no_verificada_como_incidente,tecnica_mitre,,"linux, windows, macos",__NO_INFORMADO__,"linux, windows, macos",3,False
"linux, windows, macos",,virtualization/sandbox evasion: system checks,06/03/2020,medium/high,mitre,virtualization/sandbox evasion: system checks,virtualization/sandbox evasion: system checks,medium/high,2085,e6bebd5b07cc7464d08c,7d81ca65474f1656195b,False,Reconnaissance & Attack Operations,mitre_parent:virtualization/sandbox evasion,alta,asignada,2020-03-06,fecha_fuente_no_verificada_como_incidente,tecnica_mitre,,"linux, windows, macos",__NO_INFORMADO__,"linux, windows, macos",3,False
"linux, windows, macos",,command and scripting interpreter: visual basic,09/03/2020,high,mitre,command and scripting interpreter: visual basic,command and scripting interpreter: visual basic,high,1528,075df242d93a11188490,d276fc89fd34d94ad670,False,Code Execution & Injection,mitre_parent:command and scripting interpreter,alta,asignada,2020-03-09,fecha_fuente_no_verificada_como_incidente,tecnica_mitre,,"linux, windows, macos",__NO_INFORMADO__,"linux, windows, macos",4,False
"esxi, linux, windows, macos",,exfiltration over web service: exfiltration to cloud storage,09/03/2020,low,mitre,exfiltration over web service: exfiltration to cloud storage,exfiltration over web service: exfiltration to cloud storage,low,1674,0a50b63afa9267cea97b,3808df92f735dd0ae693,False,Data Collection & Exfiltration,mitre_parent:exfiltration over web service,alta,asignada,2020-03-09,fecha_fuente_no_verificada_como_incidente,tecnica_mitre,,"esxi, linux, windows, macos",__NO_INFORMADO__,"esxi, linux, windows, macos",0,False
"esxi, linux, network devices, macos",,command and scripting interpreter: unix shell,09/03/2020,high,mitre,command and scripting interpreter: unix shell,command and scripting interpreter: unix shell,high,1527,51aea9d4b00b38215b1c,e132bcc6c09967f9b8fb,False,Code Execution & Injection,mitre_parent:command and scripting interpreter,alta,asignada,2020-03-09,fecha_fuente_no_verificada_como_incidente,tecnica_mitre,,"esxi, linux, network devices, macos",__NO_INFORMADO__,"esxi, linux, network devices, macos",4,False
"linux, windows, macos",,exfiltration over other network medium: exfiltration over bluetooth,09/03/2020,low,mitre,exfiltration over other network medium: exfiltration over bluetooth,exfiltration over other network medium: exfiltration over bluetooth,low,1669,8593d56fdeebf5a7d484,4dcecff12f16ff492f91,False,Data Collection & Exfiltration,mitre_parent:exfiltration over other network medium,alta,asignada,2020-03-09,fecha_fuente_no_verificada_como_incidente,tecnica_mitre,,"linux, windows, macos",__NO_INFORMADO__,"linux, windows, macos",0,False
windows,,command and scripting interpreter: powershell,09/03/2020,high,mitre,command and scripting interpreter: powershell,command and scripting interpreter: powershell,high,1525,a06161cef83026a4ec80,158d33913d677bb5c209,False,Code Execution & Injection,mitre_parent:command and scripting interpreter,alta,asignada,2020-03-09,fecha_fuente_no_verificada_como_incidente,tecnica_mitre,,windows,__NO_INFORMADO__,windows,4,False
"esxi, linux, windows, macos",,command and scripting interpreter: python,09/03/2020,high,mitre,command and scripting interpreter: python,command and scripting interpreter: python,high,1526,bd5107fd6da9926b627a,3eee2df0257ee9c2e3df,False,Code Execution & Injection,mitre_parent:command and scripting interpreter,alta,asignada,2020-03-09,fecha_fuente_no_verificada_como_incidente,tecnica_mitre,,"esxi, linux, windows, macos",__NO_INFORMADO__,"esxi, linux, windows, macos",4,False
"esxi, linux, office suite, saas, windows, macos",,exfiltration over web service,09/03/2020,low,mitre,exfiltration over web service,exfiltration over web service,low,1672,c56591344710e3bdc28f,18f1810c3178c22c442c,False,Data Collection & Exfiltration,mitre_parent:exfiltration over web service,alta,asignada,2020-03-09,fecha_fuente_no_verificada_como_incidente,tecnica_mitre,,"esxi, linux, office suite, saas, windows, macos",__NO_INFORMADO__,"esxi, linux, office suite, saas, windows, macos",0,False
macos,,command and scripting interpreter: applescript,09/03/2020,high,mitre,command and scripting interpreter: applescript,command and scripting interpreter: applescript,high,1518,d9712c46b19e697b0e94,aea9ece8beb876bec4f6,False,Code Execution & Injection,mitre_parent:command and scripting interpreter,alta,asignada,2020-03-09,fecha_fuente_no_verificada_como_incidente,tecnica_mitre,,macos,__NO_INFORMADO__,macos,4,False
windows,,command and scripting interpreter: windows command shell,09/03/2020,high,mitre,command and scripting interpreter: windows command shell,command and scripting interpreter: windows command shell,high,1529,fb844a1a0111c9054423,594dd910d1efc2a2f68d,False,Code Execution & Injection,mitre_parent:command and scripting interpreter,alta,asignada,2020-03-09,fecha_fuente_no_verificada_como_incidente,tecnica_mitre,,windows,__NO_INFORMADO__,windows,4,False
"esxi, linux, windows, macos",,exfiltration over web service: exfiltration to code repository,09/03/2020,low,mitre,exfiltration over web service: exfiltration to code repository,exfiltration over web service: exfiltration to code repository,low,1675,ffcfeec1e1a68a80af3f,d78f12f21ff789ea5313,False,Data Collection & Exfiltration,mitre_parent:exfiltration over web service,alta,asignada,2020-03-09,fecha_fuente_no_verificada_como_incidente,tecnica_mitre,,"esxi, linux, windows, macos",__NO_INFORMADO__,"esxi, linux, windows, macos",0,False
"esxi, linux, windows, macos",,dynamic resolution: domain generation algorithms,10/03/2020,low,mitre,dynamic resolution: domain generation algorithms,dynamic resolution: domain generation algorithms,low,1619,0e1c1e6b80ef008d376e,e1075bd8e9e923999ca5,False,Reconnaissance & Attack Operations,mitre_parent:dynamic resolution,alta,asignada,2020-03-10,fecha_fuente_no_verificada_como_incidente,tecnica_mitre,,"esxi, linux, windows, macos",__NO_INFORMADO__,"esxi, linux, windows, macos",0,False
"esxi, linux, windows, macos",,dynamic resolution,10/03/2020,low,mitre,dynamic resolution,dynamic resolution,low,1617,335ca738d07e808bf654,7901ba1fafd2fc6c6b66,False,Reconnaissance & Attack Operations,mitre_parent:dynamic resolution,alta,asignada,2020-03-10,fecha_fuente_no_verificada_como_incidente,tecnica_mitre,,"esxi, linux, windows, macos",__NO_INFORMADO__,"esxi, linux, windows, macos",0,False
"linux, windows, macos",,system services,10/03/2020,high,mitre,system services,system services,high,2040,3ef3c1ce122edac82d4a,d66c60bdbacbe6670a71,False,Code Execution & Injection,mitre_parent:system services,alta,asignada,2020-03-10,fecha_fuente_no_verificada_como_incidente,tecnica_mitre,,"linux, windows, macos",__NO_INFORMADO__,"linux, windows, macos",4,False
windows,,system services: service execution,10/03/2020,high,mitre,system services: service execution,system services: service execution,high,2042,8aaddc0ed10fafd77a7c,3e3f28b5be2a2e1f8a08,False,Code Execution & Injection,mitre_parent:system services,alta,asignada,2020-03-10,fecha_fuente_no_verificada_como_incidente,tecnica_mitre,,windows,__NO_INFORMADO__,windows,4,False
macos,,system services: launchctl,10/03/2020,high,mitre,system services: launchctl,system services: launchctl,high,2041,d1cb5b5b793706035c82,47a6d795f8d1d80efe04,False,Code Execution & Injection,mitre_parent:system services,alta,asignada,2020-03-10,fecha_fuente_no_verificada_como_incidente,tecnica_mitre,,macos,__NO_INFORMADO__,macos,4,False
"linux, windows, macos",,exfiltration over physical medium: exfiltration over usb,11/03/2020,low,mitre,exfiltration over physical medium: exfiltration over usb,exfiltration over physical medium: exfiltration over usb,low,1671,075c3bb751d3b32d295c,1c30bbf308f1d0e12e50,False,Data Collection & Exfiltration,mitre_parent:exfiltration over physical medium,alta,asignada,2020-03-11,fecha_fuente_no_verificada_como_incidente,tecnica_mitre,,"linux, windows, macos",__NO_INFORMADO__,"linux, windows, macos",0,False
"esxi, linux, windows, macos",,lateral tool transfer,11/03/2020,medium/high,mitre,lateral tool transfer,lateral tool transfer,medium/high,1786,24527138861fae74709e,92572af9c5813dd87ccc,False,Reconnaissance & Attack Operations,mitre_parent:lateral tool transfer,alta,asignada,2020-03-11,fecha_fuente_no_verificada_como_incidente,tecnica_mitre,,"esxi, linux, windows, macos",__NO_INFORMADO__,"esxi, linux, windows, macos",3,False
"linux, windows, macos",,user execution: malicious link,11/03/2020,high,mitre,user execution: malicious link,user execution: malicious link,high,2076,39e9d7c46d2c6113de8a,6e8e6b9b9c2e940d25a5,False,Code Execution & Injection,mitre_parent:user execution,alta,asignada,2020-03-11,fecha_fuente_no_verificada_como_incidente,tecnica_mitre,,"linux, windows, macos",__NO_INFORMADO__,"linux, windows, macos",4,False
"esxi, linux, windows, macos",,dynamic resolution: dns calculation,11/03/2020,low,mitre,dynamic resolution: dns calculation,dynamic resolution: dns calculation,low,1618,4fb1ab3a426b3dc62c7d,0a2bc6fab7d4ce3f4ba5,False,Reconnaissance & Attack Operations,mitre_parent:dynamic resolution,alta,asignada,2020-03-11,fecha_fuente_no_verificada_como_incidente,tecnica_mitre,,"esxi, linux, windows, macos",__NO_INFORMADO__,"esxi, linux, windows, macos",0,False
"linux, windows, macos",,supply chain compromise: compromise hardware supply chain,11/03/2020,high,mitre,supply chain compromise: compromise hardware supply chain,supply chain compromise: compromise hardware supply chain,high,2010,7d9e77e0f1fba66b55c5,3fedb4c1b09da8ba2020,False,"Identity, Access & Persistence",mitre_parent:supply chain compromise,alta,asignada,2020-03-11,fecha_fuente_no_verificada_como_incidente,tecnica_mitre,,"linux, windows, macos",__NO_INFORMADO__,"linux, windows, macos",4,False
"linux, windows, macos",,user execution: malicious file,11/03/2020,high,mitre,user execution: malicious file,user execution: malicious file,high,2074,9e7995a31947e4e79342,e3fe6ceb2309e78971fe,False,Code Execution & Injection,mitre_parent:user execution,alta,asignada,2020-03-11,fecha_fuente_no_verificada_como_incidente,tecnica_mitre,,"linux, windows, macos",__NO_INFORMADO__,"linux, windows, macos",4,False
"esxi, linux, windows, macos",,dynamic resolution: fast flux dns,11/03/2020,low,mitre,dynamic resolution: fast flux dns,dynamic resolution: fast flux dns,low,1620,b4b3c1ac13b4b9a99177,385caec157662c231ea3,False,Reconnaissance & Attack Operations,mitre_parent:dynamic resolution,alta,asignada,2020-03-11,fecha_fuente_no_verificada_como_incidente,tecnica_mitre,,"esxi, linux, windows, macos",__NO_INFORMADO__,"esxi, linux, windows, macos",0,False
"linux, windows, macos",,supply chain compromise: compromise software supply chain,11/03/2020,high,mitre,supply chain compromise: compromise software supply chain,supply chain compromise: compromise software supply chain,high,2012,d75d514c5417bfbf082c,53976651ca448696e588,False,"Identity, Access & Persistence",mitre_parent:supply chain compromise,alta,asignada,2020-03-11,fecha_fuente_no_verificada_como_incidente,tecnica_mitre,,"linux, windows, macos",__NO_INFORMADO__,"linux, windows, macos",4,False
"linux, windows, macos",,supply chain compromise: compromise software dependencies and development tools,11/03/2020,high,mitre,supply chain compromise: compromise software dependencies and development tools,supply chain compromise: compromise software dependencies and development tools,high,2011,e6aaf2a3dfc6647a0d38,22cd5309d75630bc8911,False,"Identity, Access & Persistence",mitre_parent:supply chain compromise,alta,asignada,2020-03-11,fecha_fuente_no_verificada_como_incidente,tecnica_mitre,,"linux, windows, macos",__NO_INFORMADO__,"linux, windows, macos",4,False
"linux, windows, macos",,permission groups discovery: local groups,12/03/2020,medium,mitre,permission groups discovery: local groups,permission groups discovery: local groups,medium,1882,b6024bacf4f9604d3d1b,bcbdf558b676b4af74fd,False,Reconnaissance & Attack Operations,mitre_parent:permission groups discovery,alta,asignada,2020-03-12,fecha_fuente_no_verificada_como_incidente,tecnica_mitre,,"linux, windows, macos",__NO_INFORMADO__,"linux, windows, macos",2,False
windows,,hijack execution flow: services file permissions weakness,12/03/2020,medium/high,mitre,hijack execution flow: services file permissions weakness,hijack execution flow: services file permissions weakness,medium/high,1745,b61e6de407da46d8cc62,059c3a0c528b11765e44,False,"Identity, Access & Persistence",mitre_parent:hijack execution flow,alta,asignada,2020-03-12,fecha_fuente_no_verificada_como_incidente,tecnica_mitre,,windows,__NO_INFORMADO__,windows,3,False
"linux, windows, macos",,hijack execution flow,12/03/2020,medium/high,mitre,hijack execution flow,hijack execution flow,medium/high,1734,e9ee378c75385e9579fe,1acdbcc34e5945964133,False,"Identity, Access & Persistence",mitre_parent:hijack execution flow,alta,asignada,2020-03-12,fecha_fuente_no_verificada_como_incidente,tecnica_mitre,,"linux, windows, macos",__NO_INFORMADO__,"linux, windows, macos",3,False
"linux, windows, macos",,hijack execution flow: path interception by path environment variable,13/03/2020,medium/high,mitre,remote_code_execution,remote_code_execution,medium/high,1742,0b7039323fecedc9ad3b,2876a0d6d0c3a76bf704,False,"Identity, Access & Persistence",mitre_parent:hijack execution flow,alta,asignada,2020-03-13,fecha_fuente_no_verificada_como_incidente,tecnica_mitre,,"linux, windows, macos",__NO_INFORMADO__,"linux, windows, macos",3,False
windows,,hijack execution flow: services registry permissions weakness,13/03/2020,medium/high,mitre,hijack execution flow: services registry permissions weakness,hijack execution flow: services registry permissions weakness,medium/high,1746,16f8f42383ef8a553c8c,9bf2bc280328ebf3034f,False,"Identity, Access & Persistence",mitre_parent:hijack execution flow,alta,asignada,2020-03-13,fecha_fuente_no_verificada_como_incidente,tecnica_mitre,,windows,__NO_INFORMADO__,windows,3,False
"containers, esxi, linux, network devices, windows, macos",,valid accounts: local accounts,13/03/2020,medium/high,mitre,valid accounts: local accounts,valid accounts: local accounts,medium/high,2081,1bf0b25521b6b9d389e9,7f23bc5c8a021816c578,False,"Identity, Access & Persistence",mitre_parent:valid accounts,alta,asignada,2020-03-13,fecha_fuente_no_verificada_como_incidente,tecnica_mitre,,"containers, esxi, linux, network devices, windows, macos",__NO_INFORMADO__,"containers, esxi, linux, network devices, windows, macos",3,False
"containers, esxi, iaas, identity provider, linux, network devices, office suite, saas, windows, macos",,valid accounts: default accounts,13/03/2020,medium/high,mitre,valid accounts: default accounts,valid accounts: default accounts,medium/high,2079,267940e71c980df688ac,8291d35892b42eef66f4,False,"Identity, Access & Persistence",mitre_parent:valid accounts,alta,asignada,2020-03-13,fecha_fuente_no_verificada_como_incidente,tecnica_mitre,,"containers, esxi, iaas, identity provider, linux, network devices, office suite, saas, windows, macos",__NO_INFORMADO__,"containers, esxi, iaas, identity provider, linux, network devices, office suite, saas, windows, macos",3,False
windows,,hijack execution flow: dll,13/03/2020,medium/high,mitre,hijack execution flow: dll,hijack execution flow: dll,medium/high,1737,416d287df8fd606da31f,9d47d4ff33e40f1e4424,False,"Identity, Access & Persistence",mitre_parent:hijack execution flow,alta,asignada,2020-03-13,fecha_fuente_no_verificada_como_incidente,tecnica_mitre,,windows,__NO_INFORMADO__,windows,3,False
windows,,hide artifacts: ntfs file attributes,13/03/2020,medium/high,mitre,hide artifacts: ntfs file attributes,hide artifacts: ntfs file attributes,medium/high,1728,4b73690d74bd5a6a7df0,e6f1a1418fcd6a640f14,False,Reconnaissance & Attack Operations,mitre_parent:hide artifacts,alta,asignada,2020-03-13,fecha_fuente_no_verificada_como_incidente,tecnica_mitre,,windows,__NO_INFORMADO__,windows,3,False
windows,,hijack execution flow: path interception by search order hijacking,13/03/2020,medium/high,mitre,remote_code_execution,remote_code_execution,medium/high,1743,728b641b793c1f0125e8,2c1fdd95e749ea443b8a,False,"Identity, Access & Persistence",mitre_parent:hijack execution flow,alta,asignada,2020-03-13,fecha_fuente_no_verificada_como_incidente,tecnica_mitre,,windows,__NO_INFORMADO__,windows,3,False
"esxi, iaas, linux, windows, macos",,data staged: remote data staging,13/03/2020,medium,mitre,data staged: remote data staging,data staged: remote data staging,medium,1581,8cc8cbe3556fd383b4e4,8bd6aa0a819a75074ccb,False,Data Collection & Exfiltration,mitre_parent:data staged,alta,asignada,2020-03-13,fecha_fuente_no_verificada_como_incidente,tecnica_mitre,,"esxi, iaas, linux, windows, macos",__NO_INFORMADO__,"esxi, iaas, linux, windows, macos",2,False
"esxi, linux, windows, macos",,data staged: local data staging,13/03/2020,medium,mitre,data staged: local data staging,data staged: local data staging,medium,1580,a172b693a8905298b959,1555146dff20975f3c2f,False,Data Collection & Exfiltration,mitre_parent:data staged,alta,asignada,2020-03-13,fecha_fuente_no_verificada_como_incidente,tecnica_mitre,,"esxi, linux, windows, macos",__NO_INFORMADO__,"esxi, linux, windows, macos",2,False
windows,,hijack execution flow: path interception by unquoted path,13/03/2020,medium/high,mitre,remote_code_execution,remote_code_execution,medium/high,1744,d73e876b4aa82eabccf0,5f8f691306899638ba68,False,"Identity, Access & Persistence",mitre_parent:hijack execution flow,alta,asignada,2020-03-13,fecha_fuente_no_verificada_como_incidente,tecnica_mitre,,windows,__NO_INFORMADO__,windows,3,False
"linux, windows, macos",,hide artifacts: hidden users,13/03/2020,medium/high,mitre,hide artifacts: hidden users,hide artifacts: hidden users,medium/high,1725,d7afc7dda180e7fad0b5,27b35337cfc07ab9abfb,False,Reconnaissance & Attack Operations,mitre_parent:hide artifacts,alta,asignada,2020-03-13,fecha_fuente_no_verificada_como_incidente,tecnica_mitre,,"linux, windows, macos",__NO_INFORMADO__,"linux, windows, macos",3,False
"esxi, linux, windows, macos",,valid accounts: domain accounts,13/03/2020,medium/high,mitre,valid accounts: domain accounts,valid accounts: domain accounts,medium/high,2080,dedcfbf3f75d69c96cfc,32e65da453569c0b3b10,False,"Identity, Access & Persistence",mitre_parent:valid accounts,alta,asignada,2020-03-13,fecha_fuente_no_verificada_como_incidente,tecnica_mitre,,"esxi, linux, windows, macos",__NO_INFORMADO__,"esxi, linux, windows, macos",3,False
"iaas, identity provider, office suite, saas",,valid accounts: cloud accounts,13/03/2020,medium/high,mitre,valid accounts: cloud accounts,valid accounts: cloud accounts,medium/high,2078,ef2c0f4e96a4acdf065b,b34193914ebe36f2740e,False,"Identity, Access & Persistence",mitre_parent:valid accounts,alta,asignada,2020-03-13,fecha_fuente_no_verificada_como_incidente,tecnica_mitre,,"iaas, identity provider, office suite, saas",__NO_INFORMADO__,"iaas, identity provider, office suite, saas",3,False
"linux, macos",,hijack execution flow: dynamic linker hijacking,13/03/2020,medium/high,mitre,hijack execution flow: dynamic linker hijacking,hijack execution flow: dynamic linker hijacking,medium/high,1739,f6ba1ad0d71a387a3e08,f44b01445715920eda91,False,"Identity, Access & Persistence",mitre_parent:hijack execution flow,alta,asignada,2020-03-13,fecha_fuente_no_verificada_como_incidente,tecnica_mitre,,"linux, macos",__NO_INFORMADO__,"linux, macos",3,False
"linux, windows, macos",,hide artifacts: hidden window,13/03/2020,medium/high,mitre,hide artifacts: hidden window,hide artifacts: hidden window,medium/high,1726,fad6b984321e8548dd80,ce0966d393fd192746c0,False,Reconnaissance & Attack Operations,mitre_parent:hide artifacts,alta,asignada,2020-03-13,fecha_fuente_no_verificada_como_incidente,tecnica_mitre,,"linux, windows, macos",__NO_INFORMADO__,"linux, windows, macos",3,False
windows,,hijack execution flow: executable installer file permissions weakness,13/03/2020,medium/high,mitre,hijack execution flow: executable installer file permissions weakness,hijack execution flow: executable installer file permissions weakness,medium/high,1740,fbe9ece5bc12d2287b1c,17ae5f85e6a8b9662bfc,False,"Identity, Access & Persistence",mitre_parent:hijack execution flow,alta,asignada,2020-03-13,fecha_fuente_no_verificada_como_incidente,tecnica_mitre,,windows,__NO_INFORMADO__,windows,3,False
"esxi, linux, windows, macos",,web service: dead drop resolver,14/03/2020,low,mitre,web service: dead drop resolver,web service: dead drop resolver,low,2093,061c4d6631bda19038fb,a5be1686e620c1ab21ec,False,Reconnaissance & Attack Operations,mitre_parent:web service,alta,asignada,2020-03-14,fecha_fuente_no_verificada_como_incidente,tecnica_mitre,,"esxi, linux, windows, macos",__NO_INFORMADO__,"esxi, linux, windows, macos",0,False
"esxi, linux, windows, macos",,non-standard port,14/03/2020,low,mitre,non-standard port,non-standard port,low,1834,07c60b59a57443edcd12,7449e136768502e8d4bc,False,Reconnaissance & Attack Operations,mitre_parent:non-standard port,alta,asignada,2020-03-14,fecha_fuente_no_verificada_como_incidente,tecnica_mitre,,"esxi, linux, windows, macos",__NO_INFORMADO__,"esxi, linux, windows, macos",0,False
"esxi, linux, windows, macos",,proxy: domain fronting,14/03/2020,low,mitre,proxy: domain fronting,proxy: domain fronting,low,1917,1e08b7638e13ec4b4f4d,cb8ed5a4dd10f31baee1,False,Reconnaissance & Attack Operations,mitre_parent:proxy,alta,asignada,2020-03-14,fecha_fuente_no_verificada_como_incidente,tecnica_mitre,,"esxi, linux, windows, macos",__NO_INFORMADO__,"esxi, linux, windows, macos",0,False
"esxi, linux, windows, macos",,data encoding: non-standard encoding,14/03/2020,low,mitre,data encoding: non-standard encoding,data encoding: non-standard encoding,low,1568,2d3d6b94b50009554cc4,06beb2a8f5f45a40d60b,False,Reconnaissance & Attack Operations,mitre_parent:data encoding,alta,asignada,2020-03-14,fecha_fuente_no_verificada_como_incidente,tecnica_mitre,,"esxi, linux, windows, macos",__NO_INFORMADO__,"esxi, linux, windows, macos",0,False
"esxi, linux, windows, macos",,web service: bidirectional communication,14/03/2020,low,mitre,web service: bidirectional communication,web service: bidirectional communication,low,2092,4d9cc87648afbead2847,5e1e34d37a451cf0346f,False,Reconnaissance & Attack Operations,mitre_parent:web service,alta,asignada,2020-03-14,fecha_fuente_no_verificada_como_incidente,tecnica_mitre,,"esxi, linux, windows, macos",__NO_INFORMADO__,"esxi, linux, windows, macos",0,False
"esxi, linux, network devices, windows, macos",,proxy: internal proxy,14/03/2020,low,mitre,proxy: internal proxy,proxy: internal proxy,low,1919,6f0cbbc11e697ff62db8,59a6287a80aae27bd9db,False,Reconnaissance & Attack Operations,mitre_parent:proxy,alta,asignada,2020-03-14,fecha_fuente_no_verificada_como_incidente,tecnica_mitre,,"esxi, linux, network devices, windows, macos",__NO_INFORMADO__,"esxi, linux, network devices, windows, macos",0,False
"esxi, linux, network devices, windows, macos",,proxy: multi-hop proxy,14/03/2020,low,mitre,proxy: multi-hop proxy,proxy: multi-hop proxy,low,1920,706fa50bd190caee34e0,040ea8182fc7c674ff21,False,Reconnaissance & Attack Operations,mitre_parent:proxy,alta,asignada,2020-03-14,fecha_fuente_no_verificada_como_incidente,tecnica_mitre,,"esxi, linux, network devices, windows, macos",__NO_INFORMADO__,"esxi, linux, network devices, windows, macos",0,False
"esxi, linux, windows, macos",,data encoding: standard encoding,14/03/2020,low,mitre,data encoding: standard encoding,data encoding: standard encoding,low,1569,a8b3ca370cb4dc69c858,5555275eb3565068f74a,False,Reconnaissance & Attack Operations,mitre_parent:data encoding,alta,asignada,2020-03-14,fecha_fuente_no_verificada_como_incidente,tecnica_mitre,,"esxi, linux, windows, macos",__NO_INFORMADO__,"esxi, linux, windows, macos",0,False
"esxi, linux, windows, macos",,web service: one-way communication,14/03/2020,low,mitre,web service: one-way communication,web service: one-way communication,low,2094,dbccadf7046be41f3e4c,47f3bc7cd584ae218027,False,Reconnaissance & Attack Operations,mitre_parent:web service,alta,asignada,2020-03-14,fecha_fuente_no_verificada_como_incidente,tecnica_mitre,,"esxi, linux, windows, macos",__NO_INFORMADO__,"esxi, linux, windows, macos",0,False
"esxi, linux, network devices, windows, macos",,proxy: external proxy,14/03/2020,low,mitre,proxy: external proxy,proxy: external proxy,low,1918,dd2373cfd80e02918f89,59b29b34eaa9c58600ad,False,Reconnaissance & Attack Operations,mitre_parent:proxy,alta,asignada,2020-03-14,fecha_fuente_no_verificada_como_incidente,tecnica_mitre,,"esxi, linux, network devices, windows, macos",__NO_INFORMADO__,"esxi, linux, network devices, windows, macos",0,False
"linux, network devices, windows, macos",,application layer protocol: mail protocols,15/03/2020,low,mitre,application layer protocol: mail protocols,application layer protocol: mail protocols,low,1468,01ddbf2dc484f36937cd,7e86399893ff8d2d7d64,False,Reconnaissance & Attack Operations,mitre_parent:application layer protocol,alta,asignada,2020-03-15,fecha_fuente_no_verificada_como_incidente,tecnica_mitre,,"linux, network devices, windows, macos",__NO_INFORMADO__,"linux, network devices, windows, macos",0,False
"esxi, linux, network devices, windows, macos",,application layer protocol: web protocols,15/03/2020,low,mitre,application layer protocol: web protocols,application layer protocol: web protocols,low,1470,1212561a3bdb1d0b1ba8,6e72d8b650c3bfdfaaf8,False,Reconnaissance & Attack Operations,mitre_parent:application layer protocol,alta,asignada,2020-03-15,fecha_fuente_no_verificada_como_incidente,tecnica_mitre,,"esxi, linux, network devices, windows, macos",__NO_INFORMADO__,"esxi, linux, network devices, windows, macos",0,False
"esxi, linux, windows, macos",,data obfuscation: steganography,15/03/2020,low,mitre,data obfuscation: steganography,data obfuscation: steganography,low,1578,34db077b9bfb29bec281,f37a2acd8683e567ede2,False,Reconnaissance & Attack Operations,mitre_parent:data obfuscation,alta,asignada,2020-03-15,fecha_fuente_no_verificada_como_incidente,tecnica_mitre,,"esxi, linux, windows, macos",__NO_INFORMADO__,"esxi, linux, windows, macos",0,False
"esxi, linux, windows, macos",,data obfuscation: junk data,15/03/2020,low,mitre,data obfuscation: junk data,data obfuscation: junk data,low,1576,3e85bf4bc6e2ab75671f,8b2b1dd311fd6dbc0ad1,False,Reconnaissance & Attack Operations,mitre_parent:data obfuscation,alta,asignada,2020-03-15,fecha_fuente_no_verificada_como_incidente,tecnica_mitre,,"esxi, linux, windows, macos",__NO_INFORMADO__,"esxi, linux, windows, macos",0,False
"esxi, linux, network devices, windows, macos",,application layer protocol: dns,15/03/2020,low,mitre,application layer protocol: dns,application layer protocol: dns,low,1466,7732de9ad1e81ffb9f4e,cc712b68d08414c5f579,False,Reconnaissance & Attack Operations,mitre_parent:application layer protocol,alta,asignada,2020-03-15,fecha_fuente_no_verificada_como_incidente,tecnica_mitre,,"esxi, linux, network devices, windows, macos",__NO_INFORMADO__,"esxi, linux, network devices, windows, macos",0,False
"esxi, linux, windows, macos",,protocol tunneling,15/03/2020,low,mitre,protocol tunneling,protocol tunneling,low,1915,9446a311c5a2a75d349e,1565e99058d49a1efa89,False,Reconnaissance & Attack Operations,mitre_parent:protocol tunneling,alta,asignada,2020-03-15,fecha_fuente_no_verificada_como_incidente,tecnica_mitre,,"esxi, linux, windows, macos",__NO_INFORMADO__,"esxi, linux, windows, macos",0,False
"esxi, linux, windows, macos",,data obfuscation: protocol or service impersonation,15/03/2020,low,mitre,data obfuscation: protocol or service impersonation,data obfuscation: protocol or service impersonation,low,1577,9935967274c0d24ce9ad,24b31574d37cbb7bda65,False,Reconnaissance & Attack Operations,mitre_parent:data obfuscation,alta,asignada,2020-03-15,fecha_fuente_no_verificada_como_incidente,tecnica_mitre,,"esxi, linux, windows, macos",__NO_INFORMADO__,"esxi, linux, windows, macos",0,False
"esxi, linux, network devices, windows, macos",,exfiltration over alternative protocol: exfiltration over unencrypted non-c2 protocol,15/03/2020,low,mitre,exfiltration over alternative protocol: exfiltration over unencrypted non-c2 protocol,exfiltration over alternative protocol: exfiltration over unencrypted non-c2 protocol,low,1666,abc2c25a1273e1f01c02,2f2fe2bf37d37d9ca463,False,Data Collection & Exfiltration,mitre_parent:exfiltration over alternative protocol,alta,asignada,2020-03-15,fecha_fuente_no_verificada_como_incidente,tecnica_mitre,,"esxi, linux, network devices, windows, macos",__NO_INFORMADO__,"esxi, linux, network devices, windows, macos",0,False
"esxi, linux, windows, macos",,exfiltration over alternative protocol: exfiltration over symmetric encrypted non-c2 protocol,15/03/2020,low,mitre,exfiltration over alternative protocol: exfiltration over symmetric encrypted non-c2 protocol,exfiltration over alternative protocol: exfiltration over symmetric encrypted non-c2 protocol,low,1665,be58797ea5171122a251,498779cf9a95890e159c,False,Data Collection & Exfiltration,mitre_parent:exfiltration over alternative protocol,alta,asignada,2020-03-15,fecha_fuente_no_verificada_como_incidente,tecnica_mitre,,"esxi, linux, windows, macos",__NO_INFORMADO__,"esxi, linux, windows, macos",0,False
"esxi, linux, network devices, windows, macos",,application layer protocol: file transfer protocols,15/03/2020,low,mitre,application layer protocol: file transfer protocols,application layer protocol: file transfer protocols,low,1467,e21beac7b001a29dd1d4,d9fdebfcf04ca247c331,False,Reconnaissance & Attack Operations,mitre_parent:application layer protocol,alta,asignada,2020-03-15,fecha_fuente_no_verificada_como_incidente,tecnica_mitre,,"esxi, linux, network devices, windows, macos",__NO_INFORMADO__,"esxi, linux, network devices, windows, macos",0,False
"esxi, linux, windows, macos",,exfiltration over alternative protocol: exfiltration over asymmetric encrypted non-c2 protocol,15/03/2020,low,mitre,exfiltration over alternative protocol: exfiltration over asymmetric encrypted non-c2 protocol,exfiltration over alternative protocol: exfiltration over asymmetric encrypted non-c2 protocol,low,1664,e77e8af72435d4547446,4abf3b8e38cce05a2bc8,False,Data Collection & Exfiltration,mitre_parent:exfiltration over alternative protocol,alta,asignada,2020-03-15,fecha_fuente_no_verificada_como_incidente,tecnica_mitre,,"esxi, linux, windows, macos",__NO_INFORMADO__,"esxi, linux, windows, macos",0,False
"esxi, linux, network devices, windows, macos",,encrypted channel,16/03/2020,low,mitre,encrypted channel,encrypted channel,low,1628,1bb6700666c8835c5741,27e9bdd4d0ca317a0e5e,False,Reconnaissance & Attack Operations,mitre_parent:encrypted channel,alta,asignada,2020-03-16,fecha_fuente_no_verificada_como_incidente,tecnica_mitre,,"esxi, linux, network devices, windows, macos",__NO_INFORMADO__,"esxi, linux, network devices, windows, macos",0,False
"esxi, linux, network devices, windows, macos",,encrypted channel: asymmetric cryptography,16/03/2020,low,mitre,encrypted channel: asymmetric cryptography,encrypted channel: asymmetric cryptography,low,1629,5d7b7eff5d9a735ab232,69c65e8d6cf3c05fcc03,False,Reconnaissance & Attack Operations,mitre_parent:encrypted channel,alta,asignada,2020-03-16,fecha_fuente_no_verificada_como_incidente,tecnica_mitre,,"esxi, linux, network devices, windows, macos",__NO_INFORMADO__,"esxi, linux, network devices, windows, macos",0,False
"linux, windows, macos",,obfuscated files or information: compile after delivery,16/03/2020,medium/high,mitre,obfuscated files or information: compile after delivery,obfuscated files or information: compile after delivery,medium/high,1847,a8acc07988293723885e,8b0366519f2082cf509c,False,Reconnaissance & Attack Operations,mitre_parent:obfuscated files or information,alta,asignada,2020-03-16,fecha_fuente_no_verificada_como_incidente,tecnica_mitre,,"linux, windows, macos",__NO_INFORMADO__,"linux, windows, macos",3,False
windows,,event triggered execution: component object model hijacking,16/03/2020,medium/high,mitre,event triggered execution: component object model hijacking,event triggered execution: component object model hijacking,medium/high,1647,a8df9cd1ddbf7e4bdd22,bcda54d29d4bd127a6d2,False,"Identity, Access & Persistence",mitre_parent:event triggered execution,alta,asignada,2020-03-16,fecha_fuente_no_verificada_como_incidente,tecnica_mitre,,windows,__NO_INFORMADO__,windows,3,False
"esxi, linux, network devices, windows, macos",,encrypted channel: symmetric cryptography,16/03/2020,low,mitre,encrypted channel: symmetric cryptography,encrypted channel: symmetric cryptography,low,1630,ab53fee556ea81c48772,a029b91eab4f399b1f8d,False,Reconnaissance & Attack Operations,mitre_parent:encrypted channel,alta,asignada,2020-03-16,fecha_fuente_no_verificada_como_incidente,tecnica_mitre,,"esxi, linux, network devices, windows, macos",__NO_INFORMADO__,"esxi, linux, network devices, windows, macos",0,False
macos,,hijack execution flow: dylib hijacking,16/03/2020,medium/high,mitre,hijack execution flow: dylib hijacking,hijack execution flow: dylib hijacking,medium/high,1738,dad5d65d95322c2a823e,801f141f5075ed92790c,False,"Identity, Access & Persistence",mitre_parent:hijack execution flow,alta,asignada,2020-03-16,fecha_fuente_no_verificada_como_incidente,tecnica_mitre,,macos,__NO_INFORMADO__,macos,3,False
"linux, windows, macos",,obfuscated files or information: indicator removal from tools,19/03/2020,medium/high,mitre,obfuscated files or information: indicator removal from tools,obfuscated files or information: indicator removal from tools,medium/high,1854,0d8fc059b6444cefd597,138deea02306d5f7c26f,False,Reconnaissance & Attack Operations,mitre_parent:obfuscated files or information,alta,asignada,2020-03-19,fecha_fuente_no_verificada_como_incidente,tecnica_mitre,,"linux, windows, macos",__NO_INFORMADO__,"linux, windows, macos",3,False
"esxi, linux, windows, macos",,impair defenses: indicator blocking,19/03/2020,medium/high,mitre,impair defenses: indicator blocking,impair defenses: indicator blocking,medium/high,1756,4b659e4702334236239e,0efadfbf0515ed498dbc,False,Reconnaissance & Attack Operations,mitre_parent:impair defenses,alta,asignada,2020-03-19,fecha_fuente_no_verificada_como_incidente,tecnica_mitre,,"esxi, linux, windows, macos",__NO_INFORMADO__,"esxi, linux, windows, macos",3,False
windows,,trusted developer utilities proxy execution: msbuild,27/03/2020,medium/high,mitre,trusted developer utilities proxy execution: msbuild,trusted developer utilities proxy execution: msbuild,medium/high,2055,4e40de813ecd65e92544,fea62123f03f4fb4eaa3,False,Code Execution & Injection,mitre_parent:trusted developer utilities proxy execution,alta,asignada,2020-03-27,fecha_fuente_no_verificada_como_incidente,tecnica_mitre,,windows,__NO_INFORMADO__,windows,3,False
iaas,,modify cloud compute infrastructure: create cloud instance,14/05/2020,medium/high,mitre,modify cloud compute infrastructure: create cloud instance,modify cloud compute infrastructure: create cloud instance,medium/high,1811,5ee7c9a1376a0f03fd1c,2cf494f68dcf7b49ca3c,False,"Identity, Access & Persistence",mitre_parent:modify cloud compute infrastructure,alta,asignada,2020-05-14,fecha_fuente_no_verificada_como_incidente,tecnica_mitre,,iaas,__NO_INFORMADO__,iaas,3,False
iaas,,modify cloud compute infrastructure: create snapshot,09/06/2020,medium/high,mitre,modify cloud compute infrastructure: create snapshot,modify cloud compute infrastructure: create snapshot,medium/high,1812,98367808a0383338a138,abbb67065d69b310998c,False,"Identity, Access & Persistence",mitre_parent:modify cloud compute infrastructure,alta,asignada,2020-06-09,fecha_fuente_no_verificada_como_incidente,tecnica_mitre,,iaas,__NO_INFORMADO__,iaas,3,False
iaas,,modify cloud compute infrastructure: delete cloud instance,16/06/2020,medium/high,mitre,modify cloud compute infrastructure: delete cloud instance,modify cloud compute infrastructure: delete cloud instance,medium/high,1813,9160dadd22501d33b409,efade7b9c096b7e0b124,False,"Identity, Access & Persistence",mitre_parent:modify cloud compute infrastructure,alta,asignada,2020-06-16,fecha_fuente_no_verificada_como_incidente,tecnica_mitre,,iaas,__NO_INFORMADO__,iaas,3,False
iaas,,modify cloud compute infrastructure: revert cloud instance,16/06/2020,medium/high,mitre,modify cloud compute infrastructure: revert cloud instance,modify cloud compute infrastructure: revert cloud instance,medium/high,1815,ac8af55abca255b5253a,0b50650b1c31ec99823c,False,"Identity, Access & Persistence",mitre_parent:modify cloud compute infrastructure,alta,asignada,2020-06-16,fecha_fuente_no_verificada_como_incidente,tecnica_mitre,,iaas,__NO_INFORMADO__,iaas,3,False
"linux, windows, macos",,execution guardrails: environmental keying,23/06/2020,medium/high,mitre,execution guardrails: environmental keying,execution guardrails: environmental keying,medium/high,1661,77e33b07532f5eab2b9d,0518397425445b4577d3,False,Reconnaissance & Attack Operations,mitre_parent:execution guardrails,alta,asignada,2020-06-23,fecha_fuente_no_verificada_como_incidente,tecnica_mitre,,"linux, windows, macos",__NO_INFORMADO__,"linux, windows, macos",3,False
"linux, windows, macos",,command and scripting interpreter: javascript,23/06/2020,high,mitre,command and scripting interpreter: javascript,command and scripting interpreter: javascript,high,1522,f62c929638df6e23c607,6706b4cc3f53df126a7e,False,Code Execution & Injection,mitre_parent:command and scripting interpreter,alta,asignada,2020-06-23,fecha_fuente_no_verificada_como_incidente,tecnica_mitre,,"linux, windows, macos",__NO_INFORMADO__,"linux, windows, macos",4,False
iaas,,impair defenses: disable or modify cloud firewall,24/06/2020,medium/high,mitre,impair defenses: disable or modify cloud firewall,impair defenses: disable or modify cloud firewall,medium/high,1749,3dc08746b056a53c853f,755804ef39549034a3c1,False,Reconnaissance & Attack Operations,mitre_parent:impair defenses,alta,asignada,2020-06-24,fecha_fuente_no_verificada_como_incidente,tecnica_mitre,,iaas,__NO_INFORMADO__,iaas,3,False
"esxi, iaas, linux, network devices, macos",,account manipulation: ssh authorized keys,24/06/2020,medium/high,mitre,account manipulation: ssh authorized keys,account manipulation: ssh authorized keys,medium/high,1445,c67ed2ae8f3ededa7785,18b9d0b6045b0123d4b7,False,"Identity, Access & Persistence",mitre_parent:account manipulation,alta,asignada,2020-06-24,fecha_fuente_no_verificada_como_incidente,tecnica_mitre,,"esxi, iaas, linux, network devices, macos",__NO_INFORMADO__,"esxi, iaas, linux, network devices, macos",3,False
windows,,hijack execution flow: cor_profiler,24/06/2020,medium/high,mitre,hijack execution flow: cor_profiler,hijack execution flow: cor_profiler,medium/high,1736,e562f0e616d593e3c127,0c76351dbb11b0adf45a,False,"Identity, Access & Persistence",mitre_parent:hijack execution flow,alta,asignada,2020-06-24,fecha_fuente_no_verificada_como_incidente,tecnica_mitre,,windows,__NO_INFORMADO__,windows,3,False
"linux, macos",,modify authentication process: pluggable authentication modules,26/06/2020,medium/high,mitre,modify authentication process: pluggable authentication modules,modify authentication process: pluggable authentication modules,medium/high,1808,c0088813e23e35328f37,637f45252810eea43dca,False,"Identity, Access & Persistence",mitre_parent:modify authentication process,alta,asignada,2020-06-26,fecha_fuente_no_verificada_como_incidente,tecnica_mitre,,"linux, macos",__NO_INFORMADO__,"linux, macos",3,False
"linux, windows, macos",,hide artifacts: hidden file system,28/06/2020,medium/high,mitre,hide artifacts: hidden file system,hide artifacts: hidden file system,medium/high,1723,1286c4f61513124da552,22e8bc10dd646b7635ee,False,Reconnaissance & Attack Operations,mitre_parent:hide artifacts,alta,asignada,2020-06-28,fecha_fuente_no_verificada_como_incidente,tecnica_mitre,,"linux, windows, macos",__NO_INFORMADO__,"linux, windows, macos",3,False
"esxi, linux, windows, macos",,hide artifacts: run virtual instance,29/06/2020,medium/high,mitre,hide artifacts: run virtual instance,hide artifacts: run virtual instance,medium/high,1731,6ae2201cdc3435cf0f7a,69a551abd57aab8f6384,False,Reconnaissance & Attack Operations,mitre_parent:hide artifacts,alta,asignada,2020-06-29,fecha_fuente_no_verificada_como_incidente,tecnica_mitre,,"esxi, linux, windows, macos",__NO_INFORMADO__,"esxi, linux, windows, macos",3,False
"linux, network devices, windows, macos",,traffic signaling: port knocking,01/07/2020,medium/high,mitre,traffic signaling: port knocking,traffic signaling: port knocking,medium/high,2049,5334cd0d18765ff2626d,7d0de3142aebf8e380cd,False,Reconnaissance & Attack Operations,mitre_parent:traffic signaling,alta,asignada,2020-07-01,fecha_fuente_no_verificada_como_incidente,tecnica_mitre,,"linux, network devices, windows, macos",__NO_INFORMADO__,"linux, network devices, windows, macos",3,False
windows,,system binary proxy execution: verclsid,10/08/2020,medium/high,mitre,system binary proxy execution: verclsid,system binary proxy execution: verclsid,medium/high,2027,b989f9030f2519da37d3,1b5bdf1fb155bd8ba799,False,Code Execution & Injection,mitre_parent:system binary proxy execution,alta,asignada,2020-08-10,fecha_fuente_no_verificada_como_incidente,tecnica_mitre,,windows,__NO_INFORMADO__,windows,3,False
iaas,,cloud infrastructure discovery,20/08/2020,medium,mitre,cloud infrastructure discovery,cloud infrastructure discovery,medium,1513,e3e3f69aad03e177407d,78e3cefcd7496d2c235c,False,Reconnaissance & Attack Operations,mitre_parent:cloud infrastructure discovery,alta,asignada,2020-08-20,fecha_fuente_no_verificada_como_incidente,tecnica_mitre,,iaas,__NO_INFORMADO__,iaas,2,False
windows,,steal or forge kerberos tickets: as-rep roasting,24/08/2020,medium/high,mitre,steal or forge kerberos tickets: as-rep roasting,steal or forge kerberos tickets: as-rep roasting,medium/high,1997,29f51571bbbbf1f9f6b9,d1107c9a830acb6ed911,False,"Identity, Access & Persistence",mitre_parent:steal or forge kerberos tickets,alta,asignada,2020-08-24,fecha_fuente_no_verificada_como_incidente,tecnica_mitre,,windows,__NO_INFORMADO__,windows,3,False
"linux, windows, macos",,hide artifacts: vba stomping,17/09/2020,medium/high,mitre,hide artifacts: vba stomping,hide artifacts: vba stomping,medium/high,1732,ffa828a5d59ddc230d1e,3d8b8466da911e9e0956,False,Reconnaissance & Attack Operations,mitre_parent:hide artifacts,alta,asignada,2020-09-17,fecha_fuente_no_verificada_como_incidente,tecnica_mitre,,"linux, windows, macos",__NO_INFORMADO__,"linux, windows, macos",3,False
pre,,acquire infrastructure: domains,30/09/2020,medium,mitre,acquire infrastructure: domains,acquire infrastructure: domains,medium,1450,b7e32db05fb792ad681e,8561a79fc0b518752663,False,Reconnaissance & Attack Operations,mitre_parent:acquire infrastructure,alta,asignada,2020-09-30,fecha_fuente_no_verificada_como_incidente,tecnica_mitre,,pre,__NO_INFORMADO__,pre,2,False
pre,,acquire infrastructure,30/09/2020,medium,mitre,acquire infrastructure,acquire infrastructure,medium,1447,b8b57a7acb4fc3ba7253,c86ecbafbd98c59f5727,False,Reconnaissance & Attack Operations,mitre_parent:acquire infrastructure,alta,asignada,2020-09-30,fecha_fuente_no_verificada_como_incidente,tecnica_mitre,,pre,__NO_INFORMADO__,pre,2,False
pre,,acquire infrastructure: virtual private server,01/10/2020,medium,mitre,acquire infrastructure: virtual private server,acquire infrastructure: virtual private server,medium,1454,21e987e70de377c43763,49d279ed054c2bfa66b0,False,Reconnaissance & Attack Operations,mitre_parent:acquire infrastructure,alta,asignada,2020-10-01,fecha_fuente_no_verificada_como_incidente,tecnica_mitre,,pre,__NO_INFORMADO__,pre,2,False
pre,,obtain capabilities: exploits,01/10/2020,medium,mitre,obtain capabilities: exploits,obtain capabilities: exploits,medium,1866,4934833ab29d6952a8b4,c6d9c08282e5fb5eec07,False,Reconnaissance & Attack Operations,mitre_parent:obtain capabilities,alta,asignada,2020-10-01,fecha_fuente_no_verificada_como_incidente,tecnica_mitre,,pre,__NO_INFORMADO__,pre,2,False
pre,,develop capabilities: exploits,01/10/2020,medium,mitre,develop capabilities: exploits,develop capabilities: exploits,medium,1605,509ceee5baa10a2431c4,9ebcd595aef2a8e5fffc,False,Reconnaissance & Attack Operations,mitre_parent:develop capabilities,alta,asignada,2020-10-01,fecha_fuente_no_verificada_como_incidente,tecnica_mitre,,pre,__NO_INFORMADO__,pre,2,False
pre,,compromise infrastructure: dns server,01/10/2020,medium,mitre,compromise infrastructure: dns server,compromise infrastructure: dns server,medium,1538,5d12b6d226b7b2120b65,ee3d5b5cda9d81c3d342,False,Reconnaissance & Attack Operations,mitre_parent:compromise infrastructure,alta,asignada,2020-10-01,fecha_fuente_no_verificada_como_incidente,tecnica_mitre,,pre,__NO_INFORMADO__,pre,2,False
pre,,acquire infrastructure: dns server,01/10/2020,medium,mitre,acquire infrastructure: dns server,acquire infrastructure: dns server,medium,1449,5e152a865599f67f6e2d,71a330a141f4e7829886,False,Reconnaissance & Attack Operations,mitre_parent:acquire infrastructure,alta,asignada,2020-10-01,fecha_fuente_no_verificada_como_incidente,tecnica_mitre,,pre,__NO_INFORMADO__,pre,2,False
pre,,acquire infrastructure: server,01/10/2020,medium,mitre,acquire infrastructure: server,acquire infrastructure: server,medium,1452,63522214e45577750b0a,90ebabce9240637c22c0,False,Reconnaissance & Attack Operations,mitre_parent:acquire infrastructure,alta,asignada,2020-10-01,fecha_fuente_no_verificada_como_incidente,tecnica_mitre,,pre,__NO_INFORMADO__,pre,2,False
pre,,develop capabilities: malware,01/10/2020,medium,mitre,develop capabilities: malware,develop capabilities: malware,medium,1606,752aea5efefd0e3d2d83,b1e11767f41a68f25f14,False,Reconnaissance & Attack Operations,mitre_parent:develop capabilities,alta,asignada,2020-10-01,fecha_fuente_no_verificada_como_incidente,tecnica_mitre,,pre,__NO_INFORMADO__,pre,2,False
pre,,compromise infrastructure: domains,01/10/2020,medium,mitre,compromise infrastructure: domains,compromise infrastructure: domains,medium,1539,80d624bada4ffbaa12bc,448ea1ec101d200830ee,False,Reconnaissance & Attack Operations,mitre_parent:compromise infrastructure,alta,asignada,2020-10-01,fecha_fuente_no_verificada_como_incidente,tecnica_mitre,,pre,__NO_INFORMADO__,pre,2,False
pre,,compromise accounts: social media accounts,01/10/2020,medium,mitre,compromise accounts: social media accounts,compromise accounts: social media accounts,medium,1534,842e4a77da074dde80a5,1f1033d53618f46ae06d,False,"Identity, Access & Persistence",mitre_parent:compromise accounts,alta,asignada,2020-10-01,fecha_fuente_no_verificada_como_incidente,tecnica_mitre,,pre,__NO_INFORMADO__,pre,2,False
pre,,obtain capabilities: tool,01/10/2020,medium,mitre,obtain capabilities: tool,obtain capabilities: tool,medium,1868,861b779ad094dbccf088,34b8163c9b4dcdc8abc0,False,Reconnaissance & Attack Operations,mitre_parent:obtain capabilities,alta,asignada,2020-10-01,fecha_fuente_no_verificada_como_incidente,tecnica_mitre,,pre,__NO_INFORMADO__,pre,2,False
pre,,compromise infrastructure: botnet,01/10/2020,medium,mitre,compromise infrastructure: botnet,compromise infrastructure: botnet,medium,1537,91b0328a9d31aec3f56b,911cca7989e432dae04a,False,Reconnaissance & Attack Operations,mitre_parent:compromise infrastructure,alta,asignada,2020-10-01,fecha_fuente_no_verificada_como_incidente,tecnica_mitre,,pre,__NO_INFORMADO__,pre,2,False
pre,,obtain capabilities: digital certificates,01/10/2020,medium,mitre,obtain capabilities: digital certificates,obtain capabilities: digital certificates,medium,1865,91c6c3d15684ee145b94,8debc04c233c42c96a37,False,Reconnaissance & Attack Operations,mitre_parent:obtain capabilities,alta,asignada,2020-10-01,fecha_fuente_no_verificada_como_incidente,tecnica_mitre,,pre,__NO_INFORMADO__,pre,2,False
pre,,compromise infrastructure: virtual private server,01/10/2020,medium,mitre,compromise infrastructure: virtual private server,compromise infrastructure: virtual private server,medium,1543,99e0fc5488319121fd2b,569d58a760b1dfe7c1cb,False,Reconnaissance & Attack Operations,mitre_parent:compromise infrastructure,alta,asignada,2020-10-01,fecha_fuente_no_verificada_como_incidente,tecnica_mitre,,pre,__NO_INFORMADO__,pre,2,False
pre,,compromise infrastructure,01/10/2020,medium,mitre,compromise infrastructure,compromise infrastructure,medium,1536,9ae76ef13299a301b15d,f3cae73a2da6b2db46b3,False,Reconnaissance & Attack Operations,mitre_parent:compromise infrastructure,alta,asignada,2020-10-01,fecha_fuente_no_verificada_como_incidente,tecnica_mitre,,pre,__NO_INFORMADO__,pre,2,False
pre,,acquire infrastructure: botnet,01/10/2020,medium,mitre,acquire infrastructure: botnet,acquire infrastructure: botnet,medium,1448,9be5f54167a3319e6ebe,56a52aefbbd4bf3fdd30,False,Reconnaissance & Attack Operations,mitre_parent:acquire infrastructure,alta,asignada,2020-10-01,fecha_fuente_no_verificada_como_incidente,tecnica_mitre,,pre,__NO_INFORMADO__,pre,2,False
pre,,establish accounts: social media accounts,01/10/2020,medium,mitre,establish accounts: social media accounts,establish accounts: social media accounts,medium,1640,a73b4c14c614cc86b65f,430004b70f9e6c942220,False,Reconnaissance & Attack Operations,mitre_parent:establish accounts,alta,asignada,2020-10-01,fecha_fuente_no_verificada_como_incidente,tecnica_mitre,,pre,__NO_INFORMADO__,pre,2,False
pre,,compromise accounts,01/10/2020,medium,mitre,compromise accounts,compromise accounts,medium,1531,bb6126156e50347a37b9,97dcaa656d3dcf96bec2,False,"Identity, Access & Persistence",mitre_parent:compromise accounts,alta,asignada,2020-10-01,fecha_fuente_no_verificada_como_incidente,tecnica_mitre,,pre,__NO_INFORMADO__,pre,2,False
pre,,compromise infrastructure: web services,01/10/2020,medium,mitre,compromise infrastructure: web services,compromise infrastructure: web services,medium,1544,c8af8a5b7cd1b583a8fe,78b91f56dfee5e74f497,False,Reconnaissance & Attack Operations,mitre_parent:compromise infrastructure,alta,asignada,2020-10-01,fecha_fuente_no_verificada_como_incidente,tecnica_mitre,,pre,__NO_INFORMADO__,pre,2,False
pre,,develop capabilities: digital certificates,01/10/2020,medium,mitre,develop capabilities: digital certificates,develop capabilities: digital certificates,medium,1604,c9e50b0a1d7775188054,8091da2b44e8c3aee90e,False,Reconnaissance & Attack Operations,mitre_parent:develop capabilities,alta,asignada,2020-10-01,fecha_fuente_no_verificada_como_incidente,tecnica_mitre,,pre,__NO_INFORMADO__,pre,2,False
pre,,compromise accounts: email accounts,01/10/2020,medium,mitre,compromise accounts: email accounts,compromise accounts: email accounts,medium,1533,cae5bda6aa64d9b1eea2,0942d07bbfa1028f642e,False,"Identity, Access & Persistence",mitre_parent:compromise accounts,alta,asignada,2020-10-01,fecha_fuente_no_verificada_como_incidente,tecnica_mitre,,pre,__NO_INFORMADO__,pre,2,False
pre,,develop capabilities,01/10/2020,medium,mitre,develop capabilities,develop capabilities,medium,1602,ccabe66e0033b807cdd4,ec68c98359efc29a014b,False,Reconnaissance & Attack Operations,mitre_parent:develop capabilities,alta,asignada,2020-10-01,fecha_fuente_no_verificada_como_incidente,tecnica_mitre,,pre,__NO_INFORMADO__,pre,2,False
pre,,compromise infrastructure: server,01/10/2020,medium,mitre,compromise infrastructure: server,compromise infrastructure: server,medium,1541,d585e010a51d984ed8f6,3078ffc91d4e0d8cf464,False,Reconnaissance & Attack Operations,mitre_parent:compromise infrastructure,alta,asignada,2020-10-01,fecha_fuente_no_verificada_como_incidente,tecnica_mitre,,pre,__NO_INFORMADO__,pre,2,False
pre,,acquire infrastructure: web services,01/10/2020,medium,mitre,acquire infrastructure: web services,acquire infrastructure: web services,medium,1455,d7c984e4f460715ae47d,802a02ff0dc897a52c33,False,Reconnaissance & Attack Operations,mitre_parent:acquire infrastructure,alta,asignada,2020-10-01,fecha_fuente_no_verificada_como_incidente,tecnica_mitre,,pre,__NO_INFORMADO__,pre,2,False
pre,,establish accounts,01/10/2020,medium,mitre,establish accounts,establish accounts,medium,1637,de06d0ca9cddef7d4952,84ce1e9586f068beb6d1,False,Reconnaissance & Attack Operations,mitre_parent:establish accounts,alta,asignada,2020-10-01,fecha_fuente_no_verificada_como_incidente,tecnica_mitre,,pre,__NO_INFORMADO__,pre,2,False
pre,,obtain capabilities: code signing certificates,01/10/2020,medium,mitre,obtain capabilities: code signing certificates,obtain capabilities: code signing certificates,medium,1864,f2e4ac26dbcadd3680cb,56a7925112e9f59b1388,False,Reconnaissance & Attack Operations,mitre_parent:obtain capabilities,alta,asignada,2020-10-01,fecha_fuente_no_verificada_como_incidente,tecnica_mitre,,pre,__NO_INFORMADO__,pre,2,False
pre,,obtain capabilities: malware,01/10/2020,medium,mitre,obtain capabilities: malware,obtain capabilities: malware,medium,1867,f70d589bdcb5639b7555,1cc24a5d07287d747898,False,Reconnaissance & Attack Operations,mitre_parent:obtain capabilities,alta,asignada,2020-10-01,fecha_fuente_no_verificada_como_incidente,tecnica_mitre,,pre,__NO_INFORMADO__,pre,2,False
pre,,develop capabilities: code signing certificates,01/10/2020,medium,mitre,develop capabilities: code signing certificates,develop capabilities: code signing certificates,medium,1603,f99cabbeab91c314b556,a604662903ae4edac47e,False,Reconnaissance & Attack Operations,mitre_parent:develop capabilities,alta,asignada,2020-10-01,fecha_fuente_no_verificada_como_incidente,tecnica_mitre,,pre,__NO_INFORMADO__,pre,2,False
pre,,establish accounts: email accounts,01/10/2020,medium,mitre,establish accounts: email accounts,establish accounts: email accounts,medium,1639,fa4d9e486a0a1729fbb1,ca8327afa331b6cb175e,False,Reconnaissance & Attack Operations,mitre_parent:establish accounts,alta,asignada,2020-10-01,fecha_fuente_no_verificada_como_incidente,tecnica_mitre,,pre,__NO_INFORMADO__,pre,2,False
pre,,obtain capabilities,01/10/2020,medium,mitre,obtain capabilities,obtain capabilities,medium,1862,ffc27f96258318cca30a,a9a619c274fb2e20f5a2,False,Reconnaissance & Attack Operations,mitre_parent:obtain capabilities,alta,asignada,2020-10-01,fecha_fuente_no_verificada_como_incidente,tecnica_mitre,,pre,__NO_INFORMADO__,pre,2,False
pre,,active scanning: scanning ip blocks,02/10/2020,low/medium,mitre,active scanning: scanning ip blocks,active scanning: scanning ip blocks,low/medium,1457,04bf155161bc004c5d9a,5f6e065ad2b6c49ae4f2,False,Reconnaissance & Attack Operations,mitre_parent:active scanning,alta,asignada,2020-10-02,fecha_fuente_no_verificada_como_incidente,tecnica_mitre,,pre,__NO_INFORMADO__,pre,1,False
pre,,search open technical databases: cdns,02/10/2020,low/medium,mitre,search open technical databases: cdns,search open technical databases: cdns,low/medium,1960,0a551dd119b3fafbced6,4957d61b154085287aa1,False,Reconnaissance & Attack Operations,mitre_parent:search open technical databases,alta,asignada,2020-10-02,fecha_fuente_no_verificada_como_incidente,tecnica_mitre,,pre,__NO_INFORMADO__,pre,1,False
pre,,search open technical databases,02/10/2020,low/medium,mitre,search open technical databases,search open technical databases,low/medium,1959,10ce531a212e1a00fc8a,2cfd47892fd240efcc83,False,Reconnaissance & Attack Operations,mitre_parent:search open technical databases,alta,asignada,2020-10-02,fecha_fuente_no_verificada_como_incidente,tecnica_mitre,,pre,__NO_INFORMADO__,pre,1,False
pre,,search open technical databases: dns/passive dns,02/10/2020,low/medium,mitre,search open technical databases: dns/passive dns,search open technical databases: dns/passive dns,low/medium,1961,192e376d287b8cf39947,63de111283442f7b7ef5,False,Reconnaissance & Attack Operations,mitre_parent:search open technical databases,alta,asignada,2020-10-02,fecha_fuente_no_verificada_como_incidente,tecnica_mitre,,pre,__NO_INFORMADO__,pre,1,False
pre,,gather victim host information: client configurations,02/10/2020,low/medium,mitre,gather victim host information: client configurations,gather victim host information: client configurations,low/medium,1696,24c7bc93cd91af3d7dc2,caf5d348ec479a421599,False,Reconnaissance & Attack Operations,mitre_parent:gather victim host information,alta,asignada,2020-10-02,fecha_fuente_no_verificada_como_incidente,tecnica_mitre,,pre,__NO_INFORMADO__,pre,1,False
pre,,search closed sources: threat intel vendors,02/10/2020,low/medium,mitre,remote_code_execution,remote_code_execution,low/medium,1958,2e1a85aaf2077258dcab,de009ac41a019fc06bde,False,Reconnaissance & Attack Operations,mitre_parent:search closed sources,alta,asignada,2020-10-02,fecha_fuente_no_verificada_como_incidente,tecnica_mitre,,pre,__NO_INFORMADO__,pre,1,False
pre,,gather victim host information: software,02/10/2020,low/medium,mitre,gather victim host information: software,gather victim host information: software,low/medium,1699,3550a8750b7258edee87,1dcc00d2adbc5a8c8a08,False,Reconnaissance & Attack Operations,mitre_parent:gather victim host information,alta,asignada,2020-10-02,fecha_fuente_no_verificada_como_incidente,tecnica_mitre,,pre,__NO_INFORMADO__,pre,1,False
pre,,gather victim org information: identify roles,02/10/2020,low/medium,mitre,gather victim org information: identify roles,gather victim org information: identify roles,low/medium,1715,4250ed706b0a11859f9a,8417c7335eec6b7067fc,False,Reconnaissance & Attack Operations,mitre_parent:gather victim org information,alta,asignada,2020-10-02,fecha_fuente_no_verificada_como_incidente,tecnica_mitre,,pre,__NO_INFORMADO__,pre,1,False
pre,,search open websites/domains: social media,02/10/2020,low/medium,mitre,search open websites/domains: social media,search open websites/domains: social media,low/medium,1968,49bf3673d753e64042cd,c5b484e6486affb4aa01,False,Reconnaissance & Attack Operations,mitre_parent:search open websites/domains,alta,asignada,2020-10-02,fecha_fuente_no_verificada_como_incidente,tecnica_mitre,,pre,__NO_INFORMADO__,pre,1,False
pre,,gather victim network information: network security appliances,02/10/2020,low/medium,mitre,gather victim network information: network security appliances,gather victim network information: network security appliances,low/medium,1708,53b4a1ff415868e6d176,c40c58901fad304123b3,False,Reconnaissance & Attack Operations,mitre_parent:gather victim network information,alta,asignada,2020-10-02,fecha_fuente_no_verificada_como_incidente,tecnica_mitre,,pre,__NO_INFORMADO__,pre,1,False
pre,,gather victim identity information: employee names,02/10/2020,low/medium,mitre,gather victim identity information: employee names,gather victim identity information: employee names,low/medium,1703,5825e63f187bd153b25f,3a08ef8c033f969ad2d4,False,Reconnaissance & Attack Operations,mitre_parent:gather victim identity information,alta,asignada,2020-10-02,fecha_fuente_no_verificada_como_incidente,tecnica_mitre,,pre,__NO_INFORMADO__,pre,1,False
pre,,search closed sources,02/10/2020,low/medium,mitre,remote_code_execution,remote_code_execution,low/medium,1956,594ee0737a5c2bb2f7f1,54ba5683ec69b91516b8,False,Reconnaissance & Attack Operations,mitre_parent:search closed sources,alta,asignada,2020-10-02,fecha_fuente_no_verificada_como_incidente,tecnica_mitre,,pre,__NO_INFORMADO__,pre,1,False
pre,,gather victim network information,02/10/2020,low/medium,mitre,gather victim network information,gather victim network information,low/medium,1704,63b74b7ddc6146381b9c,1acf90a9ff98e2c1a62d,False,Reconnaissance & Attack Operations,mitre_parent:gather victim network information,alta,asignada,2020-10-02,fecha_fuente_no_verificada_como_incidente,tecnica_mitre,,pre,__NO_INFORMADO__,pre,1,False
pre,,gather victim network information: network topology,02/10/2020,low/medium,mitre,gather victim network information: network topology,gather victim network information: network topology,low/medium,1709,65e0ce435d7a9c5d4d7a,646bca1271bd51125eb6,False,Reconnaissance & Attack Operations,mitre_parent:gather victim network information,alta,asignada,2020-10-02,fecha_fuente_no_verificada_como_incidente,tecnica_mitre,,pre,__NO_INFORMADO__,pre,1,False
pre,,active scanning,02/10/2020,low/medium,mitre,active scanning,active scanning,low/medium,1456,6a293c39d0030e227257,a64d825e4fdb3bafe2a8,False,Reconnaissance & Attack Operations,mitre_parent:active scanning,alta,asignada,2020-10-02,fecha_fuente_no_verificada_como_incidente,tecnica_mitre,,pre,__NO_INFORMADO__,pre,1,False
pre,,gather victim identity information: credentials,02/10/2020,low/medium,mitre,gather victim identity information: credentials,gather victim identity information: credentials,low/medium,1701,6cced6f4a5888e1dcdd3,8658b8dff16519126eab,False,Reconnaissance & Attack Operations,mitre_parent:gather victim identity information,alta,asignada,2020-10-02,fecha_fuente_no_verificada_como_incidente,tecnica_mitre,,pre,__NO_INFORMADO__,pre,1,False
pre,,search closed sources: purchase technical data,02/10/2020,low/medium,mitre,remote_code_execution,remote_code_execution,low/medium,1957,727cf84e3b3618bb09de,a23f4d287e3a195229cf,False,Reconnaissance & Attack Operations,mitre_parent:search closed sources,alta,asignada,2020-10-02,fecha_fuente_no_verificada_como_incidente,tecnica_mitre,,pre,__NO_INFORMADO__,pre,1,False
pre,,search open technical databases: whois,02/10/2020,low/medium,mitre,search open technical databases: whois,search open technical databases: whois,low/medium,1964,72aa5ea49071c2b1f13f,938b9f3148ea31b8da70,False,Reconnaissance & Attack Operations,mitre_parent:search open technical databases,alta,asignada,2020-10-02,fecha_fuente_no_verificada_como_incidente,tecnica_mitre,,pre,__NO_INFORMADO__,pre,1,False
pre,,gather victim org information,02/10/2020,low/medium,mitre,gather victim org information,gather victim org information,low/medium,1711,760bc9fbc1c486c9a71a,ae20035afdcbc74583d4,False,Reconnaissance & Attack Operations,mitre_parent:gather victim org information,alta,asignada,2020-10-02,fecha_fuente_no_verificada_como_incidente,tecnica_mitre,,pre,__NO_INFORMADO__,pre,1,False
pre,,search victim-owned websites,02/10/2020,low/medium,mitre,search victim-owned websites,search victim-owned websites,low/medium,1969,76c8a819d916b9009eb8,fe90867ad6dfd6f5d785,False,Reconnaissance & Attack Operations,mitre_parent:search victim-owned websites,alta,asignada,2020-10-02,fecha_fuente_no_verificada_como_incidente,tecnica_mitre,,pre,__NO_INFORMADO__,pre,1,False
pre,,gather victim network information: ip addresses,02/10/2020,low/medium,mitre,gather victim network information: ip addresses,gather victim network information: ip addresses,low/medium,1707,77a758ca47c27a52448f,1f081abcf9715ac52e5b,False,Reconnaissance & Attack Operations,mitre_parent:gather victim network information,alta,asignada,2020-10-02,fecha_fuente_no_verificada_como_incidente,tecnica_mitre,,pre,__NO_INFORMADO__,pre,1,False
pre,,gather victim org information: business relationships,02/10/2020,low/medium,mitre,gather victim org information: business relationships,gather victim org information: business relationships,low/medium,1712,8d453ec68a2b70378dce,82b5df108d1ca7955327,False,Reconnaissance & Attack Operations,mitre_parent:gather victim org information,alta,asignada,2020-10-02,fecha_fuente_no_verificada_como_incidente,tecnica_mitre,,pre,__NO_INFORMADO__,pre,1,False
pre,,gather victim identity information: email addresses,02/10/2020,low/medium,mitre,gather victim identity information: email addresses,gather victim identity information: email addresses,low/medium,1702,9178c675e74527ff0ba7,baef4e8b5d5fd6ec58e6,False,Reconnaissance & Attack Operations,mitre_parent:gather victim identity information,alta,asignada,2020-10-02,fecha_fuente_no_verificada_como_incidente,tecnica_mitre,,pre,__NO_INFORMADO__,pre,1,False
pre,,gather victim host information: hardware,02/10/2020,low/medium,mitre,gather victim host information: hardware,gather victim host information: hardware,low/medium,1698,95879a4b0c045972504d,1d7e7db49cefdbfafd58,False,Reconnaissance & Attack Operations,mitre_parent:gather victim host information,alta,asignada,2020-10-02,fecha_fuente_no_verificada_como_incidente,tecnica_mitre,,pre,__NO_INFORMADO__,pre,1,False
pre,,gather victim host information: firmware,02/10/2020,low/medium,mitre,gather victim host information: firmware,gather victim host information: firmware,low/medium,1697,99188b4f6d1866193e35,60a79b8d39349806e4c5,False,Reconnaissance & Attack Operations,mitre_parent:gather victim host information,alta,asignada,2020-10-02,fecha_fuente_no_verificada_como_incidente,tecnica_mitre,,pre,__NO_INFORMADO__,pre,1,False
pre,,search open websites/domains: search engines,02/10/2020,low/medium,mitre,search open websites/domains: search engines,search open websites/domains: search engines,low/medium,1967,9e78f1da966fc7b78cc4,5e9f70896a539cbe92fe,False,Reconnaissance & Attack Operations,mitre_parent:search open websites/domains,alta,asignada,2020-10-02,fecha_fuente_no_verificada_como_incidente,tecnica_mitre,,pre,__NO_INFORMADO__,pre,1,False
pre,,phishing for information,02/10/2020,low/medium,mitre,phishing,phishing,low/medium,1884,b178e6948aa61bffaff3,d05a819a8edf3a9aec72,False,Data Collection & Exfiltration,mitre_parent:phishing for information,alta,asignada,2020-10-02,fecha_fuente_no_verificada_como_incidente,tecnica_mitre,,pre,__NO_INFORMADO__,pre,1,False
pre,,search open technical databases: scan databases,02/10/2020,low/medium,mitre,search open technical databases: scan databases,search open technical databases: scan databases,low/medium,1963,b5d9b28a5f25e227a777,2c4c4ad2a07851cbd323,False,Reconnaissance & Attack Operations,mitre_parent:search open technical databases,alta,asignada,2020-10-02,fecha_fuente_no_verificada_como_incidente,tecnica_mitre,,pre,__NO_INFORMADO__,pre,1,False
pre,,gather victim network information: dns,02/10/2020,low/medium,mitre,gather victim network information: dns,gather victim network information: dns,low/medium,1705,b94ac3ea33ed7e41b39b,d19924cb8553513b24ff,False,Reconnaissance & Attack Operations,mitre_parent:gather victim network information,alta,asignada,2020-10-02,fecha_fuente_no_verificada_como_incidente,tecnica_mitre,,pre,__NO_INFORMADO__,pre,1,False
pre,,gather victim org information: determine physical locations,02/10/2020,low/medium,mitre,gather victim org information: determine physical locations,gather victim org information: determine physical locations,low/medium,1713,c5d61ba70d6cc456f8ff,278b1966cbd8043b6b22,False,Reconnaissance & Attack Operations,mitre_parent:gather victim org information,alta,asignada,2020-10-02,fecha_fuente_no_verificada_como_incidente,tecnica_mitre,,pre,__NO_INFORMADO__,pre,1,False
pre,,gather victim host information,02/10/2020,low/medium,mitre,gather victim host information,gather victim host information,low/medium,1695,c9f72653c22c8af30baa,92919cb1fe76e072b873,False,Reconnaissance & Attack Operations,mitre_parent:gather victim host information,alta,asignada,2020-10-02,fecha_fuente_no_verificada_como_incidente,tecnica_mitre,,pre,__NO_INFORMADO__,pre,1,False
pre,,search open websites/domains,02/10/2020,low/medium,mitre,search open websites/domains,search open websites/domains,low/medium,1965,cba713d061434478de36,b5ee08692dbc56be017c,False,Reconnaissance & Attack Operations,mitre_parent:search open websites/domains,alta,asignada,2020-10-02,fecha_fuente_no_verificada_como_incidente,tecnica_mitre,,pre,__NO_INFORMADO__,pre,1,False
pre,,phishing for information: spearphishing attachment,02/10/2020,low/medium,mitre,phishing,phishing,low/medium,1885,cbc1bbbca05ac391790c,afcf919769c1e24f85d2,False,Data Collection & Exfiltration,mitre_parent:phishing for information,alta,asignada,2020-10-02,fecha_fuente_no_verificada_como_incidente,tecnica_mitre,,pre,__NO_INFORMADO__,pre,1,False
pre,,gather victim org information: identify business tempo,02/10/2020,low/medium,mitre,gather victim org information: identify business tempo,gather victim org information: identify business tempo,low/medium,1714,cf2822de6acfbb40e1fe,43c2a4415a701fc2b20e,False,Reconnaissance & Attack Operations,mitre_parent:gather victim org information,alta,asignada,2020-10-02,fecha_fuente_no_verificada_como_incidente,tecnica_mitre,,pre,__NO_INFORMADO__,pre,1,False
pre,,gather victim network information: network trust dependencies,02/10/2020,low/medium,mitre,gather victim network information: network trust dependencies,gather victim network information: network trust dependencies,low/medium,1710,cfa82b527e5c21a19e02,3a2f0c9374071fc59d0e,False,Reconnaissance & Attack Operations,mitre_parent:gather victim network information,alta,asignada,2020-10-02,fecha_fuente_no_verificada_como_incidente,tecnica_mitre,,pre,__NO_INFORMADO__,pre,1,False
pre,,search open technical databases: digital certificates,02/10/2020,low/medium,mitre,search open technical databases: digital certificates,search open technical databases: digital certificates,low/medium,1962,d030802787d81198739e,563312c6b4b928a8f8d8,False,Reconnaissance & Attack Operations,mitre_parent:search open technical databases,alta,asignada,2020-10-02,fecha_fuente_no_verificada_como_incidente,tecnica_mitre,,pre,__NO_INFORMADO__,pre,1,False
pre,,gather victim identity information,02/10/2020,low/medium,mitre,gather victim identity information,gather victim identity information,low/medium,1700,d2db4d114a9a9b7862fa,46d01961b6eeefd4367b,False,Reconnaissance & Attack Operations,mitre_parent:gather victim identity information,alta,asignada,2020-10-02,fecha_fuente_no_verificada_como_incidente,tecnica_mitre,,pre,__NO_INFORMADO__,pre,1,False
pre,,active scanning: vulnerability scanning,02/10/2020,low/medium,mitre,active scanning: vulnerability scanning,active scanning: vulnerability scanning,low/medium,1458,d44067cb121e55f9a133,e741ec3209225fe33f0d,False,Reconnaissance & Attack Operations,mitre_parent:active scanning,alta,asignada,2020-10-02,fecha_fuente_no_verificada_como_incidente,tecnica_mitre,,pre,__NO_INFORMADO__,pre,1,False
pre,,phishing for information: spearphishing link,02/10/2020,low/medium,mitre,phishing,phishing,low/medium,1886,e45094ad117bf027db4a,79184af17652d19c63c2,False,Data Collection & Exfiltration,mitre_parent:phishing for information,alta,asignada,2020-10-02,fecha_fuente_no_verificada_como_incidente,tecnica_mitre,,pre,__NO_INFORMADO__,pre,1,False
pre,,phishing for information: spearphishing service,02/10/2020,low/medium,mitre,phishing,phishing,low/medium,1887,ea7aa97a85d23589e8fb,0a13577dd338685a8b26,False,Data Collection & Exfiltration,mitre_parent:phishing for information,alta,asignada,2020-10-02,fecha_fuente_no_verificada_como_incidente,tecnica_mitre,,pre,__NO_INFORMADO__,pre,1,False
pre,,gather victim network information: domain properties,02/10/2020,low/medium,mitre,gather victim network information: domain properties,gather victim network information: domain properties,low/medium,1706,fb9c0ebaf461f3519402,f0cca76e649717d67fa5,False,Reconnaissance & Attack Operations,mitre_parent:gather victim network information,alta,asignada,2020-10-02,fecha_fuente_no_verificada_como_incidente,tecnica_mitre,,pre,__NO_INFORMADO__,pre,1,False
windows,,boot or logon autostart execution: print processors,05/10/2020,medium/high,mitre,boot or logon autostart execution: print processors,boot or logon autostart execution: print processors,medium/high,1488,466d73d0c192240d95c4,160226d780c92e07ad87,False,"Identity, Access & Persistence",mitre_parent:boot or logon autostart execution,alta,asignada,2020-10-05,fecha_fuente_no_verificada_como_incidente,tecnica_mitre,,windows,__NO_INFORMADO__,windows,3,False
"iaas, identity provider, office suite, saas",,impair defenses: disable or modify cloud logs,12/10/2020,medium/high,mitre,impair defenses: disable or modify cloud logs,impair defenses: disable or modify cloud logs,medium/high,1750,2602240b10f009225e2d,0f24baf5dbbf0df52380,False,Reconnaissance & Attack Operations,mitre_parent:impair defenses,alta,asignada,2020-10-12,fecha_fuente_no_verificada_como_incidente,tecnica_mitre,,"iaas, identity provider, office suite, saas",__NO_INFORMADO__,"iaas, identity provider, office suite, saas",3,False
linux,,scheduled task/job: systemd timers,12/10/2020,high,mitre,scheduled task/job: systemd timers,scheduled task/job: systemd timers,high,1953,445bb70c5b6057d94432,13db6d69170f3dd63ce2,False,"Identity, Access & Persistence",mitre_parent:scheduled task/job,alta,asignada,2020-10-12,fecha_fuente_no_verificada_como_incidente,tecnica_mitre,,linux,__NO_INFORMADO__,linux,4,False
pre,,obtain capabilities: vulnerabilities,15/10/2020,medium,mitre,obtain capabilities: vulnerabilities,obtain capabilities: vulnerabilities,medium,1869,84505115eb832abf44d4,b2183a36afc15cfcce70,False,Reconnaissance & Attack Operations,mitre_parent:obtain capabilities,alta,asignada,2020-10-15,fecha_fuente_no_verificada_como_incidente,tecnica_mitre,,pre,__NO_INFORMADO__,pre,2,False
"linux, windows, macos",,adversary-in-the-middle: arp cache poisoning,15/10/2020,medium,mitre,adversary-in-the-middle: arp cache poisoning,adversary-in-the-middle: arp cache poisoning,medium,1461,8be7d8fc1c40c955ba7b,bc854a3c89d0ca14112a,False,"Identity, Access & Persistence",mitre_parent:adversary-in-the-middle,alta,asignada,2020-10-15,fecha_fuente_no_verificada_como_incidente,tecnica_mitre,,"linux, windows, macos",__NO_INFORMADO__,"linux, windows, macos",2,False
network devices,,modify system image: downgrade system image,19/10/2020,medium/high,mitre,modify system image: downgrade system image,modify system image: downgrade system image,medium/high,1819,061cd43ffe3e85ce7d41,62a8f9c5e2bde1d447a8,False,"Identity, Access & Persistence",mitre_parent:modify system image,alta,asignada,2020-10-19,fecha_fuente_no_verificada_como_incidente,tecnica_mitre,,network devices,__NO_INFORMADO__,network devices,3,False
network devices,,data from configuration repository: snmp (mib dump),19/10/2020,medium,mitre,data from configuration repository: snmp (mib dump),data from configuration repository: snmp (mib dump),medium,1586,256557bcbea89a07457e,c07047140ec2dc24e6cb,False,Data Collection & Exfiltration,mitre_parent:data from configuration repository,alta,asignada,2020-10-19,fecha_fuente_no_verificada_como_incidente,tecnica_mitre,,network devices,__NO_INFORMADO__,network devices,2,False
network devices,,modify system image,19/10/2020,medium/high,mitre,modify system image,modify system image,medium/high,1818,284e39ecf77de67aa093,b6cc79f42ba009dc1f04,False,"Identity, Access & Persistence",mitre_parent:modify system image,alta,asignada,2020-10-19,fecha_fuente_no_verificada_como_incidente,tecnica_mitre,,network devices,__NO_INFORMADO__,network devices,3,False
network devices,,weaken encryption: reduce key space,19/10/2020,medium/high,mitre,weaken encryption: reduce key space,weaken encryption: reduce key space,medium/high,2090,3fb33e20b36663022a5f,725514aadbf90b33a200,False,Impact & Availability,mitre_parent:weaken encryption,alta,asignada,2020-10-19,fecha_fuente_no_verificada_como_incidente,tecnica_mitre,,network devices,__NO_INFORMADO__,network devices,3,False
network devices,,data from configuration repository,19/10/2020,medium,mitre,data from configuration repository,data from configuration repository,medium,1584,68ba522d948f9ea08f1c,73acda43cdc4fb87a446,False,Data Collection & Exfiltration,mitre_parent:data from configuration repository,alta,asignada,2020-10-19,fecha_fuente_no_verificada_como_incidente,tecnica_mitre,,network devices,__NO_INFORMADO__,network devices,2,False
"iaas, network devices",,automated exfiltration: traffic duplication,19/10/2020,low,mitre,automated exfiltration: traffic duplication,automated exfiltration: traffic duplication,low,1479,734d0161ebf4aaf421c5,f1741ce4c6a3ed3c714e,False,Data Collection & Exfiltration,mitre_parent:automated exfiltration,alta,asignada,2020-10-19,fecha_fuente_no_verificada_como_incidente,tecnica_mitre,,"iaas, network devices",__NO_INFORMADO__,"iaas, network devices",0,False
network devices,,modify system image: patch system image,19/10/2020,medium/high,mitre,modify system image: patch system image,modify system image: patch system image,medium/high,1820,7e18db19121c2a1f07f0,ebc3424abdb1a900f40b,False,"Identity, Access & Persistence",mitre_parent:modify system image,alta,asignada,2020-10-19,fecha_fuente_no_verificada_como_incidente,tecnica_mitre,,network devices,__NO_INFORMADO__,network devices,3,False
network devices,,weaken encryption,19/10/2020,medium/high,mitre,weaken encryption,weaken encryption,medium/high,2088,913c745412a0551e1b2e,28875c16c536cd86d52d,False,Impact & Availability,mitre_parent:weaken encryption,alta,asignada,2020-10-19,fecha_fuente_no_verificada_como_incidente,tecnica_mitre,,network devices,__NO_INFORMADO__,network devices,3,False
network devices,,network boundary bridging: network address translation traversal,19/10/2020,medium/high,mitre,network boundary bridging: network address translation traversal,network boundary bridging: network address translation traversal,medium/high,1826,9b6e3632aa74425f4d16,7c0dc9cc8c6766399bbf,False,Reconnaissance & Attack Operations,mitre_parent:network boundary bridging,alta,asignada,2020-10-19,fecha_fuente_no_verificada_como_incidente,tecnica_mitre,,network devices,__NO_INFORMADO__,network devices,3,False
network devices,,modify authentication process: network device authentication,19/10/2020,medium/high,mitre,modify authentication process: network device authentication,modify authentication process: network device authentication,medium/high,1805,bffb99fec247fe9cf31f,30cf2f87f45395c73971,False,"Identity, Access & Persistence",mitre_parent:modify authentication process,alta,asignada,2020-10-19,fecha_fuente_no_verificada_como_incidente,tecnica_mitre,,network devices,__NO_INFORMADO__,network devices,3,False
network devices,,weaken encryption: disable crypto hardware,19/10/2020,medium/high,mitre,weaken encryption: disable crypto hardware,weaken encryption: disable crypto hardware,medium/high,2089,ee18aab7338f510f5eb9,b014de07faee0ad8fa3b,False,Impact & Availability,mitre_parent:weaken encryption,alta,asignada,2020-10-19,fecha_fuente_no_verificada_como_incidente,tecnica_mitre,,network devices,__NO_INFORMADO__,network devices,3,False
network devices,,network boundary bridging,19/10/2020,medium/high,mitre,network boundary bridging,network boundary bridging,medium/high,1825,ef334370373c1c702e7c,742c74c8845910c56941,False,Reconnaissance & Attack Operations,mitre_parent:network boundary bridging,alta,asignada,2020-10-19,fecha_fuente_no_verificada_como_incidente,tecnica_mitre,,network devices,__NO_INFORMADO__,network devices,3,False
network devices,,pre-os boot: tftp boot,20/10/2020,medium/high,mitre,pre-os boot: tftp boot,pre-os boot: tftp boot,medium/high,1900,08ccca6452e6302ad523,dbca6817c7a0221307e6,False,"Identity, Access & Persistence",mitre_parent:pre-os boot,alta,asignada,2020-10-20,fecha_fuente_no_verificada_como_incidente,tecnica_mitre,,network devices,__NO_INFORMADO__,network devices,3,False
network devices,,command and scripting interpreter: network device cli,20/10/2020,high,mitre,command and scripting interpreter: network device cli,command and scripting interpreter: network device cli,high,1524,0a2209732612f14d2413,b7d2cef0b63ff0a60c21,False,Code Execution & Injection,mitre_parent:command and scripting interpreter,alta,asignada,2020-10-20,fecha_fuente_no_verificada_como_incidente,tecnica_mitre,,network devices,__NO_INFORMADO__,network devices,4,False
network devices,,pre-os boot: rommonkit,20/10/2020,medium/high,mitre,pre-os boot: rommonkit,pre-os boot: rommonkit,medium/high,1898,6651472da21fb9a2d2fb,210c5092100655257ce9,False,"Identity, Access & Persistence",mitre_parent:pre-os boot,alta,asignada,2020-10-20,fecha_fuente_no_verificada_como_incidente,tecnica_mitre,,network devices,__NO_INFORMADO__,network devices,3,False
network devices,,data from configuration repository: network device configuration dump,20/10/2020,medium,mitre,data from configuration repository: network device configuration dump,data from configuration repository: network device configuration dump,medium,1585,bde0ee895ea92d18de4b,b2f213642877fd6b3f73,False,Data Collection & Exfiltration,mitre_parent:data from configuration repository,alta,asignada,2020-10-20,fecha_fuente_no_verificada_como_incidente,tecnica_mitre,,network devices,__NO_INFORMADO__,network devices,2,False
windows,,credentials from password stores: windows credential manager,23/11/2020,medium/high,mitre,credentials from password stores: windows credential manager,credentials from password stores: windows credential manager,medium/high,1564,674afc84133edb9263f5,2d1440a0710456e7ba72,False,"Identity, Access & Persistence",mitre_parent:credentials from password stores,alta,asignada,2020-11-23,fecha_fuente_no_verificada_como_incidente,tecnica_mitre,,windows,__NO_INFORMADO__,windows,3,False
"iaas, linux, saas, windows, macos",,forge web credentials: web cookies,17/12/2020,medium/high,mitre,forge web credentials: web cookies,forge web credentials: web cookies,medium/high,1694,0148232b5f9a88672eb9,f56872ffba688e26565f,False,"Identity, Access & Persistence",mitre_parent:forge web credentials,alta,asignada,2020-12-17,fecha_fuente_no_verificada_como_incidente,tecnica_mitre,,"iaas, linux, saas, windows, macos",__NO_INFORMADO__,"iaas, linux, saas, windows, macos",3,False
"iaas, identity provider, office suite, saas, windows",,forge web credentials: saml tokens,17/12/2020,medium/high,mitre,forge web credentials: saml tokens,forge web credentials: saml tokens,medium/high,1693,6767bad4ff1b357810de,c444290afa7771b088e4,False,"Identity, Access & Persistence",mitre_parent:forge web credentials,alta,asignada,2020-12-17,fecha_fuente_no_verificada_como_incidente,tecnica_mitre,,"iaas, identity provider, office suite, saas, windows",__NO_INFORMADO__,"iaas, identity provider, office suite, saas, windows",3,False
"iaas, identity provider, linux, office suite, saas, windows, macos",,forge web credentials,17/12/2020,medium/high,mitre,forge web credentials,forge web credentials,medium/high,1692,ea83c3499099e8431afd,86f5e6072263c3f37982,False,"Identity, Access & Persistence",mitre_parent:forge web credentials,alta,asignada,2020-12-17,fecha_fuente_no_verificada_como_incidente,tecnica_mitre,,"iaas, identity provider, linux, office suite, saas, windows, macos",__NO_INFORMADO__,"iaas, identity provider, linux, office suite, saas, windows, macos",3,False
windows,,boot or logon autostart execution: active setup,18/12/2020,medium/high,mitre,boot or logon autostart execution: active setup,boot or logon autostart execution: active setup,medium/high,1482,f4c341f40474e59eefc5,f0dbc168b9ca4de7a09a,False,"Identity, Access & Persistence",mitre_parent:boot or logon autostart execution,alta,asignada,2020-12-18,fecha_fuente_no_verificada_como_incidente,tecnica_mitre,,windows,__NO_INFORMADO__,windows,3,False
"identity provider, windows",,domain or tenant policy modification: trust modification,28/12/2020,medium/high,mitre,domain or tenant policy modification: trust modification,domain or tenant policy modification: trust modification,medium/high,1615,73824df011899a55aa1d,e370b0f6e5acfab04c08,False,"Identity, Access & Persistence",mitre_parent:domain or tenant policy modification,alta,asignada,2020-12-28,fecha_fuente_no_verificada_como_incidente,tecnica_mitre,,"identity provider, windows",__NO_INFORMADO__,"identity provider, windows",3,False
windows,,domain or tenant policy modification: group policy modification,28/12/2020,medium/high,mitre,domain or tenant policy modification: group policy modification,domain or tenant policy modification: group policy modification,medium/high,1614,9358e9f0a0a3c1defd5c,d5d18f704f3276d204fd,False,"Identity, Access & Persistence",mitre_parent:domain or tenant policy modification,alta,asignada,2020-12-28,fecha_fuente_no_verificada_como_incidente,tecnica_mitre,,windows,__NO_INFORMADO__,windows,3,False
"linux, windows, macos",,credentials from password stores: password managers,22/01/2021,medium/high,mitre,credentials from password stores: password managers,credentials from password stores: password managers,medium/high,1562,8db8805eb70842c096f6,eaf20cce77c39878d28a,False,"Identity, Access & Persistence",mitre_parent:credentials from password stores,alta,asignada,2021-01-22,fecha_fuente_no_verificada_como_incidente,tecnica_mitre,,"linux, windows, macos",__NO_INFORMADO__,"linux, windows, macos",3,False
windows,,subvert trust controls: mark-of-the-web bypass,22/02/2021,medium/high,mitre,subvert trust controls: mark-of-the-web bypass,subvert trust controls: mark-of-the-web bypass,medium/high,2007,69797430c46930eb1522,e7470b56864d9b06d283,False,"Identity, Access & Persistence",mitre_parent:subvert trust controls,alta,asignada,2021-02-22,fecha_fuente_no_verificada_como_incidente,tecnica_mitre,,windows,__NO_INFORMADO__,windows,3,False
pre,,stage capabilities: drive-by target,17/03/2021,medium,mitre,stage capabilities: drive-by target,stage capabilities: drive-by target,medium,1987,2306383179dd41c6c8de,18d593dc2caaef2707d7,False,Reconnaissance & Attack Operations,mitre_parent:stage capabilities,alta,asignada,2021-03-17,fecha_fuente_no_verificada_como_incidente,tecnica_mitre,,pre,__NO_INFORMADO__,pre,2,False
pre,,stage capabilities: upload malware,17/03/2021,medium,mitre,stage capabilities: upload malware,stage capabilities: upload malware,medium,1991,31ecd93878768470edca,98b9cdc391d53e21d1c4,False,Reconnaissance & Attack Operations,mitre_parent:stage capabilities,alta,asignada,2021-03-17,fecha_fuente_no_verificada_como_incidente,tecnica_mitre,,pre,__NO_INFORMADO__,pre,2,False
pre,,stage capabilities: upload tool,17/03/2021,medium,mitre,stage capabilities: upload tool,stage capabilities: upload tool,medium,1992,6ad76a158503229a06de,0a8462c512d20e429a2a,False,Reconnaissance & Attack Operations,mitre_parent:stage capabilities,alta,asignada,2021-03-17,fecha_fuente_no_verificada_como_incidente,tecnica_mitre,,pre,__NO_INFORMADO__,pre,2,False
pre,,stage capabilities: install digital certificate,17/03/2021,medium,mitre,stage capabilities: install digital certificate,stage capabilities: install digital certificate,medium,1988,b1df5ebbaa9adb4a56e9,14c9de836d69b3b18d3b,False,Reconnaissance & Attack Operations,mitre_parent:stage capabilities,alta,asignada,2021-03-17,fecha_fuente_no_verificada_como_incidente,tecnica_mitre,,pre,__NO_INFORMADO__,pre,2,False
pre,,stage capabilities,17/03/2021,medium,mitre,stage capabilities,stage capabilities,medium,1986,b76a8edba2064512588e,7301d716bf9f3e06955c,False,Reconnaissance & Attack Operations,mitre_parent:stage capabilities,alta,asignada,2021-03-17,fecha_fuente_no_verificada_como_incidente,tecnica_mitre,,pre,__NO_INFORMADO__,pre,2,False
pre,,stage capabilities: link target,17/03/2021,medium,mitre,stage capabilities: link target,stage capabilities: link target,medium,1989,bca73de59485184addbe,9164b90466717141fef8,False,Reconnaissance & Attack Operations,mitre_parent:stage capabilities,alta,asignada,2021-03-17,fecha_fuente_no_verificada_como_incidente,tecnica_mitre,,pre,__NO_INFORMADO__,pre,2,False
"esxi, linux, windows, macos",,system network configuration discovery: internet connection discovery,17/03/2021,medium,mitre,system network configuration discovery: internet connection discovery,system network configuration discovery: internet connection discovery,medium,2032,f30d294595aa0cc68933,944378e5f9dadf0086e7,False,Reconnaissance & Attack Operations,mitre_parent:system network configuration discovery,alta,asignada,2021-03-17,fecha_fuente_no_verificada_como_incidente,tecnica_mitre,,"esxi, linux, windows, macos",__NO_INFORMADO__,"esxi, linux, windows, macos",2,False
containers,,container administration command,29/03/2021,high,mitre,container administration command,container administration command,high,1545,23faba84871ea53761bf,a308fe66157fd30da87e,False,Code Execution & Injection,mitre_parent:container administration command,alta,asignada,2021-03-29,fecha_fuente_no_verificada_como_incidente,tecnica_mitre,,containers,__NO_INFORMADO__,containers,4,False
containers,,deploy container,29/03/2021,medium/high,mitre,deploy container,deploy container,medium/high,1601,6eb5f9c664142a1c91dc,090dd87d9c457f61e93f,False,Code Execution & Injection,mitre_parent:deploy container,alta,asignada,2021-03-29,fecha_fuente_no_verificada_como_incidente,tecnica_mitre,,containers,__NO_INFORMADO__,containers,3,False
containers,,scheduled task/job: container orchestration job,29/03/2021,high,mitre,scheduled task/job: container orchestration job,scheduled task/job: container orchestration job,high,1950,a1a02c904306e5d7c690,9214d29029a01f26406a,False,"Identity, Access & Persistence",mitre_parent:scheduled task/job,alta,asignada,2021-03-29,fecha_fuente_no_verificada_como_incidente,tecnica_mitre,,containers,__NO_INFORMADO__,containers,4,False
containers,,build image on host,30/03/2021,medium/high,mitre,build image on host,build image on host,medium/high,1509,5768c7a7d78c7eacc808,7c7e0acf8a9aa8827bc6,False,Code Execution & Injection,mitre_parent:build image on host,alta,asignada,2021-03-30,fecha_fuente_no_verificada_como_incidente,tecnica_mitre,,containers,__NO_INFORMADO__,containers,3,False
"containers, esxi, linux, windows",,escape to host,30/03/2021,high,mitre,escape to host,escape to host,high,1636,885032a2ec3233e0cc39,e64a8608e731e0c06364,False,"Identity, Access & Persistence",mitre_parent:escape to host,alta,asignada,2021-03-30,fecha_fuente_no_verificada_como_incidente,tecnica_mitre,,"containers, esxi, linux, windows",__NO_INFORMADO__,"containers, esxi, linux, windows",4,False
"containers, iaas",,user execution: malicious image,30/03/2021,high,mitre,user execution: malicious image,user execution: malicious image,high,2075,93d73cff4d6bc762e306,3c2c728a8ea48d9f2256,False,Code Execution & Injection,mitre_parent:user execution,alta,asignada,2021-03-30,fecha_fuente_no_verificada_como_incidente,tecnica_mitre,,"containers, iaas",__NO_INFORMADO__,"containers, iaas",4,False
containers,,container and resource discovery,31/03/2021,medium,mitre,remote_code_execution,remote_code_execution,medium,1546,2298094b5bb45372b48c,32cb4dc7d05a12d06a0e,False,Reconnaissance & Attack Operations,mitre_parent:container and resource discovery,alta,asignada,2021-03-31,fecha_fuente_no_verificada_como_incidente,tecnica_mitre,,containers,__NO_INFORMADO__,containers,2,False
containers,,unsecured credentials: container api,31/03/2021,medium/high,mitre,unsecured credentials: container api,unsecured credentials: container api,medium/high,2061,2e6f623e19e31aca60bc,f9d70a4ba7037b5070e2,False,"Identity, Access & Persistence",mitre_parent:unsecured credentials,alta,asignada,2021-03-31,fecha_fuente_no_verificada_como_incidente,tecnica_mitre,,containers,__NO_INFORMADO__,containers,3,False
"iaas, linux, windows, macos",,system location discovery,01/04/2021,medium,mitre,system location discovery,system location discovery,medium,2029,cecdebc3d05a5a52cce9,0139488cd3fd55ce83fd,False,Reconnaissance & Attack Operations,mitre_parent:system location discovery,alta,asignada,2021-04-01,fecha_fuente_no_verificada_como_incidente,tecnica_mitre,,"iaas, linux, windows, macos",__NO_INFORMADO__,"iaas, linux, windows, macos",2,False
"windows, macos",,subvert trust controls: code signing policy modification,23/04/2021,medium/high,mitre,subvert trust controls: code signing policy modification,subvert trust controls: code signing policy modification,medium/high,2004,f9ac757f0a9844dc7700,8f96e7d82329b4d833a9,False,"Identity, Access & Persistence",mitre_parent:subvert trust controls,alta,asignada,2021-04-23,fecha_fuente_no_verificada_como_incidente,tecnica_mitre,,"windows, macos",__NO_INFORMADO__,"windows, macos",3,False
saas,,data from information repositories: code repositories,11/05/2021,medium,mitre,data from information repositories: code repositories,data from information repositories: code repositories,medium,1588,3d5eaa34592394247bca,42ed5f56fe08aa1ded43,False,Data Collection & Exfiltration,mitre_parent:data from information repositories,alta,asignada,2021-05-11,fecha_fuente_no_verificada_como_incidente,tecnica_mitre,,saas,__NO_INFORMADO__,saas,2,False
"linux, windows, macos",,obfuscated files or information: html smuggling,20/05/2021,medium/high,mitre,obfuscated files or information: html smuggling,obfuscated files or information: html smuggling,medium/high,1853,81cc1b5a7bc3a75e38a3,4491169bc64bb5306511,False,Reconnaissance & Attack Operations,mitre_parent:obfuscated files or information,alta,asignada,2021-05-20,fecha_fuente_no_verificada_como_incidente,tecnica_mitre,,"linux, windows, macos",__NO_INFORMADO__,"linux, windows, macos",3,False
windows,,server software component: iis components,03/06/2021,medium/high,mitre,server software component: iis components,server software component: iis components,medium/high,1971,072afb6c3ffbff95d284,3af988ad72dbe9f4f770,False,"Identity, Access & Persistence",mitre_parent:server software component,alta,asignada,2021-06-03,fecha_fuente_no_verificada_como_incidente,tecnica_mitre,,windows,__NO_INFORMADO__,windows,3,False
"linux, office suite, windows, macos",,hide artifacts: email hiding rules,07/06/2021,medium/high,mitre,hide artifacts: email hiding rules,hide artifacts: email hiding rules,medium/high,1720,aa9ab73ee642afacdf22,5eb18aa3954c1fcce6c7,False,Reconnaissance & Attack Operations,mitre_parent:hide artifacts,alta,asignada,2021-06-07,fecha_fuente_no_verificada_como_incidente,tecnica_mitre,,"linux, office suite, windows, macos",__NO_INFORMADO__,"linux, office suite, windows, macos",3,False
windows,,impair defenses: safe mode boot,23/06/2021,medium/high,mitre,impair defenses: safe mode boot,impair defenses: safe mode boot,medium/high,1757,5f03f4b24953b46fc5e3,24ba9d4857789dd576e3,False,Reconnaissance & Attack Operations,mitre_parent:impair defenses,alta,asignada,2021-06-23,fecha_fuente_no_verificada_como_incidente,tecnica_mitre,,windows,__NO_INFORMADO__,windows,3,False
windows,,masquerading: double file extension,04/08/2021,medium/high,mitre,masquerading: double file extension,masquerading: double file extension,medium/high,1790,5e8a0139e456f772e8ac,1d058857b83dc62202a1,False,Reconnaissance & Attack Operations,mitre_parent:masquerading,alta,asignada,2021-08-04,fecha_fuente_no_verificada_como_incidente,tecnica_mitre,,windows,__NO_INFORMADO__,windows,3,False
windows,,group policy discovery,06/08/2021,medium,mitre,group policy discovery,group policy discovery,medium,1716,7bc3a9e176a825d776a4,78884f8614bb84910b34,False,Reconnaissance & Attack Operations,mitre_parent:group policy discovery,alta,asignada,2021-08-06,fecha_fuente_no_verificada_como_incidente,tecnica_mitre,,windows,__NO_INFORMADO__,windows,2,False
"linux, windows, macos",,system location discovery: system language discovery,18/08/2021,medium,mitre,system location discovery: system language discovery,system location discovery: system language discovery,medium,2030,825970c0a80203933863,7b61cc5791449fd734da,False,Reconnaissance & Attack Operations,mitre_parent:system location discovery,alta,asignada,2021-08-18,fecha_fuente_no_verificada_como_incidente,tecnica_mitre,,"linux, windows, macos",__NO_INFORMADO__,"linux, windows, macos",2,False
windows,,system binary proxy execution: mavinject,22/09/2021,medium/high,mitre,system binary proxy execution: mavinject,system binary proxy execution: mavinject,medium/high,2020,942fd56182e21b8cc433,f069b0b70bf284009b3a,False,Code Execution & Injection,mitre_parent:system binary proxy execution,alta,asignada,2021-09-22,fecha_fuente_no_verificada_como_incidente,tecnica_mitre,,windows,__NO_INFORMADO__,windows,3,False
windows,,system binary proxy execution: mmc,28/09/2021,medium/high,mitre,system binary proxy execution: mmc,system binary proxy execution: mmc,medium/high,2019,e9297c51687758e22368,a11bb0f624a8f2574c8e,False,Code Execution & Injection,mitre_parent:system binary proxy execution,alta,asignada,2021-09-28,fecha_fuente_no_verificada_como_incidente,tecnica_mitre,,windows,__NO_INFORMADO__,windows,3,False
iaas,,cloud storage object discovery,01/10/2021,medium,mitre,cloud storage object discovery,cloud storage object discovery,medium,1516,3cf19a580c579388d062,1c8fe583bb97f592191a,False,Reconnaissance & Attack Operations,mitre_parent:cloud storage object discovery,alta,asignada,2021-10-01,fecha_fuente_no_verificada_como_incidente,tecnica_mitre,,iaas,__NO_INFORMADO__,iaas,2,False
"linux, windows, macos",,reflective code loading,05/10/2021,medium/high,mitre,reflective code loading,reflective code loading,medium/high,1922,2a7dd69a320c11a743aa,ccb9f40a6235015036b2,False,Code Execution & Injection,mitre_parent:reflective code loading,alta,asignada,2021-10-05,fecha_fuente_no_verificada_como_incidente,tecnica_mitre,,"linux, windows, macos",__NO_INFORMADO__,"linux, windows, macos",3,False
macos,,boot or logon autostart execution: login items,05/10/2021,medium/high,mitre,boot or logon autostart execution: login items,boot or logon autostart execution: login items,medium/high,1486,a1962e16957b018d438f,55e986cddbed066d42c9,False,"Identity, Access & Persistence",mitre_parent:boot or logon autostart execution,alta,asignada,2021-10-05,fecha_fuente_no_verificada_como_incidente,tecnica_mitre,,macos,__NO_INFORMADO__,macos,3,False
"linux, windows, macos",,impair defenses: downgrade attack,08/10/2021,medium/high,mitre,impair defenses: downgrade attack,impair defenses: downgrade attack,medium/high,1754,6bd674071d2573a94ef9,affb81049d7e8c057011,False,Reconnaissance & Attack Operations,mitre_parent:impair defenses,alta,asignada,2021-10-08,fecha_fuente_no_verificada_como_incidente,tecnica_mitre,,"linux, windows, macos",__NO_INFORMADO__,"linux, windows, macos",3,False
macos,,hide artifacts: resource forking,12/10/2021,medium/high,mitre,remote_code_execution,remote_code_execution,medium/high,1730,3249edccb90b7be626fc,c13a9f2526f2d31c3ee8,False,Reconnaissance & Attack Operations,mitre_parent:hide artifacts,alta,asignada,2021-10-12,fecha_fuente_no_verificada_como_incidente,tecnica_mitre,,macos,__NO_INFORMADO__,macos,3,False
macos,,inter-process communication: xpc services,12/10/2021,high,mitre,inter-process communication: xpc services,inter-process communication: xpc services,high,1784,abfdf34855e08296635e,a096ea81b9143446a96f,False,Code Execution & Injection,mitre_parent:inter-process communication,alta,asignada,2021-10-12,fecha_fuente_no_verificada_como_incidente,tecnica_mitre,,macos,__NO_INFORMADO__,macos,4,False
microsoft,office,microsoft office memory corruption vulnerability,03/11/2021,high,cisa,memory corruption,memory corruption,high,1307,001a272ca0ac33cad07f,ee53cc79f6110f6c9ffc,False,Memory & Software Safety,cisa_tipo:memory corruption,alta,asignada,2021-11-03,fecha_fuente_no_verificada_como_incidente,registro_vulnerabilidad,microsoft,,office,microsoft,4,False
f5,big-ip and big-iq centralized management,f5 big-ip and big-iq centralized management icontrol rest remote code execution vulnerability,03/11/2021,high,cisa,remote_code_execution,remote_code_execution,high,1216,00367247801d41e58ba7,6869aa39ea2246cf9300,False,Code Execution & Injection,cisa_tipo:remote code execution,alta,asignada,2021-11-03,fecha_fuente_no_verificada_como_incidente,registro_vulnerabilidad,f5,,big-ip and big-iq centralized management,f5,4,False
google,chrome,google chrome use-after-free vulnerability,03/11/2021,high,cisa,use-after-free,use-after-free,high,1224,01cf0fe5d1e68621b2fb,32b95d649cd905d08dc7,False,Memory & Software Safety,cisa_tipo:use-after-free,alta,asignada,2021-11-03,fecha_fuente_no_verificada_como_incidente,registro_vulnerabilidad,google,,chrome,google,4,False
microsoft,windows,microsoft windows mshtml platform remote code execution vulnerability,03/11/2021,high,cisa,out-of-bounds write,out-of-bounds write,high,1265,0212eaaaa76fb49b063b,d807c3b3bce2ad3af068,False,Memory & Software Safety,cisa_tipo:out-of-bounds write,alta,asignada,2021-11-03,fecha_fuente_no_verificada_como_incidente,registro_vulnerabilidad,microsoft,,windows,microsoft,4,False
accellion,fta,accellion fta server-side request forgery (ssrf) vulnerability,03/11/2021,medium,cisa,generic vulnerability,generic vulnerability,medium,1135,02a650b9c9643d969dc9,b83a74d1ee65471df3fb,False,Code Execution & Injection,cisa_nombre:code execution|command execution|code injection|command injection|sql injection|injection|deserialization|cross.site scripting|xss|file upload|upload of|file type upload|embedded malicious code|download of code|arbitrary code|improper neutralization|improper escaping|server.side request forgery|request smuggling|http request splitting,media,asignada,2021-11-03,fecha_fuente_no_verificada_como_incidente,registro_vulnerabilidad,accellion,,fta,accellion,2,False
microsoft,internet explorer,microsoft internet explorer memory corruption vulnerability,03/11/2021,high,cisa,use-after-free,use-after-free,high,1293,040a85eba4758b21da40,b490036b53f509dfe8ff,False,Memory & Software Safety,cisa_tipo:use-after-free,alta,asignada,2021-11-03,fecha_fuente_no_verificada_como_incidente,registro_vulnerabilidad,microsoft,,internet explorer,microsoft,4,False
google,chrome for android ui,google chrome for android ui heap buffer overflow vulnerability,03/11/2021,high,cisa,out-of-bounds write,out-of-bounds write,high,1221,05b652e0923792552262,449210174562f0f7787b,False,Memory & Software Safety,cisa_tipo:out-of-bounds write,alta,asignada,2021-11-03,fecha_fuente_no_verificada_como_incidente,registro_vulnerabilidad,google,,chrome for android ui,google,4,False
microsoft,windows,microsoft windows kernel privilege escalation vulnerability,03/11/2021,high,cisa,memory corruption,memory corruption,high,1267,07072d8097b3f9c4d1ae,e143cd4fb09b01661136,False,Memory & Software Safety,cisa_tipo:memory corruption,alta,asignada,2021-11-03,fecha_fuente_no_verificada_como_incidente,registro_vulnerabilidad,microsoft,,windows,microsoft,4,False
microsoft,windows,microsoft windows ntfs privilege escalation vulnerability,03/11/2021,high,cisa,out-of-bounds write,out-of-bounds write,high,1268,084df7c91eedffe50cc6,d7a3de5610caadad289b,False,Memory & Software Safety,cisa_tipo:out-of-bounds write,alta,asignada,2021-11-03,fecha_fuente_no_verificada_como_incidente,registro_vulnerabilidad,microsoft,,windows,microsoft,4,False
oracle,weblogic server,oracle weblogic server remote code execution vulnerability,03/11/2021,high,cisa,remote_code_execution,remote_code_execution,high,1344,0a2ddf6ab25c3b08c22c,c13966fbb5f2e968135b,False,Code Execution & Injection,cisa_tipo:remote code execution,alta,asignada,2021-11-03,fecha_fuente_no_verificada_como_incidente,registro_vulnerabilidad,oracle,,weblogic server,oracle,4,False
apple,ios,apple ios webkit use-after-free vulnerability,03/11/2021,high,cisa,use-after-free,use-after-free,high,1163,0e07c66e3b5e4ec7c63b,e09f6a3b4fbfb7e8a306,False,Memory & Software Safety,cisa_tipo:use-after-free,alta,asignada,2021-11-03,fecha_fuente_no_verificada_como_incidente,registro_vulnerabilidad,apple,,ios,apple,4,False
sonicwall,sonicwall email security,sonicwall email security unrestricted upload of file vulnerability,03/11/2021,medium,cisa,generic vulnerability,generic vulnerability,medium,1378,0e2ba5ef979f2c3658c7,0369321d00fed847a9c4,False,Code Execution & Injection,cisa_nombre:code execution|command execution|code injection|command injection|sql injection|injection|deserialization|cross.site scripting|xss|file upload|upload of|file type upload|embedded malicious code|download of code|arbitrary code|improper neutralization|improper escaping|server.side request forgery|request smuggling|http request splitting,media,asignada,2021-11-03,fecha_fuente_no_verificada_como_incidente,registro_vulnerabilidad,sonicwall,,sonicwall email security,sonicwall,2,False
trend micro,"apex one, apex one as a service, and worry-free business security",trend micro multiple products improper input validation vulnerability,03/11/2021,medium,cisa,generic vulnerability,generic vulnerability,medium,1396,0eac094b1f1969daa793,8b818804152718004eb9,False,Memory & Software Safety,cisa_nombre:buffer overflow|memory corruption|out.of.bounds|use.after.free|type confusion|double.free|heap.based|stack.based|integer overflow|integer underflow|race condition|time.of.check|arbitrary read and write|uninitialized (memory|variable)|improper input validation|improper validation|improper resource (shutdown|release)|null pointer|memory initialization|memory leak|format string|untrusted pointer dereference|double dereference|out.of.range pointer|record corruption|insufficient (input|data) validation|invalid input|data validation|detection of error condition,media,asignada,2021-11-03,fecha_fuente_no_verificada_como_incidente,registro_vulnerabilidad,trend micro,,"apex one, apex one as a service, and worry-free business security",trend micro,2,False
oracle,solaris and zettabyte file system (zfs),oracle solaris and zettabyte file system (zfs) unspecified vulnerability,03/11/2021,high,cisa,out-of-bounds write,out-of-bounds write,high,1342,100bf8dfe7f3f07f15e0,8c849a0845dbdbe7bdf6,False,Memory & Software Safety,cisa_tipo:out-of-bounds write,alta,asignada,2021-11-03,fecha_fuente_no_verificada_como_incidente,registro_vulnerabilidad,oracle,,solaris and zettabyte file system (zfs),oracle,4,False
microsoft,internet information services (iis),microsoft windows server buffer overflow vulnerability,03/11/2021,high,cisa,memory corruption,memory corruption,high,1277,1029076a0b58d9ab3e34,917977ea1722e9160e89,False,Memory & Software Safety,cisa_tipo:memory corruption,alta,asignada,2021-11-03,fecha_fuente_no_verificada_como_incidente,registro_vulnerabilidad,microsoft,,internet information services (iis),microsoft,4,False
apple,multiple products,apple multiple products webkit integer overflow vulnerability,03/11/2021,high,cisa,memory_corruption,buffer_overflow,high,1173,10f27d9948b571754171,646585735620e62e81e0,False,Memory & Software Safety,cisa_tipo:memory corruption,alta,asignada,2021-11-03,fecha_fuente_no_verificada_como_incidente,registro_vulnerabilidad,apple,,multiple products,apple,4,False
vmware,vmware esxi and horizon daas,vmware esxi and horizon daas openslp heap-based buffer overflow vulnerability,03/11/2021,high,cisa,out-of-bounds write,out-of-bounds write,high,1403,115391f941ebbe98fd0c,3be454687ddecbe03307,False,Memory & Software Safety,cisa_tipo:out-of-bounds write,alta,asignada,2021-11-03,fecha_fuente_no_verificada_como_incidente,registro_vulnerabilidad,vmware,,vmware esxi and horizon daas,vmware,4,False
vmware,vcenter server,vmware vcenter server improper input validation vulnerability,03/11/2021,medium,cisa,generic vulnerability,generic vulnerability,medium,1409,1213ec31e57efba5d0dd,ed17c3afe6b5ec1d0f8a,False,Memory & Software Safety,cisa_nombre:buffer overflow|memory corruption|out.of.bounds|use.after.free|type confusion|double.free|heap.based|stack.based|integer overflow|integer underflow|race condition|time.of.check|arbitrary read and write|uninitialized (memory|variable)|improper input validation|improper validation|improper resource (shutdown|release)|null pointer|memory initialization|memory leak|format string|untrusted pointer dereference|double dereference|out.of.range pointer|record corruption|insufficient (input|data) validation|invalid input|data validation|detection of error condition,media,asignada,2021-11-03,fecha_fuente_no_verificada_como_incidente,registro_vulnerabilidad,vmware,,vcenter server,vmware,2,False
arm,trusted firmware,arm trusted firmware out-of-bounds write vulnerability,03/11/2021,high,cisa,out-of-bounds write,out-of-bounds write,high,1178,123d8d816f68010c0e82,6b96766ab7aca7e90986,False,Memory & Software Safety,cisa_tipo:out-of-bounds write,alta,asignada,2021-11-03,fecha_fuente_no_verificada_como_incidente,registro_vulnerabilidad,arm,,trusted firmware,arm,4,False
microsoft,edge and internet explorer,microsoft edge and internet explorer memory corruption vulnerability,03/11/2021,high,cisa,out-of-bounds write,out-of-bounds write,high,1258,13f31b3598f310850c16,2db3c3f559eb80d3b02e,False,Memory & Software Safety,cisa_tipo:out-of-bounds write,alta,asignada,2021-11-03,fecha_fuente_no_verificada_como_incidente,registro_vulnerabilidad,microsoft,,edge and internet explorer,microsoft,4,False
bqe,billquick web suite,bqe billquick web suite sql injection vulnerability,03/11/2021,high,cisa,injection,other_injection,high,1185,1436b7ddec071f92dae9,fa59549631370f22e782,False,Code Execution & Injection,cisa_tipo:injection,alta,asignada,2021-11-03,fecha_fuente_no_verificada_como_incidente,registro_vulnerabilidad,bqe,,billquick web suite,bqe,4,False
symantec,symantec messaging gateway,symantec messaging gateway remote code execution vulnerability,03/11/2021,high,cisa,remote_code_execution,remote_code_execution,high,1383,15fc4d1ab5fe9025a6a1,65a567510682f97be9ce,False,Code Execution & Injection,cisa_tipo:remote code execution,alta,asignada,2021-11-03,fecha_fuente_no_verificada_como_incidente,registro_vulnerabilidad,symantec,,symantec messaging gateway,symantec,4,False
microsoft,windows,microsoft windows scripting engine memory corruption vulnerability,03/11/2021,high,cisa,out-of-bounds write,out-of-bounds write,high,1322,16f5bd90cfc9298cd1b0,74d674867d215fd96a2b,False,Memory & Software Safety,cisa_tipo:out-of-bounds write,alta,asignada,2021-11-03,fecha_fuente_no_verificada_como_incidente,registro_vulnerabilidad,microsoft,,windows,microsoft,4,False
apache,http server,apache http server path traversal vulnerability,03/11/2021,high,cisa,path_traversal,path_traversal,high,1146,17a3330492d3a2b00ef9,aea4f7046ea8901e1e49,False,Data Collection & Exfiltration,cisa_tipo:path traversal,alta,asignada,2021-11-03,fecha_fuente_no_verificada_como_incidente,registro_vulnerabilidad,apache,,http server,apache,4,False
google,chromium v8,google chromium v8 incorrect implementation vulnerabililty,03/11/2021,high,cisa,out-of-bounds write,out-of-bounds write,high,1228,17a7e63d331757c5cdf9,cc79459d1a0cd375aedd,False,Memory & Software Safety,cisa_tipo:out-of-bounds write,alta,asignada,2021-11-03,fecha_fuente_no_verificada_como_incidente,registro_vulnerabilidad,google,,chromium v8,google,4,False
sap,solution manager,sap solution manager missing authentication for critical function vulnerability,03/11/2021,medium/high,cisa,authentication issues,authentication issues,medium/high,1369,193395016931653e9410,57e520eb8d299533c4d9,False,"Identity, Access & Persistence",cisa_tipo:authentication issues,alta,asignada,2021-11-03,fecha_fuente_no_verificada_como_incidente,registro_vulnerabilidad,sap,,solution manager,sap,3,False
trend micro,apex one and officescan,trend micro apex one and officescan remote code execution vulnerability,03/11/2021,high,cisa,remote_code_execution,remote_code_execution,high,1392,1a7f68c68f4f33e83bf4,cce931bd227e91a21746,False,Code Execution & Injection,cisa_tipo:remote code execution,alta,asignada,2021-11-03,fecha_fuente_no_verificada_como_incidente,registro_vulnerabilidad,trend micro,,apex one and officescan,trend micro,4,False
qualcomm,multiple chipsets,qualcomm multiple chipsets use-after-free vulnerability,03/11/2021,high,cisa,use-after-free,use-after-free,high,1358,1aed1344b2c90a38ab80,93a07cf9d17d5e170bf7,False,Memory & Software Safety,cisa_tipo:use-after-free,alta,asignada,2021-11-03,fecha_fuente_no_verificada_como_incidente,registro_vulnerabilidad,qualcomm,,multiple chipsets,qualcomm,4,False
vmware,vcenter server,vmware vcenter server information disclosure vulnerability,03/11/2021,medium,cisa,generic vulnerability,generic vulnerability,medium,1407,1c377ec56d2c780500ee,d4eda846ae255bb435d7,False,Data Collection & Exfiltration,cisa_nombre:information disclosure|information leak|disclosure|exposure of|directory traversal|path traversal|path transversal|file inclusion|external control of file name|link following|improper link resolution|arbitrary file (read|download)|file download|file read|sensitive information,media,asignada,2021-11-03,fecha_fuente_no_verificada_como_incidente,registro_vulnerabilidad,vmware,,vcenter server,vmware,2,False
microsoft,windows,microsoft windows error reporting (wer) privilege escalation vulnerability,03/11/2021,high,cisa,privilege escalation,privilege escalation,high,1331,1c5cfc83587a8be589f2,4ac1bea794e50e8a408f,False,"Identity, Access & Persistence",cisa_tipo:privilege escalation,alta,asignada,2021-11-03,fecha_fuente_no_verificada_como_incidente,registro_vulnerabilidad,microsoft,,windows,microsoft,4,False
microsoft,windows,microsoft windows installer privilege escalation vulnerability,03/11/2021,high,cisa,privilege escalation,privilege escalation,high,1263,1d369fa9ff83c0d93f4d,5085c35a069f68cf48f1,False,"Identity, Access & Persistence",cisa_tipo:privilege escalation,alta,asignada,2021-11-03,fecha_fuente_no_verificada_como_incidente,registro_vulnerabilidad,microsoft,,windows,microsoft,4,False
cisco,adaptive security appliance (asa) and firepower threat defense (ftd),cisco asa and ftd cross-site scripting (xss) vulnerability,03/11/2021,medium,cisa,xss,cross_site_scripting,medium,1187,1e0453ed472455e8d2a7,aedca5acf6ef7547a598,False,Code Execution & Injection,cisa_tipo:xss,alta,asignada,2021-11-03,fecha_fuente_no_verificada_como_incidente,registro_vulnerabilidad,cisco,,adaptive security appliance (asa) and firepower threat defense (ftd),cisco,2,False
simalliance,toolbox browser,simalliance toolbox browser command injection vulnerability,03/11/2021,high,cisa,injection,other_injection,high,1371,1e3958b21d9080d26647,a98c374214ee73366264,False,Code Execution & Injection,cisa_tipo:injection,alta,asignada,2021-11-03,fecha_fuente_no_verificada_como_incidente,registro_vulnerabilidad,simalliance,,toolbox browser,simalliance,4,False
apache,struts,apache struts deserialization of untrusted data vulnerability,03/11/2021,high,cisa,insecure_deserialization,insecure_deserialization,high,1145,1e5548d60e38c965a5f0,6503576c0b6ac85f952e,False,Code Execution & Injection,cisa_tipo:insecure deserialization,alta,asignada,2021-11-03,fecha_fuente_no_verificada_como_incidente,registro_vulnerabilidad,apache,,struts,apache,4,False
progress,telerik ui for asp.net ajax,progress telerik ui for asp.net ajax deserialization of untrusted data vulnerability,03/11/2021,high,cisa,insecure_deserialization,insecure_deserialization,high,1348,1f1a5a7cbab6283f87f4,d8a29f2de36f07463439,False,Code Execution & Injection,cisa_tipo:insecure deserialization,alta,asignada,2021-11-03,fecha_fuente_no_verificada_como_incidente,registro_vulnerabilidad,progress,,telerik ui for asp.net ajax,progress,4,False
android,android kernel,android kernel use-after-free vulnerability,03/11/2021,high,cisa,use-after-free,use-after-free,high,1142,1fc9ce31450b779401c9,b430f819cf2fbf03f15f,False,Memory & Software Safety,cisa_tipo:use-after-free,alta,asignada,2021-11-03,fecha_fuente_no_verificada_como_incidente,registro_vulnerabilidad,android,,android kernel,android,4,False
microsoft,internet explorer,microsoft internet explorer remote code execution vulnerability,03/11/2021,high,cisa,remote_code_execution,remote_code_execution,high,1305,204057feed55e72a060c,d6cc85631b6c2f5dbaed,False,Code Execution & Injection,cisa_tipo:remote code execution,alta,asignada,2021-11-03,fecha_fuente_no_verificada_como_incidente,registro_vulnerabilidad,microsoft,,internet explorer,microsoft,4,False
microsoft,internet explorer,microsoft internet explorer scripting engine memory corruption vulnerability,03/11/2021,high,cisa,out-of-bounds write,out-of-bounds write,high,1297,220f863d51f685faf7d0,79505518b8e467a804ee,False,Memory & Software Safety,cisa_tipo:out-of-bounds write,alta,asignada,2021-11-03,fecha_fuente_no_verificada_como_incidente,registro_vulnerabilidad,microsoft,,internet explorer,microsoft,4,False
citrix,"application delivery controller (adc), gateway, and sd-wan wanop appliance","citrix adc, gateway, and sd-wan wanop appliance information disclosure vulnerability",03/11/2021,medium,cisa,generic vulnerability,generic vulnerability,medium,1199,24205a8535142c26c61a,67f420a325831e156970,False,Data Collection & Exfiltration,cisa_nombre:information disclosure|information leak|disclosure|exposure of|directory traversal|path traversal|path transversal|file inclusion|external control of file name|link following|improper link resolution|arbitrary file (read|download)|file download|file read|sensitive information,media,asignada,2021-11-03,fecha_fuente_no_verificada_como_incidente,registro_vulnerabilidad,citrix,,"application delivery controller (adc), gateway, and sd-wan wanop appliance",citrix,2,False
microsoft,windows,microsoft windows server message block (smbv1) remote code execution vulnerability,03/11/2021,high,cisa,remote_code_execution,remote_code_execution,high,1281,250749acf94430f72eaa,b93f2c8c5ba46af58ebe,False,Code Execution & Injection,cisa_tipo:remote code execution,alta,asignada,2021-11-03,fecha_fuente_no_verificada_como_incidente,registro_vulnerabilidad,microsoft,,windows,microsoft,4,False
tenda,ac11 router,tenda ac11 router stack buffer overflow vulnerability,03/11/2021,high,cisa,out-of-bounds write,out-of-bounds write,high,1386,254ad0cf405dc2559581,bd8d1205e68483331c0a,False,Memory & Software Safety,cisa_tipo:out-of-bounds write,alta,asignada,2021-11-03,fecha_fuente_no_verificada_como_incidente,registro_vulnerabilidad,tenda,,ac11 router,tenda,4,False
apache,http server,apache http server privilege escalation vulnerability,03/11/2021,high,cisa,use-after-free,use-after-free,high,1148,25911a82b811d9536022,ce9fecbbeb1d473a6920,False,Memory & Software Safety,cisa_tipo:use-after-free,alta,asignada,2021-11-03,fecha_fuente_no_verificada_como_incidente,registro_vulnerabilidad,apache,,http server,apache,4,False
tenda,ac1900 router ac15 model,tenda ac1900 router ac15 model remote code execution vulnerability,03/11/2021,high,cisa,remote_code_execution,remote_code_execution,high,1387,26a28f189043b5273e4f,eeb3738fc80c98fb8337,False,Code Execution & Injection,cisa_tipo:remote code execution,alta,asignada,2021-11-03,fecha_fuente_no_verificada_como_incidente,registro_vulnerabilidad,tenda,,ac1900 router ac15 model,tenda,4,False
microsoft,windows,microsoft windows kernel information disclosure vulnerability,03/11/2021,medium,cisa,generic vulnerability,generic vulnerability,medium,1259,285b66088db016723007,35dfd919252d9b12eed2,False,Data Collection & Exfiltration,cisa_nombre:information disclosure|information leak|disclosure|exposure of|directory traversal|path traversal|path transversal|file inclusion|external control of file name|link following|improper link resolution|arbitrary file (read|download)|file download|file read|sensitive information,media,asignada,2021-11-03,fecha_fuente_no_verificada_como_incidente,registro_vulnerabilidad,microsoft,,windows,microsoft,2,False
microsoft,remote desktop services,microsoft remote desktop services remote code execution vulnerability,03/11/2021,high,cisa,use-after-free,use-after-free,high,1283,28c726a011955287ccf9,bc903851e011a5248c66,False,Memory & Software Safety,cisa_tipo:use-after-free,alta,asignada,2021-11-03,fecha_fuente_no_verificada_como_incidente,registro_vulnerabilidad,microsoft,,remote desktop services,microsoft,4,False
vmware,multiple products,multiple vmware products command injection vulnerability,03/11/2021,high,cisa,injection,other_injection,high,1410,28cc7123817ca4c2336f,8d400774686b36fbdc8f,False,Code Execution & Injection,cisa_tipo:injection,alta,asignada,2021-11-03,fecha_fuente_no_verificada_como_incidente,registro_vulnerabilidad,vmware,,multiple products,vmware,4,False
netgear,jgs516pe devices,netgear jgs516pe devices missing function level access control vulnerability,03/11/2021,medium,cisa,unspecified,unspecified,medium,1338,2920d12a8c1613ba8969,2606dea80cc75dfd778e,False,"Identity, Access & Persistence",cisa_nombre:authentication|authorization|unauthorized access|privilege|credentials?|password|hard.coded|access control|permission|ownership|improper isolation|sandbox escape|session fixation|security feature bypass|protection mechanism|improper certificate|certificate validation|missing encryption|cryptographic|signature verification|integrity check|integrity verification|unprotected alternate channel|protection of alternate|spoofing|inadequate encryption strength|insecure direct object reference|dll side.loading|dll hijacking|uncontrolled search path,media,asignada,2021-11-03,fecha_fuente_no_verificada_como_incidente,registro_vulnerabilidad,netgear,,jgs516pe devices,netgear,2,False
google,chromium blink,google chromium blink use-after-free vulnerability,03/11/2021,high,cisa,use-after-free,use-after-free,high,1236,2997220b3835213ad782,fc085f98ab66022a9da3,False,Memory & Software Safety,cisa_tipo:use-after-free,alta,asignada,2021-11-03,fecha_fuente_no_verificada_como_incidente,registro_vulnerabilidad,google,,chromium blink,google,4,False
microsoft,netlogon,microsoft netlogon privilege escalation vulnerability,03/11/2021,high,cisa,privilege escalation,privilege escalation,high,1316,2b1c6f33be42748a687c,ce9d60335ad7cc572d75,False,"Identity, Access & Persistence",cisa_tipo:privilege escalation,alta,asignada,2021-11-03,fecha_fuente_no_verificada_como_incidente,registro_vulnerabilidad,microsoft,,netlogon,microsoft,4,False
forgerock,access management (am),forgerock access management (am) core server remote code execution vulnerability,03/11/2021,high,cisa,insecure_deserialization,insecure_deserialization,high,1217,2c5365b9b8b9dd9edf2e,701731c2c09d6c1f03dc,False,Code Execution & Injection,cisa_tipo:insecure deserialization,alta,asignada,2021-11-03,fecha_fuente_no_verificada_como_incidente,registro_vulnerabilidad,forgerock,,access management (am),forgerock,4,False
oracle,multiple products,oracle multiple products remote code execution vulnerability,03/11/2021,high,cisa,insecure_deserialization,insecure_deserialization,high,1340,2d5ebe776d1a5ea26f2f,0ab9a40bdf73306c9c4c,False,Code Execution & Injection,cisa_tipo:insecure deserialization,alta,asignada,2021-11-03,fecha_fuente_no_verificada_como_incidente,registro_vulnerabilidad,oracle,,multiple products,oracle,4,False
google,chromium intents,google chromium intents improper input validation vulnerability,03/11/2021,medium,cisa,generic vulnerability,generic vulnerability,medium,1237,2f82733260045f9f64b9,ef45a82e0df761ed54b7,False,Memory & Software Safety,cisa_nombre:buffer overflow|memory corruption|out.of.bounds|use.after.free|type confusion|double.free|heap.based|stack.based|integer overflow|integer underflow|race condition|time.of.check|arbitrary read and write|uninitialized (memory|variable)|improper input validation|improper validation|improper resource (shutdown|release)|null pointer|memory initialization|memory leak|format string|untrusted pointer dereference|double dereference|out.of.range pointer|record corruption|insufficient (input|data) validation|invalid input|data validation|detection of error condition,media,asignada,2021-11-03,fecha_fuente_no_verificada_como_incidente,registro_vulnerabilidad,google,,chromium intents,google,2,False
zoho,manageengine,zoho manageengine servicedesk plus (sdp) file upload vulnerability,03/11/2021,medium,cisa,generic vulnerability,generic vulnerability,medium,1417,30410dbb9e548a22ad02,5399cc4754f872d89a21,False,Code Execution & Injection,cisa_nombre:code execution|command execution|code injection|command injection|sql injection|injection|deserialization|cross.site scripting|xss|file upload|upload of|file type upload|embedded malicious code|download of code|arbitrary code|improper neutralization|improper escaping|server.side request forgery|request smuggling|http request splitting,media,asignada,2021-11-03,fecha_fuente_no_verificada_como_incidente,registro_vulnerabilidad,zoho,,manageengine,zoho,2,False
microsoft,office,microsoft office ole dll side loading vulnerability,03/11/2021,medium,cisa,generic vulnerability,generic vulnerability,medium,1330,30e55b27b58fb0c7fcda,9ecebe866d6f6ffca6e5,False,"Identity, Access & Persistence",cisa_nombre:authentication|authorization|unauthorized access|privilege|credentials?|password|hard.coded|access control|permission|ownership|improper isolation|sandbox escape|session fixation|security feature bypass|protection mechanism|improper certificate|certificate validation|missing encryption|cryptographic|signature verification|integrity check|integrity verification|unprotected alternate channel|protection of alternate|spoofing|inadequate encryption strength|insecure direct object reference|dll side.loading|dll hijacking|uncontrolled search path,media,asignada,2021-11-03,fecha_fuente_no_verificada_como_incidente,registro_vulnerabilidad,microsoft,,office,microsoft,2,False
apple,multiple products,apple multiple products race condition vulnerability,03/11/2021,medium,cisa,generic vulnerability,generic vulnerability,medium,1164,360c7630613f22e49fc7,6e0f9fc107fa5ea28aae,False,Memory & Software Safety,cisa_nombre:buffer overflow|memory corruption|out.of.bounds|use.after.free|type confusion|double.free|heap.based|stack.based|integer overflow|integer underflow|race condition|time.of.check|arbitrary read and write|uninitialized (memory|variable)|improper input validation|improper validation|improper resource (shutdown|release)|null pointer|memory initialization|memory leak|format string|untrusted pointer dereference|double dereference|out.of.range pointer|record corruption|insufficient (input|data) validation|invalid input|data validation|detection of error condition,media,asignada,2021-11-03,fecha_fuente_no_verificada_como_incidente,registro_vulnerabilidad,apple,,multiple products,apple,2,False
sonatype,nexus repository,sonatype nexus repository remote code execution vulnerability,03/11/2021,high,cisa,remote_code_execution,remote_code_execution,high,1375,36658935e613feb580a6,6b5a86080470c8f8c75b,False,Code Execution & Injection,cisa_tipo:remote code execution,alta,asignada,2021-11-03,fecha_fuente_no_verificada_como_incidente,registro_vulnerabilidad,sonatype,,nexus repository,sonatype,4,False
cisco,hyperflex hx,cisco hyperflex hx data platform command injection vulnerability,03/11/2021,high,cisa,injection,other_injection,high,1189,368849321a74a8316151,f899f5b9ddbb09612d36,False,Code Execution & Injection,cisa_tipo:injection,alta,asignada,2021-11-03,fecha_fuente_no_verificada_como_incidente,registro_vulnerabilidad,cisco,,hyperflex hx,cisco,4,False
mediatek,multiple chipsets,mediatek multiple chipsets insufficient input validation vulnerability,03/11/2021,high,cisa,out-of-bounds write,out-of-bounds write,high,1144,36fecc68df852c6074d0,a3ddc54700548875d333,False,Memory & Software Safety,cisa_tipo:out-of-bounds write,alta,asignada,2021-11-03,fecha_fuente_no_verificada_como_incidente,registro_vulnerabilidad,mediatek,,multiple chipsets,mediatek,4,False
apple,multiple products,apple multiple products memory corruption vulnerability,03/11/2021,high,cisa,out-of-bounds write,out-of-bounds write,high,1157,386f54e483656d80716f,408c0255b2c35a435ecc,False,Memory & Software Safety,cisa_tipo:out-of-bounds write,alta,asignada,2021-11-03,fecha_fuente_no_verificada_como_incidente,registro_vulnerabilidad,apple,,multiple products,apple,4,False
apple,ios and macos,apple ios and macos group facetime vulnerability,03/11/2021,medium,cisa,unspecified,unspecified,medium,1155,395df0b3f3841766c08c,024345e32a6c1c353bd9,False,,texto_insuficiente,pendiente,requiere_revision,2021-11-03,fecha_fuente_no_verificada_como_incidente,registro_vulnerabilidad,apple,,ios and macos,apple,2,False
trend micro,"apex one, officescan and worry-free business security agents",trend micro multiple products content validation escape vulnerability,03/11/2021,medium,cisa,generic vulnerability,generic vulnerability,medium,1393,3bb8d253a82352c0b9d4,91d092b995c13215b54e,False,,texto_insuficiente,pendiente,requiere_revision,2021-11-03,fecha_fuente_no_verificada_como_incidente,registro_vulnerabilidad,trend micro,,"apex one, officescan and worry-free business security agents",trend micro,2,False
microsoft,enhanced cryptographic provider,microsoft enhanced cryptographic provider privilege escalation vulnerability,03/11/2021,high,cisa,privilege escalation,privilege escalation,high,1266,3cc56510d127a043a8c0,72b67b86020c1ae3e263,False,"Identity, Access & Persistence",cisa_tipo:privilege escalation,alta,asignada,2021-11-03,fecha_fuente_no_verificada_como_incidente,registro_vulnerabilidad,microsoft,,enhanced cryptographic provider,microsoft,4,False
oracle,weblogic server,oracle weblogic server deserialization of untrusted data vulnerability,03/11/2021,high,cisa,insecure_deserialization,insecure_deserialization,high,1343,3f3f11592f60b2407253,360d5da51265332eda67,False,Code Execution & Injection,cisa_tipo:insecure deserialization,alta,asignada,2021-11-03,fecha_fuente_no_verificada_como_incidente,registro_vulnerabilidad,oracle,,weblogic server,oracle,4,False
f5,big-ip,f5 big-ip traffic management user interface (tmui) remote code execution vulnerability,03/11/2021,high,cisa,remote_code_execution,remote_code_execution,high,1215,411ef0748b81288fae94,8df5cbc841d185be5652,False,Code Execution & Injection,cisa_tipo:remote code execution,alta,asignada,2021-11-03,fecha_fuente_no_verificada_como_incidente,registro_vulnerabilidad,f5,,big-ip,f5,4,False
accellion,fta,accellion fta sql injection vulnerability,03/11/2021,high,cisa,injection,other_injection,high,1134,41fc74067874fbf71be2,2a79ae0b21f671e228a9,False,Code Execution & Injection,cisa_tipo:injection,alta,asignada,2021-11-03,fecha_fuente_no_verificada_como_incidente,registro_vulnerabilidad,accellion,,fta,accellion,4,False
vmware,vcenter server,vmware vcenter server remote code execution vulnerability,03/11/2021,high,cisa,remote_code_execution,remote_code_execution,high,1408,4544828770de6acec1e9,9beb90dc1eebbb3315b5,False,Code Execution & Injection,cisa_tipo:remote code execution,alta,asignada,2021-11-03,fecha_fuente_no_verificada_como_incidente,registro_vulnerabilidad,vmware,,vcenter server,vmware,4,False
sonicwall,sslvpn sma100,sonicwall sslvpn sma100 sql injection vulnerability,03/11/2021,high,cisa,injection,other_injection,high,1380,47191a6b2d4303f8a3cd,82a59b060de4067fee4b,False,Code Execution & Injection,cisa_tipo:injection,alta,asignada,2021-11-03,fecha_fuente_no_verificada_como_incidente,registro_vulnerabilidad,sonicwall,,sslvpn sma100,sonicwall,4,False
thinkphp,thinkphp,thinkphp remote code execution vulnerability,03/11/2021,high,cisa,remote_code_execution,remote_code_execution,high,1390,478ddeee8aad8d6a135b,ab057fee08cceaadf7e8,False,Code Execution & Injection,cisa_tipo:remote code execution,alta,asignada,2021-11-03,fecha_fuente_no_verificada_como_incidente,registro_vulnerabilidad,thinkphp,,thinkphp,thinkphp,4,False
microsoft,windows,microsoft windows kernel privilege escalation vulnerability,03/11/2021,high,cisa,out-of-bounds write,out-of-bounds write,high,1273,4affc0a92dfea606e3b0,e143cd4fb09b01661136,False,Memory & Software Safety,cisa_tipo:out-of-bounds write,alta,asignada,2021-11-03,fecha_fuente_no_verificada_como_incidente,registro_vulnerabilidad,microsoft,,windows,microsoft,4,False
apple,multiple products,apple multiple products webkit storage use-after-free vulnerability,03/11/2021,high,cisa,use-after-free,use-after-free,high,1168,4b3d145e6261f5324260,a255bbadf2861f2aed63,False,Memory & Software Safety,cisa_tipo:use-after-free,alta,asignada,2021-11-03,fecha_fuente_no_verificada_como_incidente,registro_vulnerabilidad,apple,,multiple products,apple,4,False
microsoft,exchange server,microsoft exchange server remote code execution vulnerability,03/11/2021,high,cisa,insecure_deserialization,insecure_deserialization,high,1272,4cb3f4f942e0c102b083,2b21f82a2a649137da69,False,Code Execution & Injection,cisa_tipo:insecure deserialization,alta,asignada,2021-11-03,fecha_fuente_no_verificada_como_incidente,registro_vulnerabilidad,microsoft,,exchange server,microsoft,4,False
nagios,nagios xi,nagios xi remote code execution vulnerability,03/11/2021,high,cisa,remote_code_execution,remote_code_execution,high,1337,4d06ef47b7310e5794ff,54beeba4f08bac59ad10,False,Code Execution & Injection,cisa_tipo:remote code execution,alta,asignada,2021-11-03,fecha_fuente_no_verificada_como_incidente,registro_vulnerabilidad,nagios,,nagios xi,nagios,4,False
trend micro,officescan,trend micro officescan directory traversal vulnerability,03/11/2021,high,cisa,path_traversal,path_traversal,high,1391,4d30f74e67ce11adbaae,8cc87de0cdfdaf750367,False,Data Collection & Exfiltration,cisa_tipo:path traversal,alta,asignada,2021-11-03,fecha_fuente_no_verificada_como_incidente,registro_vulnerabilidad,trend micro,,officescan,trend micro,4,False
apple,"ios, ipados, and macos","apple ios, ipados, and macos webkit remote code execution vulnerability",03/11/2021,medium/high,cisa,dos,denial_of_service,medium/high,1165,4e1642b3b876829c679e,80d0e0cebafdc4091b7a,False,Impact & Availability,cisa_tipo:dos,alta,asignada,2021-11-03,fecha_fuente_no_verificada_como_incidente,registro_vulnerabilidad,apple,,"ios, ipados, and macos",apple,3,False
microsoft,defender,microsoft defender remote code execution vulnerability,03/11/2021,high,cisa,remote_code_execution,remote_code_execution,high,1260,4e16d789fa4c4101400c,b459a3c9759d15c89e4a,False,Code Execution & Injection,cisa_tipo:remote code execution,alta,asignada,2021-11-03,fecha_fuente_no_verificada_como_incidente,registro_vulnerabilidad,microsoft,,defender,microsoft,4,False
fortinet,fortios,fortinet fortios default configuration vulnerability,03/11/2021,medium,cisa,generic vulnerability,generic vulnerability,medium,1218,4e7ab325dacf08b896a2,112af91c4f39f528e6f8,False,,texto_insuficiente,pendiente,requiere_revision,2021-11-03,fecha_fuente_no_verificada_como_incidente,registro_vulnerabilidad,fortinet,,fortios,fortinet,2,False
apache,solr,apache solr velocityresponsewriter plug-in remote code execution vulnerability,03/11/2021,high,cisa,remote_code_execution,remote_code_execution,high,1150,4e99be31a2e238ccfc62,98014ca0dcff9fb43970,False,Code Execution & Injection,cisa_tipo:remote code execution,alta,asignada,2021-11-03,fecha_fuente_no_verificada_como_incidente,registro_vulnerabilidad,apache,,solr,apache,4,False
solarwinds,virtualization manager,solarwinds virtualization manager privilege escalation vulnerability,03/11/2021,high,cisa,privilege escalation,privilege escalation,high,1374,514fb38ac89521dd169f,b33f70e04f163bf45477,False,"Identity, Access & Persistence",cisa_tipo:privilege escalation,alta,asignada,2021-11-03,fecha_fuente_no_verificada_como_incidente,registro_vulnerabilidad,solarwinds,,virtualization manager,solarwinds,4,False
apple,"ios, ipados, and macos","apple ios, ipados, and macos type confusion vulnerability",03/11/2021,high,cisa,type confusion,type confusion,high,1175,537d60bd78ad4b43e7c0,58dbf0be0377ee5b4494,False,Memory & Software Safety,cisa_tipo:type confusion,alta,asignada,2021-11-03,fecha_fuente_no_verificada_como_incidente,registro_vulnerabilidad,apple,,"ios, ipados, and macos",apple,4,False
atlassian,confluence server and data center,atlassian confluence server and data center object-graph navigation language (ognl) injection vulnerability,03/11/2021,high,cisa,injection,other_injection,high,1182,54a59fda9a98cda048fb,e69e1297b4d83d7df6ea,False,Code Execution & Injection,cisa_tipo:injection,alta,asignada,2021-11-03,fecha_fuente_no_verificada_como_incidente,registro_vulnerabilidad,atlassian,,confluence server and data center,atlassian,4,False
citrix,"application delivery controller (adc), gateway, and sd-wan wanop appliance","citrix adc, gateway, and sd-wan wanop appliance authorization bypass vulnerability",03/11/2021,medium/high,cisa,authentication issues,authentication issues,medium/high,1198,55a67cfb6fd6bf4773ff,acd870984de43bfccbfc,False,"Identity, Access & Persistence",cisa_tipo:authentication issues,alta,asignada,2021-11-03,fecha_fuente_no_verificada_como_incidente,registro_vulnerabilidad,citrix,,"application delivery controller (adc), gateway, and sd-wan wanop appliance",citrix,3,False
microsoft,windows,microsoft windows privilege common log file system (clfs) escalation vulnerability,03/11/2021,medium,cisa,unspecified,unspecified,medium,1329,568592386ff34e0647cf,6865e15e47e2d06ad261,False,"Identity, Access & Persistence",cisa_nombre:authentication|authorization|unauthorized access|privilege|credentials?|password|hard.coded|access control|permission|ownership|improper isolation|sandbox escape|session fixation|security feature bypass|protection mechanism|improper certificate|certificate validation|missing encryption|cryptographic|signature verification|integrity check|integrity verification|unprotected alternate channel|protection of alternate|spoofing|inadequate encryption strength|insecure direct object reference|dll side.loading|dll hijacking|uncontrolled search path,media,asignada,2021-11-03,fecha_fuente_no_verificada_como_incidente,registro_vulnerabilidad,microsoft,,windows,microsoft,2,False
adobe,flash player,adobe flash player use-after-free vulnerability,03/11/2021,high,cisa,use-after-free,use-after-free,high,1140,580b4d5db212dea88caa,26c8626d53ff017a0670,False,Memory & Software Safety,cisa_tipo:use-after-free,alta,asignada,2021-11-03,fecha_fuente_no_verificada_como_incidente,registro_vulnerabilidad,adobe,,flash player,adobe,4,False
apple,"ios, ipados, and watchos","apple ios, ipados, and watchos webkit cross-site scripting (xss) vulnerability",03/11/2021,medium,cisa,xss,cross_site_scripting,medium,1167,596f302beac2624ae462,6e851926947a266b8401,False,Code Execution & Injection,cisa_tipo:xss,alta,asignada,2021-11-03,fecha_fuente_no_verificada_como_incidente,registro_vulnerabilidad,apple,,"ios, ipados, and watchos",apple,2,False
sonicwall,sonicwall email security,sonicwall email security improper privilege management vulnerability,03/11/2021,medium,cisa,generic vulnerability,generic vulnerability,medium,1376,5d033e413e23098395a1,be8fafe651635b173049,False,"Identity, Access & Persistence",cisa_nombre:authentication|authorization|unauthorized access|privilege|credentials?|password|hard.coded|access control|permission|ownership|improper isolation|sandbox escape|session fixation|security feature bypass|protection mechanism|improper certificate|certificate validation|missing encryption|cryptographic|signature verification|integrity check|integrity verification|unprotected alternate channel|protection of alternate|spoofing|inadequate encryption strength|insecure direct object reference|dll side.loading|dll hijacking|uncontrolled search path,media,asignada,2021-11-03,fecha_fuente_no_verificada_como_incidente,registro_vulnerabilidad,sonicwall,,sonicwall email security,sonicwall,2,False
ivanti,pulse connect secure,ivanti pulse connect secure command injection vulnerability,03/11/2021,high,cisa,injection,other_injection,high,1354,5d7fdfe1ffd1a224d90c,b3097a63081573a9ca89,False,Code Execution & Injection,cisa_tipo:injection,alta,asignada,2021-11-03,fecha_fuente_no_verificada_como_incidente,registro_vulnerabilidad,ivanti,,pulse connect secure,ivanti,4,False
google,chromium v8,google chromium v8 use-after-free vulnerability,03/11/2021,high,cisa,use-after-free,use-after-free,high,1233,5d873f6bb3e109a7191d,673eb6770199868b6254,False,Memory & Software Safety,cisa_tipo:use-after-free,alta,asignada,2021-11-03,fecha_fuente_no_verificada_como_incidente,registro_vulnerabilidad,google,,chromium v8,google,4,False
google,chromium webgl,google chromium webgl use-after-free vulnerability,03/11/2021,high,cisa,use-after-free,use-after-free,high,1235,5dcfe378232a7166a328,ceb1864122d110bad3cf,False,Memory & Software Safety,cisa_tipo:use-after-free,alta,asignada,2021-11-03,fecha_fuente_no_verificada_como_incidente,registro_vulnerabilidad,google,,chromium webgl,google,4,False
microsoft,mshtml,microsoft mshtml remote code execution vulnerability,03/11/2021,high,cisa,remote_code_execution,remote_code_execution,high,1295,5f659f7f8a66a9aa045a,310645b7deb4668a2f12,False,Code Execution & Injection,cisa_tipo:remote code execution,alta,asignada,2021-11-03,fecha_fuente_no_verificada_como_incidente,registro_vulnerabilidad,microsoft,,mshtml,microsoft,4,False
tenda,"ac7, ac9, and ac10 routers","tenda ac7, ac9, and ac10 routers command injection vulnerability",03/11/2021,high,cisa,injection,other_injection,high,1388,600e55d382e522283d42,b40f77cf673f2541f235,False,Code Execution & Injection,cisa_tipo:injection,alta,asignada,2021-11-03,fecha_fuente_no_verificada_como_incidente,registro_vulnerabilidad,tenda,,"ac7, ac9, and ac10 routers",tenda,4,False
cisco,adaptive security appliance (asa) and firepower threat defense (ftd),cisco asa and ftd read-only path traversal vulnerability,03/11/2021,high,cisa,path_traversal,path_traversal,high,1186,60ea95ecd691f64c9394,39f3d1b144a862c02224,False,Data Collection & Exfiltration,cisa_tipo:path traversal,alta,asignada,2021-11-03,fecha_fuente_no_verificada_como_incidente,registro_vulnerabilidad,cisco,,adaptive security appliance (asa) and firepower threat defense (ftd),cisco,4,False
cisco,ios and ios xe,cisco ios and ios xe software smart install remote code execution vulnerability,03/11/2021,high,cisa,remote_code_execution,remote_code_execution,high,1190,623b8f2bea2768d4cdeb,5944b79318ec8878f010,False,Code Execution & Injection,cisa_tipo:remote code execution,alta,asignada,2021-11-03,fecha_fuente_no_verificada_como_incidente,registro_vulnerabilidad,cisco,,ios and ios xe,cisco,4,False
google,chromium v8,google chromium v8 out-of-bounds write vulnerability,03/11/2021,medium,cisa,generic vulnerability,generic vulnerability,medium,1227,62efe471e1809feca6aa,5443ee015d438da7a406,False,Memory & Software Safety,cisa_nombre:buffer overflow|memory corruption|out.of.bounds|use.after.free|type confusion|double.free|heap.based|stack.based|integer overflow|integer underflow|race condition|time.of.check|arbitrary read and write|uninitialized (memory|variable)|improper input validation|improper validation|improper resource (shutdown|release)|null pointer|memory initialization|memory leak|format string|untrusted pointer dereference|double dereference|out.of.range pointer|record corruption|insufficient (input|data) validation|invalid input|data validation|detection of error condition,media,asignada,2021-11-03,fecha_fuente_no_verificada_como_incidente,registro_vulnerabilidad,google,,chromium v8,google,2,False
google,chromium v8,google chromium v8 memory corruption vulnerability,03/11/2021,medium,cisa,generic vulnerability,generic vulnerability,medium,1238,63a3563acbc3b079bf7c,b481f13a8e400454cf97,False,Memory & Software Safety,cisa_nombre:buffer overflow|memory corruption|out.of.bounds|use.after.free|type confusion|double.free|heap.based|stack.based|integer overflow|integer underflow|race condition|time.of.check|arbitrary read and write|uninitialized (memory|variable)|improper input validation|improper validation|improper resource (shutdown|release)|null pointer|memory initialization|memory leak|format string|untrusted pointer dereference|double dereference|out.of.range pointer|record corruption|insufficient (input|data) validation|invalid input|data validation|detection of error condition,media,asignada,2021-11-03,fecha_fuente_no_verificada_como_incidente,registro_vulnerabilidad,google,,chromium v8,google,2,False
microsoft,windows,microsoft windows local security authority (lsa) spoofing vulnerability,03/11/2021,medium,cisa,generic vulnerability,generic vulnerability,medium,1299,6512b6889d92a0ec9c52,8f5cc42537cf33727388,False,"Identity, Access & Persistence",cisa_nombre:authentication|authorization|unauthorized access|privilege|credentials?|password|hard.coded|access control|permission|ownership|improper isolation|sandbox escape|session fixation|security feature bypass|protection mechanism|improper certificate|certificate validation|missing encryption|cryptographic|signature verification|integrity check|integrity verification|unprotected alternate channel|protection of alternate|spoofing|inadequate encryption strength|insecure direct object reference|dll side.loading|dll hijacking|uncontrolled search path,media,asignada,2021-11-03,fecha_fuente_no_verificada_como_incidente,registro_vulnerabilidad,microsoft,,windows,microsoft,2,False
progress,asp.net ajax and sitefinity,progress telerik ui for asp.net ajax and sitefinity cryptographic weakness vulnerability,03/11/2021,medium,cisa,generic vulnerability,generic vulnerability,medium,1385,651e9a8d36f3a632ef7e,d5edbe9b4f48c7a0f7df,False,"Identity, Access & Persistence",cisa_nombre:authentication|authorization|unauthorized access|privilege|credentials?|password|hard.coded|access control|permission|ownership|improper isolation|sandbox escape|session fixation|security feature bypass|protection mechanism|improper certificate|certificate validation|missing encryption|cryptographic|signature verification|integrity check|integrity verification|unprotected alternate channel|protection of alternate|spoofing|inadequate encryption strength|insecure direct object reference|dll side.loading|dll hijacking|uncontrolled search path,media,asignada,2021-11-03,fecha_fuente_no_verificada_como_incidente,registro_vulnerabilidad,progress,,asp.net ajax and sitefinity,progress,2,False
apple,"ios, ipados, and watchos","apple ios, ipados, and watchos memory corruption vulnerability",03/11/2021,high,cisa,out-of-bounds write,out-of-bounds write,high,1162,65b079a9bd036b38fe5b,f12e4e8dabe1c6895379,False,Memory & Software Safety,cisa_tipo:out-of-bounds write,alta,asignada,2021-11-03,fecha_fuente_no_verificada_como_incidente,registro_vulnerabilidad,apple,,"ios, ipados, and watchos",apple,4,False
microsoft,exchange server,microsoft exchange server validation key remote code execution vulnerability,03/11/2021,medium,cisa,authentication issues,authentication issues,medium,1280,66acf257127237d1d41c,64a79d47986f158f9d3e,False,"Identity, Access & Persistence",cisa_tipo:authentication issues,alta,asignada,2021-11-03,fecha_fuente_no_verificada_como_incidente,registro_vulnerabilidad,microsoft,,exchange server,microsoft,2,False
sonicwall,sma100,sonicwall sma100 sql injection vulnerability,03/11/2021,high,cisa,injection,other_injection,high,1377,6ab484c68cc3db2c00eb,169c5ee9f9f0c7f3c23a,False,Code Execution & Injection,cisa_tipo:injection,alta,asignada,2021-11-03,fecha_fuente_no_verificada_como_incidente,registro_vulnerabilidad,sonicwall,,sma100,sonicwall,4,False
amcrest,cameras and network video recorder (nvr),amcrest cameras and nvr stack-based buffer overflow vulnerability,03/11/2021,high,cisa,memory_corruption,buffer_overflow,high,1141,6bd059875b4a31b5ea4a,e3e0b785a83b0be945ec,False,Memory & Software Safety,cisa_tipo:memory corruption,alta,asignada,2021-11-03,fecha_fuente_no_verificada_como_incidente,registro_vulnerabilidad,amcrest,,cameras and network video recorder (nvr),amcrest,4,False
microsoft,office,microsoft office memory corruption vulnerability,03/11/2021,medium,cisa,generic vulnerability,generic vulnerability,medium,1304,6c3a0d0f0810ec795429,ee53cc79f6110f6c9ffc,False,Memory & Software Safety,cisa_nombre:buffer overflow|memory corruption|out.of.bounds|use.after.free|type confusion|double.free|heap.based|stack.based|integer overflow|integer underflow|race condition|time.of.check|arbitrary read and write|uninitialized (memory|variable)|improper input validation|improper validation|improper resource (shutdown|release)|null pointer|memory initialization|memory leak|format string|untrusted pointer dereference|double dereference|out.of.range pointer|record corruption|insufficient (input|data) validation|invalid input|data validation|detection of error condition,media,asignada,2021-11-03,fecha_fuente_no_verificada_como_incidente,registro_vulnerabilidad,microsoft,,office,microsoft,2,False
microsoft,windows,microsoft windows cryptoapi spoofing vulnerability,03/11/2021,medium,cisa,generic vulnerability,generic vulnerability,medium,1323,6ce5686034156765a68b,47de2b2eca59c5492712,False,"Identity, Access & Persistence",cisa_nombre:authentication|authorization|unauthorized access|privilege|credentials?|password|hard.coded|access control|permission|ownership|improper isolation|sandbox escape|session fixation|security feature bypass|protection mechanism|improper certificate|certificate validation|missing encryption|cryptographic|signature verification|integrity check|integrity verification|unprotected alternate channel|protection of alternate|spoofing|inadequate encryption strength|insecure direct object reference|dll side.loading|dll hijacking|uncontrolled search path,media,asignada,2021-11-03,fecha_fuente_no_verificada_como_incidente,registro_vulnerabilidad,microsoft,,windows,microsoft,2,False
cisco,ios xr,cisco ios xr software dvmrp memory exhaustion vulnerability,03/11/2021,medium/high,cisa,dos,denial_of_service,medium/high,1192,6d623e324228247c7058,a8f3bd40e009256626c7,False,Impact & Availability,cisa_tipo:dos,alta,asignada,2021-11-03,fecha_fuente_no_verificada_como_incidente,registro_vulnerabilidad,cisco,,ios xr,cisco,3,False
mcafee,mcafee total protection (mtp),mcafee total protection (mtp) improper privilege management vulnerability,03/11/2021,medium,cisa,generic vulnerability,generic vulnerability,medium,1252,6dcf836fe7fb50b32d43,9d7493e3b975b029ca23,False,"Identity, Access & Persistence",cisa_nombre:authentication|authorization|unauthorized access|privilege|credentials?|password|hard.coded|access control|permission|ownership|improper isolation|sandbox escape|session fixation|security feature bypass|protection mechanism|improper certificate|certificate validation|missing encryption|cryptographic|signature verification|integrity check|integrity verification|unprotected alternate channel|protection of alternate|spoofing|inadequate encryption strength|insecure direct object reference|dll side.loading|dll hijacking|uncontrolled search path,media,asignada,2021-11-03,fecha_fuente_no_verificada_como_incidente,registro_vulnerabilidad,mcafee,,mcafee total protection (mtp),mcafee,2,False
vmware,vcenter server,vmware vcenter server file upload vulnerability,03/11/2021,medium,cisa,generic vulnerability,generic vulnerability,medium,1406,6dd29a9786c038405e23,4229d46900f88178a11c,False,Code Execution & Injection,cisa_nombre:code execution|command execution|code injection|command injection|sql injection|injection|deserialization|cross.site scripting|xss|file upload|upload of|file type upload|embedded malicious code|download of code|arbitrary code|improper neutralization|improper escaping|server.side request forgery|request smuggling|http request splitting,media,asignada,2021-11-03,fecha_fuente_no_verificada_como_incidente,registro_vulnerabilidad,vmware,,vcenter server,vmware,2,False
zoho,manageengine,zoho manageengine adselfservice plus authentication bypass vulnerability,03/11/2021,medium/high,cisa,authentication issues,authentication issues,medium/high,1415,6e9d1730f745bb35188c,7b453548954bb0d33271,False,"Identity, Access & Persistence",cisa_tipo:authentication issues,alta,asignada,2021-11-03,fecha_fuente_no_verificada_como_incidente,registro_vulnerabilidad,zoho,,manageengine,zoho,3,False
playsms,playsms,playsms server-side template injection vulnerability,03/11/2021,high,cisa,injection,other_injection,high,1347,6fa52ee1cac5650b0b58,fb07df334044cbeae17e,False,Code Execution & Injection,cisa_tipo:injection,alta,asignada,2021-11-03,fecha_fuente_no_verificada_como_incidente,registro_vulnerabilidad,playsms,,playsms,playsms,4,False
google,chromium portals,google chromium portals use-after-free vulnerability,03/11/2021,high,cisa,use-after-free,use-after-free,high,1231,71e6cc052de186349a2a,27d9d1b336199caf5ae4,False,Memory & Software Safety,cisa_tipo:use-after-free,alta,asignada,2021-11-03,fecha_fuente_no_verificada_como_incidente,registro_vulnerabilidad,google,,chromium portals,google,4,False
sap,netweaver,sap netweaver xml external entity (xxe) vulnerability,03/11/2021,medium,cisa,xxe,xml_external_entity,medium,1367,75c11b6336b2cd7591a4,ae1c8b93ba49a7aa0672,False,Code Execution & Injection,cisa_tipo:xxe,alta,asignada,2021-11-03,fecha_fuente_no_verificada_como_incidente,registro_vulnerabilidad,sap,,netweaver,sap,2,False
d-link,dns-320 device,d-link dns-320 device command injection vulnerability,03/11/2021,high,cisa,injection,other_injection,high,1204,764a636e733a230329d0,d26e78230a6f1946a17e,False,Code Execution & Injection,cisa_tipo:injection,alta,asignada,2021-11-03,fecha_fuente_no_verificada_como_incidente,registro_vulnerabilidad,d-link,,dns-320 device,d-link,4,False
ivanti,pulse connect secure,ivanti pulse connect secure use-after-free vulnerability,03/11/2021,medium,cisa,authentication issues,authentication issues,medium,1349,7714fd78ad01dd22e6f1,2ecfa34d9a60e227c913,False,"Identity, Access & Persistence",cisa_tipo:authentication issues,alta,asignada,2021-11-03,fecha_fuente_no_verificada_como_incidente,registro_vulnerabilidad,ivanti,,pulse connect secure,ivanti,2,False
citrix,storefront server,citrix storefront server xml external entity (xxe) processing vulnerability,03/11/2021,medium,cisa,xxe,xml_external_entity,medium,1197,7b0380c83e86cc6027f9,faf1b0e5ac2f888b9362,False,Code Execution & Injection,cisa_tipo:xxe,alta,asignada,2021-11-03,fecha_fuente_no_verificada_como_incidente,registro_vulnerabilidad,citrix,,storefront server,citrix,2,False
trend micro,apex one and officescan,trend micro apex one and officescan authentication bypass vulnerability,03/11/2021,medium/high,cisa,authentication issues,authentication issues,medium/high,1395,7b0ccc475cc0991ae2ab,e8943b8c5a8495c31ff8,False,"Identity, Access & Persistence",cisa_tipo:authentication issues,alta,asignada,2021-11-03,fecha_fuente_no_verificada_como_incidente,registro_vulnerabilidad,trend micro,,apex one and officescan,trend micro,3,False
ivanti,pulse connect secure,ivanti pulse connect secure unrestricted file upload vulnerability,03/11/2021,medium,cisa,generic vulnerability,generic vulnerability,medium,1351,7bc728b7e5345f343481,67721e6e37d16f4c9751,False,Code Execution & Injection,cisa_nombre:code execution|command execution|code injection|command injection|sql injection|injection|deserialization|cross.site scripting|xss|file upload|upload of|file type upload|embedded malicious code|download of code|arbitrary code|improper neutralization|improper escaping|server.side request forgery|request smuggling|http request splitting,media,asignada,2021-11-03,fecha_fuente_no_verificada_como_incidente,registro_vulnerabilidad,ivanti,,pulse connect secure,ivanti,2,False
microsoft,windows,microsoft desktop window manager (dwm) core library privilege escalation vulnerability,03/11/2021,high,cisa,privilege escalation,privilege escalation,high,1261,7c12a3f423ee3c97fc14,5edbbfbbcab28d70700d,False,"Identity, Access & Persistence",cisa_tipo:privilege escalation,alta,asignada,2021-11-03,fecha_fuente_no_verificada_como_incidente,registro_vulnerabilidad,microsoft,,windows,microsoft,4,False
microsoft,office and wordpad,microsoft office and wordpad remote code execution vulnerability,03/11/2021,high,cisa,remote_code_execution,remote_code_execution,high,1311,7c268bbbaf199a996073,57613ae8b9904c7b25f4,False,Code Execution & Injection,cisa_tipo:remote code execution,alta,asignada,2021-11-03,fecha_fuente_no_verificada_como_incidente,registro_vulnerabilidad,microsoft,,office and wordpad,microsoft,4,False
apple,multiple products,apple multiple products integer overflow vulnerability,03/11/2021,high,cisa,memory_corruption,buffer_overflow,high,1156,7d11e6bd5681cb8a24e4,e19b6e8a0389b5e0d89b,False,Memory & Software Safety,cisa_tipo:memory corruption,alta,asignada,2021-11-03,fecha_fuente_no_verificada_como_incidente,registro_vulnerabilidad,apple,,multiple products,apple,4,False
adobe,acrobat and reader,adobe acrobat and reader use-after-free vulnerability,03/11/2021,high,cisa,use-after-free,use-after-free,high,1137,7d51cea276c1bab1732d,b20e5fc9c7d6dfb6bca4,False,Memory & Software Safety,cisa_tipo:use-after-free,alta,asignada,2021-11-03,fecha_fuente_no_verificada_como_incidente,registro_vulnerabilidad,adobe,,acrobat and reader,adobe,4,False
google,chromium v8,google chromium v8 type confusion vulnerability,03/11/2021,high,cisa,out-of-bounds write,out-of-bounds write,high,1226,7ddf95cfaab70538f5b5,71182e2b82bca2d33474,False,Memory & Software Safety,cisa_tipo:out-of-bounds write,alta,asignada,2021-11-03,fecha_fuente_no_verificada_como_incidente,registro_vulnerabilidad,google,,chromium v8,google,4,False
ibm,planning analytics,ibm planning analytics remote code execution vulnerability,03/11/2021,high,cisa,remote_code_execution,remote_code_execution,high,1246,7ee083db9fd6123babf4,43d2a661bb363cb7a9cd,False,Code Execution & Injection,cisa_tipo:remote code execution,alta,asignada,2021-11-03,fecha_fuente_no_verificada_como_incidente,registro_vulnerabilidad,ibm,,planning analytics,ibm,4,False
accellion,fta,accellion fta os command injection vulnerability,03/11/2021,high,cisa,injection,other_injection,high,1132,7f985ca6a6b0a0db0db1,c2df948d7be3697fa08b,False,Code Execution & Injection,cisa_tipo:injection,alta,asignada,2021-11-03,fecha_fuente_no_verificada_como_incidente,registro_vulnerabilidad,accellion,,fta,accellion,4,False
wordpress,social warfare plugin,wordpress social warfare plugin cross-site scripting (xss) vulnerability,03/11/2021,medium,cisa,xss,cross_site_scripting,medium,1413,80859814324c43d92184,a7d139f3721b6715c3c8,False,Code Execution & Injection,cisa_tipo:xss,alta,asignada,2021-11-03,fecha_fuente_no_verificada_como_incidente,registro_vulnerabilidad,wordpress,,social warfare plugin,wordpress,2,False
sonicwall,sonicwall email security,sonicwall email security path traversal vulnerability,03/11/2021,high,cisa,path_traversal,path_traversal,high,1379,80b99ff9375b146960b7,b96ef91f55afaf78bb98,False,Data Collection & Exfiltration,cisa_tipo:path traversal,alta,asignada,2021-11-03,fecha_fuente_no_verificada_como_incidente,registro_vulnerabilidad,sonicwall,,sonicwall email security,sonicwall,4,False
apple,macos,apple macos unspecified vulnerability,03/11/2021,medium,cisa,authorization issues,authorization issues,medium,1170,80e4d3ba173d3d77d617,401d9b3c469c5804db69,False,"Identity, Access & Persistence",cisa_tipo:authorization issues,alta,asignada,2021-11-03,fecha_fuente_no_verificada_como_incidente,registro_vulnerabilidad,apple,,macos,apple,2,False
mozilla,firefox and thunderbird,mozilla firefox and thunderbird use-after-free vulnerability,03/11/2021,high,cisa,use-after-free,use-after-free,high,1334,81af1e5f2c52c2427bf6,13c0cbb1604c10434952,False,Memory & Software Safety,cisa_tipo:use-after-free,alta,asignada,2021-11-03,fecha_fuente_no_verificada_como_incidente,registro_vulnerabilidad,mozilla,,firefox and thunderbird,mozilla,4,False
microsoft,windows,microsoft windows spoofing vulnerability,03/11/2021,medium,cisa,generic vulnerability,generic vulnerability,medium,1285,82837a7735a2c315efb0,485ce85e617f824f5721,False,"Identity, Access & Persistence",cisa_nombre:authentication|authorization|unauthorized access|privilege|credentials?|password|hard.coded|access control|permission|ownership|improper isolation|sandbox escape|session fixation|security feature bypass|protection mechanism|improper certificate|certificate validation|missing encryption|cryptographic|signature verification|integrity check|integrity verification|unprotected alternate channel|protection of alternate|spoofing|inadequate encryption strength|insecure direct object reference|dll side.loading|dll hijacking|uncontrolled search path,media,asignada,2021-11-03,fecha_fuente_no_verificada_como_incidente,registro_vulnerabilidad,microsoft,,windows,microsoft,2,False
cisco,adaptive security appliance (asa),cisco adaptive security appliance (asa) denial-of-service vulnerability,03/11/2021,medium,cisa,generic vulnerability,generic vulnerability,medium,1196,868ab0a7b10d52533587,0f579ab3a8789cc0822d,False,Impact & Availability,cisa_nombre:denial.of.service|resource exhaustion|infinite loop|uncontrolled resource consumption|data destruction|arbitrary file deletion,media,asignada,2021-11-03,fecha_fuente_no_verificada_como_incidente,registro_vulnerabilidad,cisco,,adaptive security appliance (asa),cisco,2,False
tvt,nvms-1000,tvt nvms-1000 directory traversal vulnerability,03/11/2021,high,cisa,path_traversal,path_traversal,high,1398,8754ccbd48641528fb00,1a1ca8698041599326f2,False,Data Collection & Exfiltration,cisa_tipo:path traversal,alta,asignada,2021-11-03,fecha_fuente_no_verificada_como_incidente,registro_vulnerabilidad,tvt,,nvms-1000,tvt,4,False
ibm,data risk manager,ibm data risk manager directory traversal vulnerability,03/11/2021,high,cisa,path_traversal,path_traversal,high,1243,876fafbc558c6d8e8e9e,705843d5a0ef811f0cb6,False,Data Collection & Exfiltration,cisa_tipo:path traversal,alta,asignada,2021-11-03,fecha_fuente_no_verificada_como_incidente,registro_vulnerabilidad,ibm,,data risk manager,ibm,4,False
microsoft,"net framework, sharepoint, visual studio","microsoft .net framework, sharepoint, and visual studio remote code execution vulnerability",03/11/2021,high,cisa,remote_code_execution,remote_code_execution,high,1328,87875442e0835bab50d5,9bd0aea970632cf9ce18,False,Code Execution & Injection,cisa_tipo:remote code execution,alta,asignada,2021-11-03,fecha_fuente_no_verificada_como_incidente,registro_vulnerabilidad,microsoft,,"net framework, sharepoint, visual studio",microsoft,4,False
roundcube,roundcube webmail,roundcube webmail file disclosure vulnerability,03/11/2021,medium,cisa,generic vulnerability,generic vulnerability,medium,1361,8a40e4574456ced9d620,45b315a5f5e8afb9f108,False,Data Collection & Exfiltration,cisa_nombre:information disclosure|information leak|disclosure|exposure of|directory traversal|path traversal|path transversal|file inclusion|external control of file name|link following|improper link resolution|arbitrary file (read|download)|file download|file read|sensitive information,media,asignada,2021-11-03,fecha_fuente_no_verificada_como_incidente,registro_vulnerabilidad,roundcube,,roundcube webmail,roundcube,2,False
cisco,hyperflex hx,cisco hyperflex hx installer virtual machine command injection vulnerability,03/11/2021,high,cisa,injection,other_injection,high,1188,8bad2db09ea50c0f0bde,48dd79c89be5749dab70,False,Code Execution & Injection,cisa_tipo:injection,alta,asignada,2021-11-03,fecha_fuente_no_verificada_como_incidente,registro_vulnerabilidad,cisco,,hyperflex hx,cisco,4,False
micro focus,operation bridge reporter (obr),micro focus operation bridge report (obr) remote code execution vulnerability,03/11/2021,high,cisa,remote_code_execution,remote_code_execution,high,1254,8bf22a4581c351a62b22,b3ec30de5088cd09a4b3,False,Code Execution & Injection,cisa_tipo:remote code execution,alta,asignada,2021-11-03,fecha_fuente_no_verificada_como_incidente,registro_vulnerabilidad,micro focus,,operation bridge reporter (obr),micro focus,4,False
microsoft,open management infrastructure (omi),microsoft open management infrastructure (omi) remote code execution vulnerability,03/11/2021,high,cisa,remote_code_execution,remote_code_execution,high,1256,8df33affe018a36db462,b818419627ed3b8be7c3,False,Code Execution & Injection,cisa_tipo:remote code execution,alta,asignada,2021-11-03,fecha_fuente_no_verificada_como_incidente,registro_vulnerabilidad,microsoft,,open management infrastructure (omi),microsoft,4,False
drupal,drupal core,drupal core remote code execution vulnerability,03/11/2021,high,cisa,remote_code_execution,remote_code_execution,high,1210,8e9dbb5bdfcd8a29341d,97721fce4a7ea97c6d14,False,Code Execution & Injection,cisa_tipo:remote code execution,alta,asignada,2021-11-03,fecha_fuente_no_verificada_como_incidente,registro_vulnerabilidad,drupal,,drupal core,drupal,4,False
sap,netweaver,sap netweaver directory traversal vulnerability,03/11/2021,high,cisa,path_traversal,path_traversal,high,1370,8eccbb68fc1d7eccd787,a393f0a25e7498d92275,False,Data Collection & Exfiltration,cisa_tipo:path traversal,alta,asignada,2021-11-03,fecha_fuente_no_verificada_como_incidente,registro_vulnerabilidad,sap,,netweaver,sap,4,False
zyxel,multiple products,zyxel multiple products use of hard-coded credentials vulnerability,03/11/2021,medium,cisa,generic vulnerability,generic vulnerability,medium,1418,9017ee6cf0e380e498b3,5de2036dfde80b5687e8,False,"Identity, Access & Persistence",cisa_nombre:authentication|authorization|unauthorized access|privilege|credentials?|password|hard.coded|access control|permission|ownership|improper isolation|sandbox escape|session fixation|security feature bypass|protection mechanism|improper certificate|certificate validation|missing encryption|cryptographic|signature verification|integrity check|integrity verification|unprotected alternate channel|protection of alternate|spoofing|inadequate encryption strength|insecure direct object reference|dll side.loading|dll hijacking|uncontrolled search path,media,asignada,2021-11-03,fecha_fuente_no_verificada_como_incidente,registro_vulnerabilidad,zyxel,,multiple products,zyxel,2,False
microsoft,windows,microsoft windows group policy preferences password privilege escalation vulnerability,03/11/2021,high,cisa,privilege escalation,privilege escalation,high,1255,91e906b6dc507a4a7270,e2f10d7ca1c877d24511,False,"Identity, Access & Persistence",cisa_tipo:privilege escalation,alta,asignada,2021-11-03,fecha_fuente_no_verificada_como_incidente,registro_vulnerabilidad,microsoft,,windows,microsoft,4,False
google,chromium v8,google chromium v8 heap buffer overflow vulnerability,03/11/2021,high,cisa,memory_corruption,buffer_overflow,high,1230,91ee0c63ffea4d8773cc,629c9d6ecb21150e810f,False,Memory & Software Safety,cisa_tipo:memory corruption,alta,asignada,2021-11-03,fecha_fuente_no_verificada_como_incidente,registro_vulnerabilidad,google,,chromium v8,google,4,False
micro focus,micro focus access manager,micro focus access manager information leakage vulnerability,03/11/2021,medium,cisa,unspecified,unspecified,medium,1253,921e36331d540e1a7b47,52eb706e24a0ce791c58,False,Data Collection & Exfiltration,cisa_nombre:information disclosure|information leak|disclosure|exposure of|directory traversal|path traversal|path transversal|file inclusion|external control of file name|link following|improper link resolution|arbitrary file (read|download)|file download|file read|sensitive information,media,asignada,2021-11-03,fecha_fuente_no_verificada_como_incidente,registro_vulnerabilidad,micro focus,,micro focus access manager,micro focus,2,False
teamviewer,desktop,teamviewer desktop bypass remote login vulnerability,03/11/2021,medium/high,cisa,authentication issues,authentication issues,medium/high,1384,927846005a8e16e679e0,c1cbd4d1981ddc6f1d5c,False,"Identity, Access & Persistence",cisa_tipo:authentication issues,alta,asignada,2021-11-03,fecha_fuente_no_verificada_como_incidente,registro_vulnerabilidad,teamviewer,,desktop,teamviewer,3,False
arm,mali graphics processing unit (gpu),arm mali graphics processing unit (gpu) unspecified vulnerability,03/11/2021,high,cisa,out-of-bounds write,out-of-bounds write,high,1179,93260d602247f9783879,316032af9bbf9baeabec,False,Memory & Software Safety,cisa_tipo:out-of-bounds write,alta,asignada,2021-11-03,fecha_fuente_no_verificada_como_incidente,registro_vulnerabilidad,arm,,mali graphics processing unit (gpu),arm,4,False
exim,exim,exim buffer overflow vulnerability,03/11/2021,high,cisa,memory corruption,memory corruption,high,1212,952bfe2250fa5157df38,9644de44d00d8674fa79,False,Memory & Software Safety,cisa_tipo:memory corruption,alta,asignada,2021-11-03,fecha_fuente_no_verificada_como_incidente,registro_vulnerabilidad,exim,,exim,exim,4,False
microsoft,sharepoint,microsoft sharepoint remote code execution vulnerability,03/11/2021,high,cisa,remote_code_execution,remote_code_execution,high,1324,9651d6056d625a20bed8,5cd3a709de7d98d30229,False,Code Execution & Injection,cisa_tipo:remote code execution,alta,asignada,2021-11-03,fecha_fuente_no_verificada_como_incidente,registro_vulnerabilidad,microsoft,,sharepoint,microsoft,4,False
dotnetnuke (dnn),dotnetnuke (dnn),dotnetnuke (dnn) inadequate encryption strength vulnerability,03/11/2021,medium,cisa,generic vulnerability,generic vulnerability,medium,1205,96bf74e6bdaf344317ce,c7f8ea19e23e9f7185d4,False,"Identity, Access & Persistence",cisa_nombre:authentication|authorization|unauthorized access|privilege|credentials?|password|hard.coded|access control|permission|ownership|improper isolation|sandbox escape|session fixation|security feature bypass|protection mechanism|improper certificate|certificate validation|missing encryption|cryptographic|signature verification|integrity check|integrity verification|unprotected alternate channel|protection of alternate|spoofing|inadequate encryption strength|insecure direct object reference|dll side.loading|dll hijacking|uncontrolled search path,media,asignada,2021-11-03,fecha_fuente_no_verificada_como_incidente,registro_vulnerabilidad,dotnetnuke (dnn),,dotnetnuke (dnn),dotnetnuke (dnn),2,False
google,chrome freetype,google chrome freetype heap buffer overflow vulnerability,03/11/2021,high,cisa,out-of-bounds write,out-of-bounds write,high,1222,98a7bea86590f52ab84f,d9dc7dcb162b74bd281e,False,Memory & Software Safety,cisa_tipo:out-of-bounds write,alta,asignada,2021-11-03,fecha_fuente_no_verificada_como_incidente,registro_vulnerabilidad,google,,chrome freetype,google,4,False
microsoft,office,microsoft office memory corruption vulnerability,03/11/2021,high,cisa,out-of-bounds write,out-of-bounds write,high,1301,98d07a8d29ecbb077b6a,ee53cc79f6110f6c9ffc,False,Memory & Software Safety,cisa_tipo:out-of-bounds write,alta,asignada,2021-11-03,fecha_fuente_no_verificada_como_incidente,registro_vulnerabilidad,microsoft,,office,microsoft,4,False
google,chromium v8,google chromium v8 type confusion vulnerability,03/11/2021,high,cisa,type confusion,type confusion,high,1232,9a1966f4e8aeba38c44a,71182e2b82bca2d33474,False,Memory & Software Safety,cisa_tipo:type confusion,alta,asignada,2021-11-03,fecha_fuente_no_verificada_como_incidente,registro_vulnerabilidad,google,,chromium v8,google,4,False
cisco,small business rv320 and rv325 routers,cisco small business rv320 and rv325 routers information disclosure vulnerability,03/11/2021,medium,cisa,generic vulnerability,generic vulnerability,medium,1195,9ac3506eb8cd0910105f,63a91fb4aa49e475f1c1,False,Data Collection & Exfiltration,cisa_nombre:information disclosure|information leak|disclosure|exposure of|directory traversal|path traversal|path transversal|file inclusion|external control of file name|link following|improper link resolution|arbitrary file (read|download)|file download|file read|sensitive information,media,asignada,2021-11-03,fecha_fuente_no_verificada_como_incidente,registro_vulnerabilidad,cisco,,small business rv320 and rv325 routers,cisco,2,False
sap,netweaver,sap netweaver remote code execution vulnerability,03/11/2021,high,cisa,remote_code_execution,remote_code_execution,high,1366,9cb4105372eb7b25a6a6,d2a923629c3b54bea80f,False,Code Execution & Injection,cisa_tipo:remote code execution,alta,asignada,2021-11-03,fecha_fuente_no_verificada_como_incidente,registro_vulnerabilidad,sap,,netweaver,sap,4,False
microsoft,windows,microsoft windows adobe font manager library remote code execution vulnerability,03/11/2021,high,cisa,out-of-bounds write,out-of-bounds write,high,1271,9cc5e3a6e88b96f41e9d,ed4e7fbd7d7781ab896c,False,Memory & Software Safety,cisa_tipo:out-of-bounds write,alta,asignada,2021-11-03,fecha_fuente_no_verificada_como_incidente,registro_vulnerabilidad,microsoft,,windows,microsoft,4,False
microsoft,windows,microsoft windows privilege escalation vulnerability,03/11/2021,high,cisa,privilege escalation,privilege escalation,high,1300,9da4b26e857e4ed92fab,c0192d9bd4fd295e4ee7,False,"Identity, Access & Persistence",cisa_tipo:privilege escalation,alta,asignada,2021-11-03,fecha_fuente_no_verificada_como_incidente,registro_vulnerabilidad,microsoft,,windows,microsoft,4,False
apple,multiple products,apple multiple products type confusion vulnerability,03/11/2021,high,cisa,type confusion,type confusion,high,1160,9ea66be980b14c86e427,e7eb65788c87b8613e80,False,Memory & Software Safety,cisa_tipo:type confusion,alta,asignada,2021-11-03,fecha_fuente_no_verificada_como_incidente,registro_vulnerabilidad,apple,,multiple products,apple,4,False
qualcomm,multiple chipsets,qualcomm multiple chipsets detection of error condition without action vulnerability,03/11/2021,medium,cisa,generic vulnerability,generic vulnerability,medium,1357,9fe560da739e64766969,dc8d226e1305693a36a1,False,Memory & Software Safety,cisa_nombre:buffer overflow|memory corruption|out.of.bounds|use.after.free|type confusion|double.free|heap.based|stack.based|integer overflow|integer underflow|race condition|time.of.check|arbitrary read and write|uninitialized (memory|variable)|improper input validation|improper validation|improper resource (shutdown|release)|null pointer|memory initialization|memory leak|format string|untrusted pointer dereference|double dereference|out.of.range pointer|record corruption|insufficient (input|data) validation|invalid input|data validation|detection of error condition,media,asignada,2021-11-03,fecha_fuente_no_verificada_como_incidente,registro_vulnerabilidad,qualcomm,,multiple chipsets,qualcomm,2,False
oracle,weblogic server,oracle weblogic server unspecified vulnerability,03/11/2021,medium,cisa,unspecified,unspecified,medium,1346,a3ad865d97b25dd072a1,50f221ca2a16fae5eac7,False,,texto_insuficiente,pendiente,requiere_revision,2021-11-03,fecha_fuente_no_verificada_como_incidente,registro_vulnerabilidad,oracle,,weblogic server,oracle,2,False
saltstack,salt,saltstack salt authentication bypass vulnerability,03/11/2021,medium/high,cisa,authentication issues,authentication issues,medium/high,1363,a3e2527c4343ce12590f,b09725af584b9265cf58,False,"Identity, Access & Persistence",cisa_tipo:authentication issues,alta,asignada,2021-11-03,fecha_fuente_no_verificada_como_incidente,registro_vulnerabilidad,saltstack,,salt,saltstack,3,False
sap,customer relationship management (crm),sap customer relationship management (crm) path traversal vulnerability,03/11/2021,high,cisa,path_traversal,path_traversal,high,1365,a3e38638094f92db9d05,bcf14be6c67f44309b06,False,Data Collection & Exfiltration,cisa_tipo:path traversal,alta,asignada,2021-11-03,fecha_fuente_no_verificada_como_incidente,registro_vulnerabilidad,sap,,customer relationship management (crm),sap,4,False
adobe,coldfusion,adobe coldfusion deserialization of untrusted data vulnerability,03/11/2021,high,cisa,insecure_deserialization,insecure_deserialization,high,1138,a4bc9422967bbda3d9f8,96606c85c76191b448b6,False,Code Execution & Injection,cisa_tipo:insecure deserialization,alta,asignada,2021-11-03,fecha_fuente_no_verificada_como_incidente,registro_vulnerabilidad,adobe,,coldfusion,adobe,4,False
microsoft,exchange server,microsoft exchange server security feature bypass vulnerability,03/11/2021,medium/high,cisa,authentication issues,authentication issues,medium/high,1288,a4ed6b45609b1b72224f,4e056983b0ded6f0927e,False,"Identity, Access & Persistence",cisa_tipo:authentication issues,alta,asignada,2021-11-03,fecha_fuente_no_verificada_como_incidente,registro_vulnerabilidad,microsoft,,exchange server,microsoft,3,False
eyesofnetwork,eyesofnetwork,eyesofnetwork improper privilege management vulnerability,03/11/2021,medium,cisa,generic vulnerability,generic vulnerability,medium,1214,a5848cf8309b7be91359,655bcd94118f65efd5f9,False,"Identity, Access & Persistence",cisa_nombre:authentication|authorization|unauthorized access|privilege|credentials?|password|hard.coded|access control|permission|ownership|improper isolation|sandbox escape|session fixation|security feature bypass|protection mechanism|improper certificate|certificate validation|missing encryption|cryptographic|signature verification|integrity check|integrity verification|unprotected alternate channel|protection of alternate|spoofing|inadequate encryption strength|insecure direct object reference|dll side.loading|dll hijacking|uncontrolled search path,media,asignada,2021-11-03,fecha_fuente_no_verificada_como_incidente,registro_vulnerabilidad,eyesofnetwork,,eyesofnetwork,eyesofnetwork,2,False
arcadyan,buffalo firmware,arcadyan buffalo firmware path traversal vulnerability,03/11/2021,high,cisa,path_traversal,path_traversal,high,1177,a59ae8f26a1ef1aef287,289c3922d6d32280f06a,False,Data Collection & Exfiltration,cisa_tipo:path traversal,alta,asignada,2021-11-03,fecha_fuente_no_verificada_como_incidente,registro_vulnerabilidad,arcadyan,,buffalo firmware,arcadyan,4,False
google,chromium,google chromium race condition vulnerability,03/11/2021,medium,cisa,generic vulnerability,generic vulnerability,medium,1223,a60f68782451407b1f89,22fb4d952d8083fb4326,False,Memory & Software Safety,cisa_nombre:buffer overflow|memory corruption|out.of.bounds|use.after.free|type confusion|double.free|heap.based|stack.based|integer overflow|integer underflow|race condition|time.of.check|arbitrary read and write|uninitialized (memory|variable)|improper input validation|improper validation|improper resource (shutdown|release)|null pointer|memory initialization|memory leak|format string|untrusted pointer dereference|double dereference|out.of.range pointer|record corruption|insufficient (input|data) validation|invalid input|data validation|detection of error condition,media,asignada,2021-11-03,fecha_fuente_no_verificada_como_incidente,registro_vulnerabilidad,google,,chromium,google,2,False
vbulletin,vbulletin,vbulletin php module remote code execution vulnerability,03/11/2021,high,cisa,remote_code_execution,remote_code_execution,high,1401,a71db9659ed6d7abf46c,d38c36d3863e9bef2d0d,False,Code Execution & Injection,cisa_tipo:remote code execution,alta,asignada,2021-11-03,fecha_fuente_no_verificada_como_incidente,registro_vulnerabilidad,vbulletin,,vbulletin,vbulletin,4,False
wordpress,file manager plugin,wordpress file manager plugin remote code execution vulnerability,03/11/2021,high,cisa,remote_code_execution,remote_code_execution,high,1411,a8f63cb8be19089f0bec,90938ad4358dc8fe1cce,False,Code Execution & Injection,cisa_tipo:remote code execution,alta,asignada,2021-11-03,fecha_fuente_no_verificada_como_incidente,registro_vulnerabilidad,wordpress,,file manager plugin,wordpress,4,False
ivanti,pulse connect secure and pulse policy secure,ivanti pulse connect secure and policy secure command injection vulnerability,03/11/2021,high,cisa,injection,other_injection,high,1356,adbdb5f234151475425a,d1e17dbb01a00ee0d938,False,Code Execution & Injection,cisa_tipo:injection,alta,asignada,2021-11-03,fecha_fuente_no_verificada_como_incidente,registro_vulnerabilidad,ivanti,,pulse connect secure and pulse policy secure,ivanti,4,False
mozilla,firefox and thunderbird,mozilla firefox and thunderbird use-after-free vulnerability,03/11/2021,medium,cisa,generic vulnerability,generic vulnerability,medium,1335,af7765ab70a4c1b57c2c,13c0cbb1604c10434952,False,Memory & Software Safety,cisa_nombre:buffer overflow|memory corruption|out.of.bounds|use.after.free|type confusion|double.free|heap.based|stack.based|integer overflow|integer underflow|race condition|time.of.check|arbitrary read and write|uninitialized (memory|variable)|improper input validation|improper validation|improper resource (shutdown|release)|null pointer|memory initialization|memory leak|format string|untrusted pointer dereference|double dereference|out.of.range pointer|record corruption|insufficient (input|data) validation|invalid input|data validation|detection of error condition,media,asignada,2021-11-03,fecha_fuente_no_verificada_como_incidente,registro_vulnerabilidad,mozilla,,firefox and thunderbird,mozilla,2,False
apple,multiple products,apple multiple products code execution vulnerability,03/11/2021,high,cisa,remote_code_execution,remote_code_execution,high,1176,b021bad708f28072bb7f,e1a2dc522fce063d3c2c,False,Code Execution & Injection,cisa_tipo:remote code execution,alta,asignada,2021-11-03,fecha_fuente_no_verificada_como_incidente,registro_vulnerabilidad,apple,,multiple products,apple,4,False
apple,multiple products,apple multiple products memory initialization vulnerability,03/11/2021,medium,cisa,generic vulnerability,generic vulnerability,medium,1159,b05fc0c0da193b6d20b4,ace99eea1477bde8d0f2,False,Memory & Software Safety,cisa_nombre:buffer overflow|memory corruption|out.of.bounds|use.after.free|type confusion|double.free|heap.based|stack.based|integer overflow|integer underflow|race condition|time.of.check|arbitrary read and write|uninitialized (memory|variable)|improper input validation|improper validation|improper resource (shutdown|release)|null pointer|memory initialization|memory leak|format string|untrusted pointer dereference|double dereference|out.of.range pointer|record corruption|insufficient (input|data) validation|invalid input|data validation|detection of error condition,media,asignada,2021-11-03,fecha_fuente_no_verificada_como_incidente,registro_vulnerabilidad,apple,,multiple products,apple,2,False
microsoft,office,microsoft office outlook security feature bypass vulnerability,03/11/2021,high,cisa,memory corruption,memory corruption,high,1314,b150b5c1caf86edfff33,604e35b9f28921a146bb,False,Memory & Software Safety,cisa_tipo:memory corruption,alta,asignada,2021-11-03,fecha_fuente_no_verificada_como_incidente,registro_vulnerabilidad,microsoft,,office,microsoft,4,False
yealink,device management,yealink device management server-side request forgery (ssrf) vulnerability,03/11/2021,medium,cisa,generic vulnerability,generic vulnerability,medium,1414,b165bdd2d1df19e3f5f8,a5033c29332d63f6361f,False,Code Execution & Injection,cisa_nombre:code execution|command execution|code injection|command injection|sql injection|injection|deserialization|cross.site scripting|xss|file upload|upload of|file type upload|embedded malicious code|download of code|arbitrary code|improper neutralization|improper escaping|server.side request forgery|request smuggling|http request splitting,media,asignada,2021-11-03,fecha_fuente_no_verificada_como_incidente,registro_vulnerabilidad,yealink,,device management,yealink,2,False
rconfig,rconfig,rconfig os command injection vulnerability,03/11/2021,high,cisa,injection,other_injection,high,1359,b19811c4c59aaf933e57,1126286db693fa6f807a,False,Code Execution & Injection,cisa_tipo:injection,alta,asignada,2021-11-03,fecha_fuente_no_verificada_como_incidente,registro_vulnerabilidad,rconfig,,rconfig,rconfig,4,False
ivanti,pulse connect secure,ivanti pulse connect secure collaboration suite buffer overflow vulnerability,03/11/2021,high,cisa,memory_corruption,buffer_overflow,high,1352,b2030c20135a6b3f3279,182f554f17ea6ff2a5fe,False,Memory & Software Safety,cisa_tipo:memory corruption,alta,asignada,2021-11-03,fecha_fuente_no_verificada_como_incidente,registro_vulnerabilidad,ivanti,,pulse connect secure,ivanti,4,False
apple,"ios, ipados, and watchos","apple ios, ipados, and watchos out-of-bounds write vulnerability",03/11/2021,high,cisa,out-of-bounds write,out-of-bounds write,high,1161,b2d2dc941c2b8e4f8fec,4b7ae0de0232902a7c7b,False,Memory & Software Safety,cisa_tipo:out-of-bounds write,alta,asignada,2021-11-03,fecha_fuente_no_verificada_como_incidente,registro_vulnerabilidad,apple,,"ios, ipados, and watchos",apple,4,False
thinkphp,nonecms,"thinkphp ""nonecms"" remote code execution vulnerability",03/11/2021,high,cisa,remote_code_execution,remote_code_execution,high,1389,b3a5f915357f5cfcdd4d,9412a2242be914b4afce,False,Code Execution & Injection,cisa_tipo:remote code execution,alta,asignada,2021-11-03,fecha_fuente_no_verificada_como_incidente,registro_vulnerabilidad,thinkphp,,nonecms,thinkphp,4,False
liferay,liferay portal,liferay portal deserialization of untrusted data vulnerability,03/11/2021,high,cisa,insecure_deserialization,insecure_deserialization,high,1251,b3bd4da76b5c0c1e5020,1d8236124ff32037ec26,False,Code Execution & Injection,cisa_tipo:insecure deserialization,alta,asignada,2021-11-03,fecha_fuente_no_verificada_como_incidente,registro_vulnerabilidad,liferay,,liferay portal,liferay,4,False
apple,ios,apple ios webkit memory corruption vulnerability,03/11/2021,high,cisa,out-of-bounds write,out-of-bounds write,high,1174,b79566ed88fbaa21302e,9411f474c5b0b2b23054,False,Memory & Software Safety,cisa_tipo:out-of-bounds write,alta,asignada,2021-11-03,fecha_fuente_no_verificada_como_incidente,registro_vulnerabilidad,apple,,ios,apple,4,False
microsoft,win32k,microsoft win32k privilege escalation vulnerability,03/11/2021,high,cisa,privilege escalation,privilege escalation,high,1257,b9385d0938ca5eb575e0,8d34dc759203c076820a,False,"Identity, Access & Persistence",cisa_tipo:privilege escalation,alta,asignada,2021-11-03,fecha_fuente_no_verificada_como_incidente,registro_vulnerabilidad,microsoft,,win32k,microsoft,4,False
microsoft,net framework,microsoft .net framework remote code execution vulnerability,03/11/2021,high,cisa,remote_code_execution,remote_code_execution,high,1296,b9edebf4aecade451e95,a4c117ef2a8dd551c63b,False,Code Execution & Injection,cisa_tipo:remote code execution,alta,asignada,2021-11-03,fecha_fuente_no_verificada_como_incidente,registro_vulnerabilidad,microsoft,,net framework,microsoft,4,False
microsoft,open management infrastructure (omi),microsoft open management infrastructure (omi) privilege escalation vulnerability,03/11/2021,high,cisa,privilege escalation,privilege escalation,high,1275,ba3865d2b20ba190402e,a24fc55de37130a95afa,False,"Identity, Access & Persistence",cisa_tipo:privilege escalation,alta,asignada,2021-11-03,fecha_fuente_no_verificada_como_incidente,registro_vulnerabilidad,microsoft,,open management infrastructure (omi),microsoft,4,False
microsoft,exchange server,microsoft exchange server remote code execution vulnerability,03/11/2021,high,cisa,remote_code_execution,remote_code_execution,high,1284,bc41d3776e5d3b5fa009,2b21f82a2a649137da69,False,Code Execution & Injection,cisa_tipo:remote code execution,alta,asignada,2021-11-03,fecha_fuente_no_verificada_como_incidente,registro_vulnerabilidad,microsoft,,exchange server,microsoft,4,False
trend micro,"apex one, officescan, and worry-free business security",trend micro multiple products improper access control vulnerability,03/11/2021,medium,cisa,unspecified,unspecified,medium,1394,bdc9fa71b132283acd69,3489cee00af031e9bd3d,False,"Identity, Access & Persistence",cisa_nombre:authentication|authorization|unauthorized access|privilege|credentials?|password|hard.coded|access control|permission|ownership|improper isolation|sandbox escape|session fixation|security feature bypass|protection mechanism|improper certificate|certificate validation|missing encryption|cryptographic|signature verification|integrity check|integrity verification|unprotected alternate channel|protection of alternate|spoofing|inadequate encryption strength|insecure direct object reference|dll side.loading|dll hijacking|uncontrolled search path,media,asignada,2021-11-03,fecha_fuente_no_verificada_como_incidente,registro_vulnerabilidad,trend micro,,"apex one, officescan, and worry-free business security",trend micro,2,False
solarwinds,serv-u,solarwinds serv-u remote code execution vulnerability,03/11/2021,high,cisa,out-of-bounds write,out-of-bounds write,high,1373,be3b0cd658149dc7395c,74df35f38a626271bbac,False,Memory & Software Safety,cisa_tipo:out-of-bounds write,alta,asignada,2021-11-03,fecha_fuente_no_verificada_como_incidente,registro_vulnerabilidad,solarwinds,,serv-u,solarwinds,4,False
microsoft,windows,microsoft windows common log file system (clfs) driver privilege escalation vulnerability,03/11/2021,high,cisa,privilege escalation,privilege escalation,high,1332,bedcaaa8dd84931698a1,565f7cacfec487624047,False,"Identity, Access & Persistence",cisa_tipo:privilege escalation,alta,asignada,2021-11-03,fecha_fuente_no_verificada_como_incidente,registro_vulnerabilidad,microsoft,,windows,microsoft,4,False
saltstack,salt,saltstack salt shell injection vulnerability,03/11/2021,high,cisa,injection,other_injection,high,1364,bf2ce0b796ca7d47f9ff,f307b59e34bc7e2700a4,False,Code Execution & Injection,cisa_tipo:injection,alta,asignada,2021-11-03,fecha_fuente_no_verificada_como_incidente,registro_vulnerabilidad,saltstack,,salt,saltstack,4,False
d-link,dir-825 r1 devices,d-link dir-825 r1 devices buffer overflow vulnerability,03/11/2021,high,cisa,memory corruption,memory corruption,high,1203,bf31407692b4c2303fcf,c813a4b661e90f7a30ef,False,Memory & Software Safety,cisa_tipo:memory corruption,alta,asignada,2021-11-03,fecha_fuente_no_verificada_como_incidente,registro_vulnerabilidad,d-link,,dir-825 r1 devices,d-link,4,False
adobe,acrobat and reader,adobe acrobat and reader heap-based buffer overflow vulnerability,03/11/2021,high,cisa,memory_corruption,buffer_overflow,high,1136,bf65249ac48560c5783d,f916262e84e33606ad34,False,Memory & Software Safety,cisa_tipo:memory corruption,alta,asignada,2021-11-03,fecha_fuente_no_verificada_como_incidente,registro_vulnerabilidad,adobe,,acrobat and reader,adobe,4,False
apache,struts,apache struts remote code execution vulnerability,03/11/2021,high,cisa,remote_code_execution,remote_code_execution,high,1151,c012e481ddb2295bcb7a,30e208beb71912131b8d,False,Code Execution & Injection,cisa_tipo:remote code execution,alta,asignada,2021-11-03,fecha_fuente_no_verificada_como_incidente,registro_vulnerabilidad,apache,,struts,apache,4,False
vmware,multiple products,vmware multiple products privilege escalation vulnerability,03/11/2021,high,cisa,privilege escalation,privilege escalation,high,1405,c06d2c9de7d73234038b,7a04a0746227361cb4c4,False,"Identity, Access & Persistence",cisa_tipo:privilege escalation,alta,asignada,2021-11-03,fecha_fuente_no_verificada_como_incidente,registro_vulnerabilidad,vmware,,multiple products,vmware,4,False
ibm,data risk manager,ibm data risk manager security bypass vulnerability,03/11/2021,medium/high,cisa,authentication issues,authentication issues,medium/high,1244,c082b8a0a083c5f8c511,1f38feb2310dea2cf9e4,False,"Identity, Access & Persistence",cisa_tipo:authentication issues,alta,asignada,2021-11-03,fecha_fuente_no_verificada_como_incidente,registro_vulnerabilidad,ibm,,data risk manager,ibm,3,False
fortinet,fortios,fortinet fortios ssl vpn path traversal vulnerability,03/11/2021,high,cisa,path_traversal,path_traversal,high,1220,c632078733aa6a87435f,bc4aa5e427012b9c60ab,False,Data Collection & Exfiltration,cisa_tipo:path traversal,alta,asignada,2021-11-03,fecha_fuente_no_verificada_como_incidente,registro_vulnerabilidad,fortinet,,fortios,fortinet,4,False
draytek,multiple vigor routers,multiple draytek vigor routers web management page vulnerability,03/11/2021,medium,cisa,generic vulnerability,generic vulnerability,medium,1209,c6621aa36af1db2bd450,dcb2d3d414807cc90334,False,,texto_insuficiente,pendiente,requiere_revision,2021-11-03,fecha_fuente_no_verificada_como_incidente,registro_vulnerabilidad,draytek,,multiple vigor routers,draytek,2,False
microsoft,windows,microsoft windows print spooler remote code execution vulnerability,03/11/2021,high,cisa,remote_code_execution,remote_code_execution,high,1287,c8c015760ca91630e352,197f3a882f07d2f37026,False,Code Execution & Injection,cisa_tipo:remote code execution,alta,asignada,2021-11-03,fecha_fuente_no_verificada_como_incidente,registro_vulnerabilidad,microsoft,,windows,microsoft,4,False
microsoft,win32k,microsoft win32k privilege escalation vulnerability,03/11/2021,high,cisa,out-of-bounds write,out-of-bounds write,high,1286,c97ff53eeed007f805c4,8d34dc759203c076820a,False,Memory & Software Safety,cisa_tipo:out-of-bounds write,alta,asignada,2021-11-03,fecha_fuente_no_verificada_como_incidente,registro_vulnerabilidad,microsoft,,win32k,microsoft,4,False
apache,shiro,apache shiro code execution vulnerability,03/11/2021,high,cisa,remote_code_execution,remote_code_execution,high,1149,c98462ffc242d38e4dd2,cabf157082654db8a6cd,False,Code Execution & Injection,cisa_tipo:remote code execution,alta,asignada,2021-11-03,fecha_fuente_no_verificada_como_incidente,registro_vulnerabilidad,apache,,shiro,apache,4,False
imagemagick,imagemagick,imagemagick arbitrary file deletion vulnerability,03/11/2021,medium,cisa,generic vulnerability,generic vulnerability,medium,1247,cc0088f82fccd0f47313,8d3595996bf56cbf1ad4,False,Impact & Availability,cisa_nombre:denial.of.service|resource exhaustion|infinite loop|uncontrolled resource consumption|data destruction|arbitrary file deletion,media,asignada,2021-11-03,fecha_fuente_no_verificada_como_incidente,registro_vulnerabilidad,imagemagick,,imagemagick,imagemagick,2,False
microsoft,windows,microsoft windows dns server remote code execution vulnerability,03/11/2021,high,cisa,remote_code_execution,remote_code_execution,high,1292,cd884c5de49e15b1eee4,88bedd2bb47b2c14189a,False,Code Execution & Injection,cisa_tipo:remote code execution,alta,asignada,2021-11-03,fecha_fuente_no_verificada_como_incidente,registro_vulnerabilidad,microsoft,,windows,microsoft,4,False
cisco,cisco ip phones,cisco ip phones web server remote code execution and denial-of-service vulnerability,03/11/2021,high,cisa,remote_code_execution,remote_code_execution,high,1194,cfab59067b8944d64cfa,28f231c4ffb6f6993749,False,Code Execution & Injection,cisa_tipo:remote code execution,alta,asignada,2021-11-03,fecha_fuente_no_verificada_como_incidente,registro_vulnerabilidad,cisco,,cisco ip phones,cisco,4,False
ivanti,pulse connect secure,ivanti pulse connect secure code execution vulnerability,03/11/2021,high,cisa,remote_code_execution,remote_code_execution,high,1350,cfc46895c23fc816f6b9,430a297aa93992be392c,False,Code Execution & Injection,cisa_tipo:remote code execution,alta,asignada,2021-11-03,fecha_fuente_no_verificada_como_incidente,registro_vulnerabilidad,ivanti,,pulse connect secure,ivanti,4,False
microsoft,windows,microsoft windows update medic service privilege escalation vulnerability,03/11/2021,high,cisa,privilege escalation,privilege escalation,high,1278,d0ccbd919f704a920f8e,36eadee43074cde41fbf,False,"Identity, Access & Persistence",cisa_tipo:privilege escalation,alta,asignada,2021-11-03,fecha_fuente_no_verificada_como_incidente,registro_vulnerabilidad,microsoft,,windows,microsoft,4,False
android,android kernel,android kernel out-of-bounds write vulnerability,03/11/2021,medium,cisa,generic vulnerability,generic vulnerability,medium,1143,d1061b0c2411f89e183b,eeb2a21af8e8b68cdf34,False,Memory & Software Safety,cisa_nombre:buffer overflow|memory corruption|out.of.bounds|use.after.free|type confusion|double.free|heap.based|stack.based|integer overflow|integer underflow|race condition|time.of.check|arbitrary read and write|uninitialized (memory|variable)|improper input validation|improper validation|improper resource (shutdown|release)|null pointer|memory initialization|memory leak|format string|untrusted pointer dereference|double dereference|out.of.range pointer|record corruption|insufficient (input|data) validation|invalid input|data validation|detection of error condition,media,asignada,2021-11-03,fecha_fuente_no_verificada_como_incidente,registro_vulnerabilidad,android,,android kernel,android,2,False
atlassian,crowd and crowd data center,atlassian crowd and crowd data center remote code execution vulnerability,03/11/2021,high,cisa,remote_code_execution,remote_code_execution,high,1183,d1e8fb18d58d3cd3ba76,86664d2bdd579e6d80de,False,Code Execution & Injection,cisa_tipo:remote code execution,alta,asignada,2021-11-03,fecha_fuente_no_verificada_como_incidente,registro_vulnerabilidad,atlassian,,crowd and crowd data center,atlassian,4,False
zoho,manageengine,zoho manageengine desktop central file upload vulnerability,03/11/2021,high,cisa,insecure_deserialization,insecure_deserialization,high,1416,d4a3ca7d008d1e2d09b9,4faf6733bde74151d993,False,Code Execution & Injection,cisa_tipo:insecure deserialization,alta,asignada,2021-11-03,fecha_fuente_no_verificada_como_incidente,registro_vulnerabilidad,zoho,,manageengine,zoho,4,False
microsoft,windows,microsoft windows media center remote code execution vulnerability,03/11/2021,high,cisa,remote_code_execution,remote_code_execution,high,1262,d52a0909b6178ca095d7,9ac949a228069f1499c9,False,Code Execution & Injection,cisa_tipo:remote code execution,alta,asignada,2021-11-03,fecha_fuente_no_verificada_como_incidente,registro_vulnerabilidad,microsoft,,windows,microsoft,4,False
google,chromium,google chromium information disclosure vulnerability,03/11/2021,medium,cisa,authorization issues,authorization issues,medium,1225,d60890c89b5606c2f5df,8d872dbd0d5da0e1eb4f,False,"Identity, Access & Persistence",cisa_tipo:authorization issues,alta,asignada,2021-11-03,fecha_fuente_no_verificada_como_incidente,registro_vulnerabilidad,google,,chromium,google,2,False
mozilla,firefox and thunderbird,mozilla firefox and thunderbird type confusion vulnerability,03/11/2021,high,cisa,type confusion,type confusion,high,1336,d6ba285a897083609195,ec75ed07b3b2604b2f8d,False,Memory & Software Safety,cisa_tipo:type confusion,alta,asignada,2021-11-03,fecha_fuente_no_verificada_como_incidente,registro_vulnerabilidad,mozilla,,firefox and thunderbird,mozilla,4,False
citrix,"application delivery controller (adc), gateway, and sd-wan wanop appliance","citrix adc, gateway, and sd-wan wanop appliance code execution vulnerability",03/11/2021,high,cisa,remote_code_execution,remote_code_execution,high,1201,d716628cb78eb8839032,916fcd2a4f53ffc14af6,False,Code Execution & Injection,cisa_tipo:remote code execution,alta,asignada,2021-11-03,fecha_fuente_no_verificada_como_incidente,registro_vulnerabilidad,citrix,,"application delivery controller (adc), gateway, and sd-wan wanop appliance",citrix,4,False
vmware,esxi,vmware esxi openslp use-after-free vulnerability,03/11/2021,high,cisa,use-after-free,use-after-free,high,1404,d7575aff30f2b4ea58a9,6fcf327c474f574f1386,False,Memory & Software Safety,cisa_tipo:use-after-free,alta,asignada,2021-11-03,fecha_fuente_no_verificada_como_incidente,registro_vulnerabilidad,vmware,,esxi,vmware,4,False
kaseya,virtual system/server administrator (vsa),kaseya virtual system/server administrator (vsa) information disclosure vulnerability,03/11/2021,medium,cisa,generic vulnerability,generic vulnerability,medium,1250,d8a70ab06695f2ff34c2,b6382505927479f6930f,False,Data Collection & Exfiltration,cisa_nombre:information disclosure|information leak|disclosure|exposure of|directory traversal|path traversal|path transversal|file inclusion|external control of file name|link following|improper link resolution|arbitrary file (read|download)|file download|file read|sensitive information,media,asignada,2021-11-03,fecha_fuente_no_verificada_como_incidente,registro_vulnerabilidad,kaseya,,virtual system/server administrator (vsa),kaseya,2,False
cisco,ios xr,cisco ios xr software discovery protocol format string vulnerability,03/11/2021,medium,cisa,generic vulnerability,generic vulnerability,medium,1191,d9be955818e874fc07d4,78af110204dcfeb1ae9b,False,Memory & Software Safety,cisa_nombre:buffer overflow|memory corruption|out.of.bounds|use.after.free|type confusion|double.free|heap.based|stack.based|integer overflow|integer underflow|race condition|time.of.check|arbitrary read and write|uninitialized (memory|variable)|improper input validation|improper validation|improper resource (shutdown|release)|null pointer|memory initialization|memory leak|format string|untrusted pointer dereference|double dereference|out.of.range pointer|record corruption|insufficient (input|data) validation|invalid input|data validation|detection of error condition,media,asignada,2021-11-03,fecha_fuente_no_verificada_como_incidente,registro_vulnerabilidad,cisco,,ios xr,cisco,2,False
netis,wf2419 devices,netis wf2419 devices remote code execution vulnerability,03/11/2021,high,cisa,remote_code_execution,remote_code_execution,high,1339,d9d2990f1318f237db46,84d1e02f9ca88d7d5712,False,Code Execution & Injection,cisa_tipo:remote code execution,alta,asignada,2021-11-03,fecha_fuente_no_verificada_como_incidente,registro_vulnerabilidad,netis,,wf2419 devices,netis,4,False
microsoft,mscomctl.ocx,microsoft mscomctl.ocx remote code execution vulnerability,03/11/2021,high,cisa,remote_code_execution,remote_code_execution,high,1303,da3b2c798d76b64a500d,38eff40fb8a8f6411a12,False,Code Execution & Injection,cisa_tipo:remote code execution,alta,asignada,2021-11-03,fecha_fuente_no_verificada_como_incidente,registro_vulnerabilidad,microsoft,,mscomctl.ocx,microsoft,4,False
microsoft,office,microsoft office remote code execution vulnerability,03/11/2021,high,cisa,remote_code_execution,remote_code_execution,high,1309,dbaa84acc100f156cc03,5c6a48b72e1ef052457d,False,Code Execution & Injection,cisa_tipo:remote code execution,alta,asignada,2021-11-03,fecha_fuente_no_verificada_como_incidente,registro_vulnerabilidad,microsoft,,office,microsoft,4,False
microsoft,exchange server,microsoft exchange server privilege escalation vulnerability,03/11/2021,medium,cisa,authentication issues,authentication issues,medium,1276,dbf271c7aae133b485ff,352b16020d396d8b8e0b,False,"Identity, Access & Persistence",cisa_tipo:authentication issues,alta,asignada,2021-11-03,fecha_fuente_no_verificada_como_incidente,registro_vulnerabilidad,microsoft,,exchange server,microsoft,2,False
google,chromium v8,google chromium v8 improper input validation vulnerability,03/11/2021,medium,cisa,generic vulnerability,generic vulnerability,medium,1241,dc47f99ee8ad371a3b0d,681cb333edfcaed3bb54,False,Memory & Software Safety,cisa_nombre:buffer overflow|memory corruption|out.of.bounds|use.after.free|type confusion|double.free|heap.based|stack.based|integer overflow|integer underflow|race condition|time.of.check|arbitrary read and write|uninitialized (memory|variable)|improper input validation|improper validation|improper resource (shutdown|release)|null pointer|memory initialization|memory leak|format string|untrusted pointer dereference|double dereference|out.of.range pointer|record corruption|insufficient (input|data) validation|invalid input|data validation|detection of error condition,media,asignada,2021-11-03,fecha_fuente_no_verificada_como_incidente,registro_vulnerabilidad,google,,chromium v8,google,2,False
apple,"ios, ipados, and macos","apple ios, ipados, macos use-after-free vulnerability",03/11/2021,high,cisa,use-after-free,use-after-free,high,1154,dc65a0f3158d233d24b5,40325968dff83e42f95a,False,Memory & Software Safety,cisa_tipo:use-after-free,alta,asignada,2021-11-03,fecha_fuente_no_verificada_como_incidente,registro_vulnerabilidad,apple,,"ios, ipados, and macos",apple,4,False
sap,netweaver,sap netweaver missing authentication for critical function vulnerability,03/11/2021,medium/high,cisa,authentication issues,authentication issues,medium/high,1368,df6183d5ab420549dabe,8eda05c23c34c74acf83,False,"Identity, Access & Persistence",cisa_tipo:authentication issues,alta,asignada,2021-11-03,fecha_fuente_no_verificada_como_incidente,registro_vulnerabilidad,sap,,netweaver,sap,3,False
fortinet,fortios,fortinet fortios ssl vpn improper authentication vulnerability,03/11/2021,medium,cisa,authentication issues,authentication issues,medium,1219,df8447e568c6a1069ef4,7a996580b2756efe66d4,False,"Identity, Access & Persistence",cisa_tipo:authentication issues,alta,asignada,2021-11-03,fecha_fuente_no_verificada_como_incidente,registro_vulnerabilidad,fortinet,,fortios,fortinet,2,False
ibm,data risk manager,ibm data risk manager remote code execution vulnerability,03/11/2021,high,cisa,remote_code_execution,remote_code_execution,high,1245,e0937a4216bb317eae82,eca3c85927710c7f7fa9,False,Code Execution & Injection,cisa_tipo:remote code execution,alta,asignada,2021-11-03,fecha_fuente_no_verificada_como_incidente,registro_vulnerabilidad,ibm,,data risk manager,ibm,4,False
realtek,ap-router sdk,realtek ap-router sdk buffer overflow vulnerability,03/11/2021,high,cisa,memory_corruption,buffer_overflow,high,1360,e2534af94d1e686bf952,48eefeb356a0c5a5f7a4,False,Memory & Software Safety,cisa_tipo:memory corruption,alta,asignada,2021-11-03,fecha_fuente_no_verificada_como_incidente,registro_vulnerabilidad,realtek,,ap-router sdk,realtek,4,False
citrix,workspace application and receiver for windows,citrix workspace application and receiver for windows remote code execution vulnerability,03/11/2021,high,cisa,remote_code_execution,remote_code_execution,high,1202,e38da5734e965c3e7559,69f91a3d8acda8e46fba,False,Code Execution & Injection,cisa_tipo:remote code execution,alta,asignada,2021-11-03,fecha_fuente_no_verificada_como_incidente,registro_vulnerabilidad,citrix,,workspace application and receiver for windows,citrix,4,False
saltstack,salt,saltstack salt path traversal vulnerability,03/11/2021,high,cisa,path_traversal,path_traversal,high,1362,e42c1d6c705072c7fcbb,13a286d4f2483feae581,False,Data Collection & Exfiltration,cisa_tipo:path traversal,alta,asignada,2021-11-03,fecha_fuente_no_verificada_como_incidente,registro_vulnerabilidad,saltstack,,salt,saltstack,4,False
ivanti,mobileiron multiple products,ivanti mobileiron multiple products remote code execution vulnerability,03/11/2021,high,cisa,remote_code_execution,remote_code_execution,high,1249,e492a0fd17fad33e1459,24921a05d4d3a3931296,False,Code Execution & Injection,cisa_tipo:remote code execution,alta,asignada,2021-11-03,fecha_fuente_no_verificada_como_incidente,registro_vulnerabilidad,ivanti,,mobileiron multiple products,ivanti,4,False
gitlab,community and enterprise editions,gitlab community and enterprise editions remote code execution vulnerability,03/11/2021,high,cisa,injection,code_injection,high,1211,e5b0630c9298dfe42303,753de4dc0f42d41b1cfc,False,Code Execution & Injection,cisa_tipo:injection,alta,asignada,2021-11-03,fecha_fuente_no_verificada_como_incidente,registro_vulnerabilidad,gitlab,,community and enterprise editions,gitlab,4,False
microsoft,windows,microsoft windows kernel privilege escalation vulnerability,03/11/2021,high,cisa,privilege escalation,privilege escalation,high,1264,e8b553f4a6aebfee30e9,e143cd4fb09b01661136,False,"Identity, Access & Persistence",cisa_tipo:privilege escalation,alta,asignada,2021-11-03,fecha_fuente_no_verificada_como_incidente,registro_vulnerabilidad,microsoft,,windows,microsoft,4,False
apple,multiple products,apple multiple products webkit memory corruption vulnerability,03/11/2021,high,cisa,out-of-bounds write,out-of-bounds write,high,1172,ebb0065b1155c8228892,b073e2d08a3b183a16fe,False,Memory & Software Safety,cisa_tipo:out-of-bounds write,alta,asignada,2021-11-03,fecha_fuente_no_verificada_como_incidente,registro_vulnerabilidad,apple,,multiple products,apple,4,False
apple,ios,apple ios webkit buffer overflow vulnerability,03/11/2021,high,cisa,memory corruption,memory corruption,high,1169,ecb49cffb2d1189420a1,1343bdb7453ead8ead99,False,Memory & Software Safety,cisa_tipo:memory corruption,alta,asignada,2021-11-03,fecha_fuente_no_verificada_como_incidente,registro_vulnerabilidad,apple,,ios,apple,4,False
unraid,unraid,unraid authentication bypass vulnerability,03/11/2021,medium,cisa,authentication issues,authentication issues,medium,1399,ed542e382ac54564bae7,44617247c1c662cf816b,False,"Identity, Access & Persistence",cisa_tipo:authentication issues,alta,asignada,2021-11-03,fecha_fuente_no_verificada_como_incidente,registro_vulnerabilidad,unraid,,unraid,unraid,2,False
ivanti,pulse connect secure,ivanti pulse connect secure arbitrary file read vulnerability,03/11/2021,medium,cisa,generic vulnerability,generic vulnerability,medium,1355,eeff2f732827fb469738,e9d3efda5e04e1cd341e,False,Data Collection & Exfiltration,cisa_nombre:information disclosure|information leak|disclosure|exposure of|directory traversal|path traversal|path transversal|file inclusion|external control of file name|link following|improper link resolution|arbitrary file (read|download)|file download|file read|sensitive information,media,asignada,2021-11-03,fecha_fuente_no_verificada_como_incidente,registro_vulnerabilidad,ivanti,,pulse connect secure,ivanti,2,False
atlassian,confluence server and data center,atlassian confluence server and data center path traversal vulnerability,03/11/2021,high,cisa,path_traversal,path_traversal,high,1181,efc3d249a4feb58969d5,40e1b01bfde8fbe3e426,False,Data Collection & Exfiltration,cisa_tipo:path traversal,alta,asignada,2021-11-03,fecha_fuente_no_verificada_como_incidente,registro_vulnerabilidad,atlassian,,confluence server and data center,atlassian,4,False
oracle,fusion middleware,oracle fusion middleware unspecified vulnerability,03/11/2021,medium,cisa,unspecified,unspecified,medium,1341,f030dbe47afe1b0ca196,b29f4002942b1199dfbb,False,,texto_insuficiente,pendiente,requiere_revision,2021-11-03,fecha_fuente_no_verificada_como_incidente,registro_vulnerabilidad,oracle,,fusion middleware,oracle,2,False
eyesofnetwork,eyesofnetwork,eyesofnetwork use of hard-coded credentials vulnerability,03/11/2021,medium,cisa,xss,cross_site_scripting,medium,1213,f0d27751890ee901c1c0,c54568aeab7fefe0bc95,False,Code Execution & Injection,cisa_tipo:xss,alta,asignada,2021-11-03,fecha_fuente_no_verificada_como_incidente,registro_vulnerabilidad,eyesofnetwork,,eyesofnetwork,eyesofnetwork,2,False
imagemagick,imagemagick,imagemagick server-side request forgery (ssrf) vulnerability,03/11/2021,medium,cisa,generic vulnerability,generic vulnerability,medium,1248,f203c957d13d3e0fe41a,2be95ab7c6bfb865551f,False,Code Execution & Injection,cisa_nombre:code execution|command execution|code injection|command injection|sql injection|injection|deserialization|cross.site scripting|xss|file upload|upload of|file type upload|embedded malicious code|download of code|arbitrary code|improper neutralization|improper escaping|server.side request forgery|request smuggling|http request splitting,media,asignada,2021-11-03,fecha_fuente_no_verificada_como_incidente,registro_vulnerabilidad,imagemagick,,imagemagick,imagemagick,2,False
atlassian,confluence server and data server,atlassian confluence server and data center server-side template injection vulnerability,03/11/2021,high,cisa,injection,other_injection,high,1184,f4efaa3ed412ca322402,136bb3cc732c084115c4,False,Code Execution & Injection,cisa_tipo:injection,alta,asignada,2021-11-03,fecha_fuente_no_verificada_como_incidente,registro_vulnerabilidad,atlassian,,confluence server and data server,atlassian,4,False
dotnetnuke (dnn),dotnetnuke (dnn),dotnetnuke (dnn) remote code execution vulnerability,03/11/2021,high,cisa,remote_code_execution,remote_code_execution,high,1207,f7c4560ffa293f55eb2f,74b2849e8a2d7786b933,False,Code Execution & Injection,cisa_tipo:remote code execution,alta,asignada,2021-11-03,fecha_fuente_no_verificada_como_incidente,registro_vulnerabilidad,dotnetnuke (dnn),,dotnetnuke (dnn),dotnetnuke (dnn),4,False
sumavision,enhanced multimedia router (emr),sumavision emr cross-site request forgery (csrf) vulnerability,03/11/2021,medium,cisa,csrf,cross_site_request_forgery,medium,1382,f923015e1953bc390a36,c43f8ab1aa65c6138597,False,"Identity, Access & Persistence",cisa_tipo:csrf,alta,asignada,2021-11-03,fecha_fuente_no_verificada_como_incidente,registro_vulnerabilidad,sumavision,,enhanced multimedia router (emr),sumavision,2,False
google,chromium indexed db api,google chromium indexed db api use-after-free vulnerability,03/11/2021,high,cisa,use-after-free,use-after-free,high,1229,f9afcb2b6dabae56c26a,f5cdbecb9cc3d10ffc40,False,Memory & Software Safety,cisa_tipo:use-after-free,alta,asignada,2021-11-03,fecha_fuente_no_verificada_como_incidente,registro_vulnerabilidad,google,,chromium indexed db api,google,4,False
microsoft,hyper-v remotefx,microsoft hyper-v remotefx vgpu remote code execution vulnerability,03/11/2021,high,cisa,remote_code_execution,remote_code_execution,high,1290,fb4b872ae4f5d0903192,6f53608884067370ddbb,False,Code Execution & Injection,cisa_tipo:remote code execution,alta,asignada,2021-11-03,fecha_fuente_no_verificada_como_incidente,registro_vulnerabilidad,microsoft,,hyper-v remotefx,microsoft,4,False
docker,desktop community edition,docker desktop community edition privilege escalation vulnerability,03/11/2021,high,cisa,privilege escalation,privilege escalation,high,1208,fb4d045c1cf975891729,3197aa60c920e09be4dd,False,"Identity, Access & Persistence",cisa_tipo:privilege escalation,alta,asignada,2021-11-03,fecha_fuente_no_verificada_como_incidente,registro_vulnerabilidad,docker,,desktop community edition,docker,4,False
sophos,sfos,sophos sfos sql injection vulnerability,03/11/2021,high,cisa,injection,other_injection,high,1381,fd28fffb01f5f9a9604e,6d95110e7017bf3857ad,False,Code Execution & Injection,cisa_tipo:injection,alta,asignada,2021-11-03,fecha_fuente_no_verificada_como_incidente,registro_vulnerabilidad,sophos,,sfos,sophos,4,False
arm,mali graphics processing unit (gpu),arm mali graphics processing unit (gpu) use-after-free vulnerability,03/11/2021,high,cisa,use-after-free,use-after-free,high,1180,fddb23f75547d92e1f3f,7d2c46a14b7135018b98,False,Memory & Software Safety,cisa_tipo:use-after-free,alta,asignada,2021-11-03,fecha_fuente_no_verificada_como_incidente,registro_vulnerabilidad,arm,,mali graphics processing unit (gpu),arm,4,False
unraid,unraid,unraid remote code execution vulnerability,03/11/2021,high,cisa,remote_code_execution,remote_code_execution,high,1400,fe05b10a4b00f9307a02,2bebfce92254137213f7,False,Code Execution & Injection,cisa_tipo:remote code execution,alta,asignada,2021-11-03,fecha_fuente_no_verificada_como_incidente,registro_vulnerabilidad,unraid,,unraid,unraid,4,False
wordpress,snap creek duplicator plugin,wordpress snap creek duplicator plugin file download vulnerability,03/11/2021,medium,cisa,generic vulnerability,generic vulnerability,medium,1412,fe1e965c3020a232e39a,5bc36d4662caeeaa0ca8,False,Data Collection & Exfiltration,cisa_nombre:information disclosure|information leak|disclosure|exposure of|directory traversal|path traversal|path transversal|file inclusion|external control of file name|link following|improper link resolution|arbitrary file (read|download)|file download|file read|sensitive information,media,asignada,2021-11-03,fecha_fuente_no_verificada_como_incidente,registro_vulnerabilidad,wordpress,,snap creek duplicator plugin,wordpress,2,False
solarwinds,orion,solarwinds orion authentication bypass vulnerability,03/11/2021,medium/high,cisa,authentication issues,authentication issues,medium/high,1372,fead5ec369533e35142c,c3b0a4f46b1102f6a802,False,"Identity, Access & Persistence",cisa_tipo:authentication issues,alta,asignada,2021-11-03,fecha_fuente_no_verificada_como_incidente,registro_vulnerabilidad,solarwinds,,orion,solarwinds,3,False
microsoft,internet explorer,microsoft internet explorer scripting engine memory corruption vulnerability,03/11/2021,high,cisa,use-after-free,use-after-free,high,1308,ff01f2a442b18494a5c1,79505518b8e467a804ee,False,Memory & Software Safety,cisa_tipo:use-after-free,alta,asignada,2021-11-03,fecha_fuente_no_verificada_como_incidente,registro_vulnerabilidad,microsoft,,internet explorer,microsoft,4,False
adobe,coldfusion,adobe coldfusion unrestricted file upload vulnerability,03/11/2021,medium,cisa,generic vulnerability,generic vulnerability,medium,1139,ff12bedbfb7185add013,fabe8d04fa05e600e343,False,Code Execution & Injection,cisa_nombre:code execution|command execution|code injection|command injection|sql injection|injection|deserialization|cross.site scripting|xss|file upload|upload of|file type upload|embedded malicious code|download of code|arbitrary code|improper neutralization|improper escaping|server.side request forgery|request smuggling|http request splitting,media,asignada,2021-11-03,fecha_fuente_no_verificada_como_incidente,registro_vulnerabilidad,adobe,,coldfusion,adobe,2,False
microsoft,exchange,microsoft exchange server remote code execution vulnerability,17/11/2021,high,cisa,insecure_deserialization,insecure_deserialization,high,1130,049959013c613285be45,2b21f82a2a649137da69,False,Code Execution & Injection,cisa_tipo:insecure deserialization,alta,asignada,2021-11-17,fecha_fuente_no_verificada_como_incidente,registro_vulnerabilidad,microsoft,,exchange,microsoft,4,False
microsoft,office,microsoft excel security feature bypass,17/11/2021,medium/high,cisa,authentication issues,authentication issues,medium/high,1131,27a640d18e5af311bc9d,ff2387ce9c196acc59d1,False,"Identity, Access & Persistence",cisa_tipo:authentication issues,alta,asignada,2021-11-17,fecha_fuente_no_verificada_como_incidente,registro_vulnerabilidad,microsoft,,office,microsoft,3,False
perl,exiftool,exiftool remote code execution vulnerability,17/11/2021,high,cisa,injection,code_injection,high,1128,6580951ae0c392b2ec76,5887db273526602ca8cd,False,Code Execution & Injection,cisa_tipo:injection,alta,asignada,2021-11-17,fecha_fuente_no_verificada_como_incidente,registro_vulnerabilidad,perl,,exiftool,perl,4,False
microsoft,windows,microsoft windows win32k privilege escalation vulnerability,17/11/2021,high,cisa,use-after-free,use-after-free,high,1129,93c2806b58c796b835fd,e01789c5f033ba131447,False,Memory & Software Safety,cisa_tipo:use-after-free,alta,asignada,2021-11-17,fecha_fuente_no_verificada_como_incidente,registro_vulnerabilidad,microsoft,,windows,microsoft,4,False
windows,,hide artifacts: process argument spoofing,19/11/2021,medium/high,mitre,hide artifacts: process argument spoofing,hide artifacts: process argument spoofing,medium/high,1729,6ce7943458cdc1e1f82c,6941d4db50e626dd924e,False,Reconnaissance & Attack Operations,mitre_parent:hide artifacts,alta,asignada,2021-11-19,fecha_fuente_no_verificada_como_incidente,tecnica_mitre,,windows,__NO_INFORMADO__,windows,3,False
windows,,process injection: listplanting,22/11/2021,medium/high,mitre,injection,other_injection,medium/high,1906,a70a506960ebb93e501d,90e6022b8d343e87227e,False,Code Execution & Injection,mitre_parent:process injection,alta,asignada,2021-11-22,fecha_fuente_no_verificada_como_incidente,tecnica_mitre,,windows,__NO_INFORMADO__,windows,3,False
qualcomm,"snapdragon auto, snapdragon compute, snapdragon connectivity, snapdragon consumer iot, snapdragon industrial iot, snapdragon mobile, snapdragon voice & music, snapdragon wearables",qualcomm multiple chipsets improper input validation vulnerability,01/12/2021,medium,cisa,generic vulnerability,generic vulnerability,medium,1123,34055159ec3b5df9fa44,b869a55945b107e48897,False,Memory & Software Safety,cisa_nombre:buffer overflow|memory corruption|out.of.bounds|use.after.free|type confusion|double.free|heap.based|stack.based|integer overflow|integer underflow|race condition|time.of.check|arbitrary read and write|uninitialized (memory|variable)|improper input validation|improper validation|improper resource (shutdown|release)|null pointer|memory initialization|memory leak|format string|untrusted pointer dereference|double dereference|out.of.range pointer|record corruption|insufficient (input|data) validation|invalid input|data validation|detection of error condition,media,asignada,2021-12-01,fecha_fuente_no_verificada_como_incidente,registro_vulnerabilidad,qualcomm,,"snapdragon auto, snapdragon compute, snapdragon connectivity, snapdragon consumer iot, snapdragon industrial iot, snapdragon mobile, snapdragon voice & music, snapdragon wearables",qualcomm,2,False
zoho,manageengine servicedesk plus (sdp),zoho manageengine servicedesk authentication bypass vulnerability,01/12/2021,medium/high,cisa,authentication issues,authentication issues,medium/high,1125,67402470efdc04799b55,479c3912267332027c42,False,"Identity, Access & Persistence",cisa_tipo:authentication issues,alta,asignada,2021-12-01,fecha_fuente_no_verificada_como_incidente,registro_vulnerabilidad,zoho,,manageengine servicedesk plus (sdp),zoho,3,False
apache,apache,apache http server-side request forgery (ssrf),01/12/2021,medium,cisa,generic vulnerability,generic vulnerability,medium,1126,7f6d3ecf5cc03ae97015,a38b4eae9b70c532a6b4,False,Code Execution & Injection,cisa_nombre:code execution|command execution|code injection|command injection|sql injection|injection|deserialization|cross.site scripting|xss|file upload|upload of|file type upload|embedded malicious code|download of code|arbitrary code|improper neutralization|improper escaping|server.side request forgery|request smuggling|http request splitting,media,asignada,2021-12-01,fecha_fuente_no_verificada_como_incidente,registro_vulnerabilidad,apache,,apache,apache,2,False
zoho,manageengine servicedesk plus (sdp) / supportcenter plus,zoho manageengine servicedesk plus remote code execution vulnerability,01/12/2021,high,cisa,remote_code_execution,remote_code_execution,high,1127,86e280f5ec04d5c15f77,7901a32134adde5e6e42,False,Code Execution & Injection,cisa_tipo:remote code execution,alta,asignada,2021-12-01,fecha_fuente_no_verificada_como_incidente,registro_vulnerabilidad,zoho,,manageengine servicedesk plus (sdp) / supportcenter plus,zoho,4,False
mikrotik,routeros,mikrotik router os directory traversal vulnerability,01/12/2021,high,cisa,path_traversal,path_traversal,high,1124,9a3c3b8c2cb54a842231,f0258cdaa55c826e2fea,False,Data Collection & Exfiltration,cisa_tipo:path traversal,alta,asignada,2021-12-01,fecha_fuente_no_verificada_como_incidente,registro_vulnerabilidad,mikrotik,,routeros,mikrotik,4,False
apache,log4j2,apache log4j2 remote code execution vulnerability,10/12/2021,medium/high,cisa,dos,denial_of_service,medium/high,1122,113bdc4b4352f6b20715,2a06c48dc859150e88df,False,Impact & Availability,cisa_tipo:dos,alta,asignada,2021-12-10,fecha_fuente_no_verificada_como_incidente,registro_vulnerabilidad,apache,,log4j2,apache,3,False
realtek,jungle software development kit (sdk),realtek jungle sdk remote code execution vulnerability,10/12/2021,high,cisa,remote_code_execution,remote_code_execution,high,1112,3141c36e515d1703d763,1bd6c4e37b226c5b1d07,False,Code Execution & Injection,cisa_tipo:remote code execution,alta,asignada,2021-12-10,fecha_fuente_no_verificada_como_incidente,registro_vulnerabilidad,realtek,,jungle software development kit (sdk),realtek,4,False
sonatype,nexus repository manager,sonatype nexus repository manager incorrect access control vulnerability,10/12/2021,medium,cisa,unspecified,unspecified,medium,1113,35044594e58c42ea8917,6e210a1cb64407980a2b,False,"Identity, Access & Persistence",cisa_nombre:authentication|authorization|unauthorized access|privilege|credentials?|password|hard.coded|access control|permission|ownership|improper isolation|sandbox escape|session fixation|security feature bypass|protection mechanism|improper certificate|certificate validation|missing encryption|cryptographic|signature verification|integrity check|integrity verification|unprotected alternate channel|protection of alternate|spoofing|inadequate encryption strength|insecure direct object reference|dll side.loading|dll hijacking|uncontrolled search path,media,asignada,2021-12-10,fecha_fuente_no_verificada_como_incidente,registro_vulnerabilidad,sonatype,,nexus repository manager,sonatype,2,False
apache,solr,apache solr dataimporthandler code injection vulnerability,10/12/2021,high,cisa,injection,other_injection,high,1114,528120c16e011ca0fa9e,5a50b91e06c20ea9f258,False,Code Execution & Injection,cisa_tipo:injection,alta,asignada,2021-12-10,fecha_fuente_no_verificada_como_incidente,registro_vulnerabilidad,apache,,solr,apache,4,False
embedthis,goahead,embedthis goahead remote code execution vulnerability,10/12/2021,high,cisa,remote_code_execution,remote_code_execution,high,1116,5b2f28ccbf835046d0d7,f834ef8cec07b0201e4b,False,Code Execution & Injection,cisa_tipo:remote code execution,alta,asignada,2021-12-10,fecha_fuente_no_verificada_como_incidente,registro_vulnerabilidad,embedthis,,goahead,embedthis,4,False
zoho,desktop central,zoho desktop central authentication bypass vulnerability,10/12/2021,medium/high,cisa,authentication issues,authentication issues,medium/high,1110,5f16c718cefe52de8944,183a64b3baf94d21ac6e,False,"Identity, Access & Persistence",cisa_tipo:authentication issues,alta,asignada,2021-12-10,fecha_fuente_no_verificada_como_incidente,registro_vulnerabilidad,zoho,,desktop central,zoho,3,False
fuel cms,fuel cms,fuel cms sql injection vulnerability,10/12/2021,high,cisa,injection,other_injection,high,1119,b2b46132df818842b38d,dc58a0073ff38765417c,False,Code Execution & Injection,cisa_tipo:injection,alta,asignada,2021-12-10,fecha_fuente_no_verificada_como_incidente,registro_vulnerabilidad,fuel cms,,fuel cms,fuel cms,4,False
red hat,jboss application server,red hat jboss application server remote code execution vulnerability,10/12/2021,high,cisa,insecure_deserialization,insecure_deserialization,high,1117,cd9d4262b2c30b256b0e,70398af25307e741f1fd,False,Code Execution & Injection,cisa_tipo:insecure deserialization,alta,asignada,2021-12-10,fecha_fuente_no_verificada_como_incidente,registro_vulnerabilidad,red hat,,jboss application server,red hat,4,False
fortinet,fortios,fortinet fortios arbitrary file download,10/12/2021,medium,cisa,generic vulnerability,generic vulnerability,medium,1115,dad5af3929b87de6648b,c5b9dd69aca03d00597a,False,Data Collection & Exfiltration,cisa_nombre:information disclosure|information leak|disclosure|exposure of|directory traversal|path traversal|path transversal|file inclusion|external control of file name|link following|improper link resolution|arbitrary file (read|download)|file download|file read|sensitive information,media,asignada,2021-12-10,fecha_fuente_no_verificada_como_incidente,registro_vulnerabilidad,fortinet,,fortios,fortinet,2,False
pi-hole,adminlte,pi-hole adminlte remote code execution vulnerability,10/12/2021,high,cisa,remote_code_execution,remote_code_execution,high,1120,e3848092d4a58c940c3a,494ce12b54e4338afe18,False,Code Execution & Injection,cisa_tipo:remote code execution,alta,asignada,2021-12-10,fecha_fuente_no_verificada_como_incidente,registro_vulnerabilidad,pi-hole,,adminlte,pi-hole,4,False
red hat,jboss seam 2,red hat linux jboss seam 2 remote code execution vulnerability,10/12/2021,high,cisa,remote_code_execution,remote_code_execution,high,1118,e7a1489d4a2fcd5b1317,19270e47c2d67763a134,False,Code Execution & Injection,cisa_tipo:remote code execution,alta,asignada,2021-12-10,fecha_fuente_no_verificada_como_incidente,registro_vulnerabilidad,red hat,,jboss seam 2,red hat,4,False
mongodb,mongo-express,mongodb mongo-express remote code execution vulnerability,10/12/2021,high,cisa,remote_code_execution,remote_code_execution,high,1121,ea6a79bf71c6f28c9a8b,905234ccbb0e19f6c556,False,Code Execution & Injection,cisa_tipo:remote code execution,alta,asignada,2021-12-10,fecha_fuente_no_verificada_como_incidente,registro_vulnerabilidad,mongodb,,mongo-express,mongodb,4,False
linux,kernel,linux kernel improper privilege management vulnerability,10/12/2021,medium,cisa,generic vulnerability,generic vulnerability,medium,1111,f6d6a99c977881a832ae,245a3b716a233485d532,False,"Identity, Access & Persistence",cisa_nombre:authentication|authorization|unauthorized access|privilege|credentials?|password|hard.coded|access control|permission|ownership|improper isolation|sandbox escape|session fixation|security feature bypass|protection mechanism|improper certificate|certificate validation|missing encryption|cryptographic|signature verification|integrity check|integrity verification|unprotected alternate channel|protection of alternate|spoofing|inadequate encryption strength|insecure direct object reference|dll side.loading|dll hijacking|uncontrolled search path,media,asignada,2021-12-10,fecha_fuente_no_verificada_como_incidente,registro_vulnerabilidad,linux,,kernel,linux,2,False
microsoft,windows,microsoft windows appx installer spoofing vulnerability,15/12/2021,medium,cisa,unspecified,unspecified,medium,1108,240f9db2548e6e17c625,d70680718b24c14c64b5,False,"Identity, Access & Persistence",cisa_nombre:authentication|authorization|unauthorized access|privilege|credentials?|password|hard.coded|access control|permission|ownership|improper isolation|sandbox escape|session fixation|security feature bypass|protection mechanism|improper certificate|certificate validation|missing encryption|cryptographic|signature verification|integrity check|integrity verification|unprotected alternate channel|protection of alternate|spoofing|inadequate encryption strength|insecure direct object reference|dll side.loading|dll hijacking|uncontrolled search path,media,asignada,2021-12-15,fecha_fuente_no_verificada_como_incidente,registro_vulnerabilidad,microsoft,,windows,microsoft,2,False
google,chromium v8,google chromium v8 use-after-free vulnerability,15/12/2021,high,cisa,use-after-free,use-after-free,high,1109,fe1a7b68c30407afecca,673eb6770199868b6254,False,Memory & Software Safety,cisa_tipo:use-after-free,alta,asignada,2021-12-15,fecha_fuente_no_verificada_como_incidente,registro_vulnerabilidad,google,,chromium v8,google,4,False
microsoft,winverifytrust function,microsoft winverifytrust function remote code execution,10/01/2022,high,cisa,remote_code_execution,remote_code_execution,high,1097,0815f1c9a996d1824106,8e5e6479ba24e2c6ff44,False,Code Execution & Injection,cisa_tipo:remote code execution,alta,asignada,2022-01-10,fecha_fuente_no_verificada_como_incidente,registro_vulnerabilidad,microsoft,,winverifytrust function,microsoft,4,False
fortinet,fortios and fortiproxy,fortinet fortios and fortiproxy improper authorization,10/01/2022,medium,cisa,generic vulnerability,generic vulnerability,medium,1100,0a5f699320bceac35ca3,b143cc3e5cc4628c8fb7,False,"Identity, Access & Persistence",cisa_nombre:authentication|authorization|unauthorized access|privilege|credentials?|password|hard.coded|access control|permission|ownership|improper isolation|sandbox escape|session fixation|security feature bypass|protection mechanism|improper certificate|certificate validation|missing encryption|cryptographic|signature verification|integrity check|integrity verification|unprotected alternate channel|protection of alternate|spoofing|inadequate encryption strength|insecure direct object reference|dll side.loading|dll hijacking|uncontrolled search path,media,asignada,2022-01-10,fecha_fuente_no_verificada_como_incidente,registro_vulnerabilidad,fortinet,,fortios and fortiproxy,fortinet,2,False
exim,mail transfer agent (mta),exim mail transfer agent (mta) improper input validation,10/01/2022,medium,cisa,generic vulnerability,generic vulnerability,medium,1103,141ef2fe6ab731a00682,e70246b87feef7287ec3,False,Memory & Software Safety,cisa_nombre:buffer overflow|memory corruption|out.of.bounds|use.after.free|type confusion|double.free|heap.based|stack.based|integer overflow|integer underflow|race condition|time.of.check|arbitrary read and write|uninitialized (memory|variable)|improper input validation|improper validation|improper resource (shutdown|release)|null pointer|memory initialization|memory leak|format string|untrusted pointer dereference|double dereference|out.of.range pointer|record corruption|insufficient (input|data) validation|invalid input|data validation|detection of error condition,media,asignada,2022-01-10,fecha_fuente_no_verificada_como_incidente,registro_vulnerabilidad,exim,,mail transfer agent (mta),exim,2,False
vmware,vcenter server,vmware vcenter server improper access control,10/01/2022,medium,cisa,generic vulnerability,generic vulnerability,medium,1093,1b9bb52c300f8c0beb31,84d11ef52ec4c0dcd05d,False,"Identity, Access & Persistence",cisa_nombre:authentication|authorization|unauthorized access|privilege|credentials?|password|hard.coded|access control|permission|ownership|improper isolation|sandbox escape|session fixation|security feature bypass|protection mechanism|improper certificate|certificate validation|missing encryption|cryptographic|signature verification|integrity check|integrity verification|unprotected alternate channel|protection of alternate|spoofing|inadequate encryption strength|insecure direct object reference|dll side.loading|dll hijacking|uncontrolled search path,media,asignada,2022-01-10,fecha_fuente_no_verificada_como_incidente,registro_vulnerabilidad,vmware,,vcenter server,vmware,2,False
fatpipe,"warp, ipvpn, and mpvpn software","fatpipe warp, ipvpn, and mpvpn configuration upload exploit",10/01/2022,medium,cisa,generic vulnerability,generic vulnerability,medium,1107,1de1638c3b19b86748b9,0f34cfdd845c0ec4ef63,False,,texto_insuficiente,pendiente,requiere_revision,2022-01-10,fecha_fuente_no_verificada_como_incidente,registro_vulnerabilidad,fatpipe,,"warp, ipvpn, and mpvpn software",fatpipe,2,False
ibm,websphere application server and server hypervisor edition,ibm websphere application server and server hypervisor edition code injection,10/01/2022,high,cisa,injection,other_injection,high,1104,2d57f8dab60f3989c096,f316b4801a50cc95a24c,False,Code Execution & Injection,cisa_tipo:injection,alta,asignada,2022-01-10,fecha_fuente_no_verificada_como_incidente,registro_vulnerabilidad,ibm,,websphere application server and server hypervisor edition,ibm,4,False
elastic,kibana,kibana arbitrary code execution,10/01/2022,high,cisa,remote_code_execution,remote_code_execution,high,1106,2ec252821baa68d797da,9eb60054bef5cc28b508,False,Code Execution & Injection,cisa_tipo:remote code execution,alta,asignada,2022-01-10,fecha_fuente_no_verificada_como_incidente,registro_vulnerabilidad,elastic,,kibana,elastic,4,False
hikvision,security cameras web server,hikvision improper input validation,10/01/2022,medium,cisa,generic vulnerability,generic vulnerability,medium,1094,33f9ab34ade77a957959,90006eca07e418c13dc3,False,Memory & Software Safety,cisa_nombre:buffer overflow|memory corruption|out.of.bounds|use.after.free|type confusion|double.free|heap.based|stack.based|integer overflow|integer underflow|race condition|time.of.check|arbitrary read and write|uninitialized (memory|variable)|improper input validation|improper validation|improper resource (shutdown|release)|null pointer|memory initialization|memory leak|format string|untrusted pointer dereference|double dereference|out.of.range pointer|record corruption|insufficient (input|data) validation|invalid input|data validation|detection of error condition,media,asignada,2022-01-10,fecha_fuente_no_verificada_como_incidente,registro_vulnerabilidad,hikvision,,security cameras web server,hikvision,2,False
palo alto networks,pan-os,palo alto networks pan-os remote code execution vulnerability,10/01/2022,high,cisa,remote_code_execution,remote_code_execution,high,1102,4871a689876c5f7a29f5,ebc61561ad7a76ec87f1,False,Code Execution & Injection,cisa_tipo:remote code execution,alta,asignada,2022-01-10,fecha_fuente_no_verificada_como_incidente,registro_vulnerabilidad,palo alto networks,,pan-os,palo alto networks,4,False
microsoft,win32k,microsoft win32k privilege escalation vulnerability,10/01/2022,high,cisa,privilege escalation,privilege escalation,high,1096,6163d3cd65df9c91d094,8d34dc759203c076820a,False,"Identity, Access & Persistence",cisa_tipo:privilege escalation,alta,asignada,2022-01-10,fecha_fuente_no_verificada_como_incidente,registro_vulnerabilidad,microsoft,,win32k,microsoft,4,False
google,chrome media,google chrome media use-after-free vulnerability,10/01/2022,high,cisa,use-after-free,use-after-free,high,1095,7129d454f020bd7f3260,b8e9d7d6dafe3a859da2,False,Memory & Software Safety,cisa_tipo:use-after-free,alta,asignada,2022-01-10,fecha_fuente_no_verificada_como_incidente,registro_vulnerabilidad,google,,chrome media,google,4,False
fortinet,fortios and fortiproxy,fortinet fortios and fortiproxy out-of-bounds write,10/01/2022,high,cisa,out-of-bounds write,out-of-bounds write,high,1101,7c6f0fd01a289918ab2c,5ab0b7b30b3662068c39,False,Memory & Software Safety,cisa_tipo:out-of-bounds write,alta,asignada,2022-01-10,fecha_fuente_no_verificada_como_incidente,registro_vulnerabilidad,fortinet,,fortios and fortiproxy,fortinet,4,False
synacor,zimbra collaboration suite (zcs),synacor zimbra collaboration suite (zcs) improper restriction of xml external entity reference,10/01/2022,medium,cisa,xxe,xml_external_entity,medium,1099,96c372ce4e092db297e0,6a79bea5ab8e6ca5feb4,False,Code Execution & Injection,cisa_tipo:xxe,alta,asignada,2022-01-10,fecha_fuente_no_verificada_como_incidente,registro_vulnerabilidad,synacor,,zimbra collaboration suite (zcs),synacor,2,False
oracle,weblogic server,"oracle weblogic server, injection",10/01/2022,high,cisa,injection,other_injection,high,1098,a4b3a43209f15cec145a,9a5763f22d1484938022,False,Code Execution & Injection,cisa_tipo:injection,alta,asignada,2022-01-10,fecha_fuente_no_verificada_como_incidente,registro_vulnerabilidad,oracle,,weblogic server,oracle,4,False
primetek,primefaces application,primetek primefaces remote code execution vulnerability,10/01/2022,high,cisa,remote_code_execution,remote_code_execution,high,1105,daddc173a00ca76f744c,d514dbe3605d228a4745,False,Code Execution & Injection,cisa_tipo:remote code execution,alta,asignada,2022-01-10,fecha_fuente_no_verificada_como_incidente,registro_vulnerabilidad,primetek,,primefaces application,primetek,4,False
windows,,modify authentication process: reversible encryption,13/01/2022,medium/high,mitre,modify authentication process: reversible encryption,modify authentication process: reversible encryption,medium/high,1809,559882d7642d9636ffe7,5521696074b9cff9c6d4,False,"Identity, Access & Persistence",mitre_parent:modify authentication process,alta,asignada,2022-01-13,fecha_fuente_no_verificada_como_incidente,tecnica_mitre,,windows,__NO_INFORMADO__,windows,3,False
f5,big-ip traffic management microkernel,f5 big-ip traffic management microkernel buffer overflow,18/01/2022,high,cisa,memory corruption,memory corruption,high,1088,28b80a990634da009b48,b62345508b732061d5dd,False,Memory & Software Safety,cisa_tipo:memory corruption,alta,asignada,2022-01-18,fecha_fuente_no_verificada_como_incidente,registro_vulnerabilidad,f5,,big-ip traffic management microkernel,f5,4,False
oracle,intelligence enterprise edition,oracle business intelligence enterprise edition path transversal,18/01/2022,medium,cisa,generic vulnerability,generic vulnerability,medium,1089,3010e788030a9516f9fe,100d705689476eb5a065,False,Data Collection & Exfiltration,cisa_nombre:information disclosure|information leak|disclosure|exposure of|directory traversal|path traversal|path transversal|file inclusion|external control of file name|link following|improper link resolution|arbitrary file (read|download)|file download|file read|sensitive information,media,asignada,2022-01-18,fecha_fuente_no_verificada_como_incidente,registro_vulnerabilidad,oracle,,intelligence enterprise edition,oracle,2,False
microsoft,exchange server,microsoft exchange server information disclosure,18/01/2022,medium,cisa,authentication issues,authentication issues,medium,1085,49c623f11354128295c7,83cd92964a587156c15b,False,"Identity, Access & Persistence",cisa_tipo:authentication issues,alta,asignada,2022-01-18,fecha_fuente_no_verificada_como_incidente,registro_vulnerabilidad,microsoft,,exchange server,microsoft,2,False
npm package,system information library for node.js,system information library for node.js command injection,18/01/2022,high,cisa,injection,other_injection,high,1087,55ca4e7040f6f0f87643,ab1731b0e83806d3a15a,False,Code Execution & Injection,cisa_tipo:injection,alta,asignada,2022-01-18,fecha_fuente_no_verificada_como_incidente,registro_vulnerabilidad,npm package,,system information library for node.js,npm package,4,False
apache,airflow's experimental api,apache airflow's experimental api authentication bypass,18/01/2022,medium/high,cisa,authentication issues,authentication issues,medium/high,1092,57b9ec898636da8ac7a0,852de4c43e48186a4e94,False,"Identity, Access & Persistence",cisa_tipo:authentication issues,alta,asignada,2022-01-18,fecha_fuente_no_verificada_como_incidente,registro_vulnerabilidad,apache,,airflow's experimental api,apache,3,False
vmware,vrealize operations manager api,vmware server side request forgery in vrealize operations manager api,18/01/2022,medium,cisa,generic vulnerability,generic vulnerability,medium,1086,d02b75af6e117865367b,ed2f5a98968446499e34,False,Code Execution & Injection,cisa_nombre:code execution|command execution|code injection|command injection|sql injection|injection|deserialization|cross.site scripting|xss|file upload|upload of|file type upload|embedded malicious code|download of code|arbitrary code|improper neutralization|improper escaping|server.side request forgery|request smuggling|http request splitting,media,asignada,2022-01-18,fecha_fuente_no_verificada_como_incidente,registro_vulnerabilidad,vmware,,vrealize operations manager api,vmware,2,False
drupal,drupal core,drupal core un-restricted upload of file,18/01/2022,medium,cisa,generic vulnerability,generic vulnerability,medium,1090,d49f8cd27acb1330788e,3417ecd7c1ad6c06ed3c,False,Code Execution & Injection,cisa_nombre:code execution|command execution|code injection|command injection|sql injection|injection|deserialization|cross.site scripting|xss|file upload|upload of|file type upload|embedded malicious code|download of code|arbitrary code|improper neutralization|improper escaping|server.side request forgery|request smuggling|http request splitting,media,asignada,2022-01-18,fecha_fuente_no_verificada_como_incidente,registro_vulnerabilidad,drupal,,drupal core,drupal,2,False
october cms,october cms,october cms improper authentication,18/01/2022,medium,cisa,authentication issues,authentication issues,medium,1080,ef543084e8b6b9879996,49ba661e171b60f12102,False,"Identity, Access & Persistence",cisa_tipo:authentication issues,alta,asignada,2022-01-18,fecha_fuente_no_verificada_como_incidente,registro_vulnerabilidad,october cms,,october cms,october cms,2,False
apache,airflow,apache airflow command injection,18/01/2022,high,cisa,injection,other_injection,high,1091,f42383435a6413c2b90d,4f4183c8bef7a51d32b5,False,Code Execution & Injection,cisa_tipo:injection,alta,asignada,2022-01-18,fecha_fuente_no_verificada_como_incidente,registro_vulnerabilidad,apache,,airflow,apache,4,False
aviatrix,aviatrix controller,aviatrix controller unrestricted upload of file,18/01/2022,medium,cisa,generic vulnerability,generic vulnerability,medium,1084,f85b183a6c861de2946d,f25a9e20bb9639905637,False,Code Execution & Injection,cisa_nombre:code execution|command execution|code injection|command injection|sql injection|injection|deserialization|cross.site scripting|xss|file upload|upload of|file type upload|embedded malicious code|download of code|arbitrary code|improper neutralization|improper escaping|server.side request forgery|request smuggling|http request splitting,media,asignada,2022-01-18,fecha_fuente_no_verificada_como_incidente,registro_vulnerabilidad,aviatrix,,aviatrix controller,aviatrix,2,False
nagios,nagios xi,nagios xi os command injection,18/01/2022,high,cisa,injection,other_injection,high,1081,fac8b39f609eea5d919f,487a31a885024880a154,False,Code Execution & Injection,cisa_tipo:injection,alta,asignada,2022-01-18,fecha_fuente_no_verificada_como_incidente,registro_vulnerabilidad,nagios,,nagios xi,nagios,4,False
solarwinds,serv-u,solarwinds serv-u improper input validation vulnerability,21/01/2022,medium,cisa,generic vulnerability,generic vulnerability,medium,1079,55d9602bdbc483c60600,744287bc45f2c8a76358,False,Memory & Software Safety,cisa_nombre:buffer overflow|memory corruption|out.of.bounds|use.after.free|type confusion|double.free|heap.based|stack.based|integer overflow|integer underflow|race condition|time.of.check|arbitrary read and write|uninitialized (memory|variable)|improper input validation|improper validation|improper resource (shutdown|release)|null pointer|memory initialization|memory leak|format string|untrusted pointer dereference|double dereference|out.of.range pointer|record corruption|insufficient (input|data) validation|invalid input|data validation|detection of error condition,media,asignada,2022-01-21,fecha_fuente_no_verificada_como_incidente,registro_vulnerabilidad,solarwinds,,serv-u,solarwinds,2,False
apache,struts 2,apache struts 2 improper input validation vulnerability,21/01/2022,medium,cisa,generic vulnerability,generic vulnerability,medium,1077,97b4ae0db1649f3c53d2,52e20ab95c12c34706c6,False,Memory & Software Safety,cisa_nombre:buffer overflow|memory corruption|out.of.bounds|use.after.free|type confusion|double.free|heap.based|stack.based|integer overflow|integer underflow|race condition|time.of.check|arbitrary read and write|uninitialized (memory|variable)|improper input validation|improper validation|improper resource (shutdown|release)|null pointer|memory initialization|memory leak|format string|untrusted pointer dereference|double dereference|out.of.range pointer|record corruption|insufficient (input|data) validation|invalid input|data validation|detection of error condition,media,asignada,2022-01-21,fecha_fuente_no_verificada_como_incidente,registro_vulnerabilidad,apache,,struts 2,apache,2,False
apache,struts 1,apache struts 1 actionform denial-of-service vulnerability,21/01/2022,medium,cisa,unspecified,unspecified,medium,1076,caca8edb7f56b74ec2d0,be6e636eb7f0319241df,False,Impact & Availability,cisa_nombre:denial.of.service|resource exhaustion|infinite loop|uncontrolled resource consumption|data destruction|arbitrary file deletion,media,asignada,2022-01-21,fecha_fuente_no_verificada_como_incidente,registro_vulnerabilidad,apache,,struts 1,apache,2,False
microsoft,win32k,microsoft win32k privilege escalation vulnerability,21/01/2022,high,cisa,privilege escalation,privilege escalation,high,1078,ef3c8cf457e507b47106,8d34dc759203c076820a,False,"Identity, Access & Persistence",cisa_tipo:privilege escalation,alta,asignada,2022-01-21,fecha_fuente_no_verificada_como_incidente,registro_vulnerabilidad,microsoft,,win32k,microsoft,4,False
sonicwall,sma 100 appliances,sonicwall sma 100 appliances stack-based buffer overflow vulnerability,28/01/2022,high,cisa,memory_corruption,buffer_overflow,high,1069,1865e39a86c78f58398d,5b6d43f6a9bec238fe3f,False,Memory & Software Safety,cisa_tipo:memory corruption,alta,asignada,2022-01-28,fecha_fuente_no_verificada_como_incidente,registro_vulnerabilidad,sonicwall,,sma 100 appliances,sonicwall,4,False
intel,"active management technology (amt), small business technology (sbt), and standard manageability","intel active management technology (amt), small business technology (sbt), and standard manageability privilege escalation vulnerability",28/01/2022,high,cisa,privilege escalation,privilege escalation,high,1072,6a9ddd0bbb74c24b0a5b,d245d35253ba7fa13007,False,"Identity, Access & Persistence",cisa_tipo:privilege escalation,alta,asignada,2022-01-28,fecha_fuente_no_verificada_como_incidente,registro_vulnerabilidad,intel,,"active management technology (amt), small business technology (sbt), and standard manageability",intel,4,False
apple,ios and macos,apple memory corruption vulnerability,28/01/2022,high,cisa,out-of-bounds write,out-of-bounds write,high,1068,6e8497399e6dbdf3e778,4a272dff5e5c90ade4be,False,Memory & Software Safety,cisa_tipo:out-of-bounds write,alta,asignada,2022-01-28,fecha_fuente_no_verificada_como_incidente,registro_vulnerabilidad,apple,,ios and macos,apple,4,False
microsoft,windows,microsoft windows background intelligent transfer service (bits) improper privilege management vulnerability,28/01/2022,medium,cisa,generic vulnerability,generic vulnerability,medium,1071,a3fafa3d6254513fe925,da9d3400c68ba3bbc827,False,"Identity, Access & Persistence",cisa_nombre:authentication|authorization|unauthorized access|privilege|credentials?|password|hard.coded|access control|permission|ownership|improper isolation|sandbox escape|session fixation|security feature bypass|protection mechanism|improper certificate|certificate validation|missing encryption|cryptographic|signature verification|integrity check|integrity verification|unprotected alternate channel|protection of alternate|spoofing|inadequate encryption strength|insecure direct object reference|dll side.loading|dll hijacking|uncontrolled search path,media,asignada,2022-01-28,fecha_fuente_no_verificada_como_incidente,registro_vulnerabilidad,microsoft,,windows,microsoft,2,False
gnu,bourne-again shell (bash),gnu bourne-again shell (bash) arbitrary code execution vulnerability,28/01/2022,high,cisa,remote_code_execution,remote_code_execution,high,1074,adbd75aabdc918b3400c,3d1208050246e84ac153,False,Code Execution & Injection,cisa_tipo:remote code execution,alta,asignada,2022-01-28,fecha_fuente_no_verificada_como_incidente,registro_vulnerabilidad,gnu,,bourne-again shell (bash),gnu,4,False
grandstream,ucm6200,grandstream networks ucm6200 series sql injection vulnerability,28/01/2022,high,cisa,injection,other_injection,high,1070,b200a1df78240d975296,97d17941c4f1dae1b9ed,False,Code Execution & Injection,cisa_tipo:injection,alta,asignada,2022-01-28,fecha_fuente_no_verificada_como_incidente,registro_vulnerabilidad,grandstream,,ucm6200,grandstream,4,False
microsoft,internet explorer,microsoft internet explorer memory corruption vulnerability,28/01/2022,high,cisa,use-after-free,use-after-free,high,1073,be5e7ef747ec3118a240,b490036b53f509dfe8ff,False,Memory & Software Safety,cisa_tipo:use-after-free,alta,asignada,2022-01-28,fecha_fuente_no_verificada_como_incidente,registro_vulnerabilidad,microsoft,,internet explorer,microsoft,4,False
microsoft,win32k,microsoft win32k privilege escalation vulnerability,04/02/2022,high,cisa,out-of-bounds write,out-of-bounds write,high,1067,cc034cf9cc136eacdc24,8d34dc759203c076820a,False,Memory & Software Safety,cisa_tipo:out-of-bounds write,alta,asignada,2022-02-04,fecha_fuente_no_verificada_como_incidente,registro_vulnerabilidad,microsoft,,win32k,microsoft,4,False
apple,os x,apple os x authentication bypass vulnerability,10/02/2022,medium/high,cisa,authentication issues,authentication issues,medium/high,1065,0c243ef8871bf269afe0,29c069262db8c64208c5,False,"Identity, Access & Persistence",cisa_tipo:authentication issues,alta,asignada,2022-02-10,fecha_fuente_no_verificada_como_incidente,registro_vulnerabilidad,apple,,os x,apple,3,False
apache,activemq,apache activemq improper input validation vulnerability,10/02/2022,medium,cisa,generic vulnerability,generic vulnerability,medium,1062,11ef60065087b0f90fd5,9992dd7581be79990074,False,Memory & Software Safety,cisa_nombre:buffer overflow|memory corruption|out.of.bounds|use.after.free|type confusion|double.free|heap.based|stack.based|integer overflow|integer underflow|race condition|time.of.check|arbitrary read and write|uninitialized (memory|variable)|improper input validation|improper validation|improper resource (shutdown|release)|null pointer|memory initialization|memory leak|format string|untrusted pointer dereference|double dereference|out.of.range pointer|record corruption|insufficient (input|data) validation|invalid input|data validation|detection of error condition,media,asignada,2022-02-10,fecha_fuente_no_verificada_como_incidente,registro_vulnerabilidad,apache,,activemq,apache,2,False
d-link,dir-645 router,d-link dir-645 router remote code execution vulnerability,10/02/2022,high,cisa,remote_code_execution,remote_code_execution,high,1063,334e85283bbbda2ab41b,2658d95129cd8359b13d,False,Code Execution & Injection,cisa_tipo:remote code execution,alta,asignada,2022-02-10,fecha_fuente_no_verificada_como_incidente,registro_vulnerabilidad,d-link,,dir-645 router,d-link,4,False
microsoft,smbv3,microsoft smbv3 remote code execution vulnerability,10/02/2022,high,cisa,memory corruption,memory corruption,high,1053,5f0ed1e598a67a0adae3,a598a106a025f4348136,False,Memory & Software Safety,cisa_tipo:memory corruption,alta,asignada,2022-02-10,fecha_fuente_no_verificada_como_incidente,registro_vulnerabilidad,microsoft,,smbv3,microsoft,4,False
microsoft,smbv1,microsoft smbv1 remote code execution vulnerability,10/02/2022,high,cisa,remote_code_execution,remote_code_execution,high,1060,74131774b3535131aa40,2d36d46753569ed57268,False,Code Execution & Injection,cisa_tipo:remote code execution,alta,asignada,2022-02-10,fecha_fuente_no_verificada_como_incidente,registro_vulnerabilidad,microsoft,,smbv1,microsoft,4,False
apple,os x,apple os x heap-based buffer overflow vulnerability,10/02/2022,high,cisa,memory corruption,memory corruption,high,1066,79a85b4ff3387abf699e,8698a47139204659e287,False,Memory & Software Safety,cisa_tipo:memory corruption,alta,asignada,2022-02-10,fecha_fuente_no_verificada_como_incidente,registro_vulnerabilidad,apple,,os x,apple,4,False
oracle,weblogic server,oracle corporation weblogic server remote code execution vulnerability,10/02/2022,high,cisa,remote_code_execution,remote_code_execution,high,1057,7d62d0dc5991864e1ad2,28475b3525ba67c8ca63,False,Code Execution & Injection,cisa_tipo:remote code execution,alta,asignada,2022-02-10,fecha_fuente_no_verificada_como_incidente,registro_vulnerabilidad,oracle,,weblogic server,oracle,4,False
apache,struts 1,apache struts 1 improper input validation vulnerability,10/02/2022,medium,cisa,generic vulnerability,generic vulnerability,medium,1055,982c609301dfbd5859fa,9d259d1c94cc67649938,False,Memory & Software Safety,cisa_nombre:buffer overflow|memory corruption|out.of.bounds|use.after.free|type confusion|double.free|heap.based|stack.based|integer overflow|integer underflow|race condition|time.of.check|arbitrary read and write|uninitialized (memory|variable)|improper input validation|improper validation|improper resource (shutdown|release)|null pointer|memory initialization|memory leak|format string|untrusted pointer dereference|double dereference|out.of.range pointer|record corruption|insufficient (input|data) validation|invalid input|data validation|detection of error condition,media,asignada,2022-02-10,fecha_fuente_no_verificada_como_incidente,registro_vulnerabilidad,apache,,struts 1,apache,2,False
microsoft,windows,microsoft windows shell (.lnk) remote code execution vulnerability,10/02/2022,high,cisa,remote_code_execution,remote_code_execution,high,1056,bb3d1d33542cdd6c37f2,5ae0b179871bb9f575c5,False,Code Execution & Injection,cisa_tipo:remote code execution,alta,asignada,2022-02-10,fecha_fuente_no_verificada_como_incidente,registro_vulnerabilidad,microsoft,,windows,microsoft,4,False
microsoft,windows,microsoft windows sam local privilege escalation vulnerability,10/02/2022,high,cisa,privilege escalation,privilege escalation,high,1052,c542a059940ae5c5f890,e841141fb1de9da9bc70,False,"Identity, Access & Persistence",cisa_tipo:privilege escalation,alta,asignada,2022-02-10,fecha_fuente_no_verificada_como_incidente,registro_vulnerabilidad,microsoft,,windows,microsoft,4,False
jenkins,jenkins stapler web framework,jenkins stapler web framework deserialization of untrusted data vulnerability,10/02/2022,high,cisa,insecure_deserialization,insecure_deserialization,high,1054,cd27c539e7a94a23e8ec,acfa48cb3a721a9217b5,False,Code Execution & Injection,cisa_tipo:insecure deserialization,alta,asignada,2022-02-10,fecha_fuente_no_verificada_como_incidente,registro_vulnerabilidad,jenkins,,jenkins stapler web framework,jenkins,4,False
microsoft,http.sys,microsoft http.sys remote code execution vulnerability,10/02/2022,high,cisa,remote_code_execution,remote_code_execution,high,1064,d39d80ec674ac8f6f84d,8f54b5179778ff1dc817,False,Code Execution & Injection,cisa_tipo:remote code execution,alta,asignada,2022-02-10,fecha_fuente_no_verificada_como_incidente,registro_vulnerabilidad,microsoft,,http.sys,microsoft,4,False
microsoft,office,microsoft office remote code execution vulnerability,10/02/2022,high,cisa,remote_code_execution,remote_code_execution,high,1059,da00b558b8caaf01c3d8,5c6a48b72e1ef052457d,False,Code Execution & Injection,cisa_tipo:remote code execution,alta,asignada,2022-02-10,fecha_fuente_no_verificada_como_incidente,registro_vulnerabilidad,microsoft,,office,microsoft,4,False
microsoft,win32k,microsoft win32k privilege escalation vulnerability,10/02/2022,high,cisa,use-after-free,use-after-free,high,1058,fe8c6a2b1f805da25a21,8d34dc759203c076820a,False,Memory & Software Safety,cisa_tipo:use-after-free,alta,asignada,2022-02-10,fecha_fuente_no_verificada_como_incidente,registro_vulnerabilidad,microsoft,,win32k,microsoft,4,False
apple,"ios, ipados, and macos","apple ios, ipados, and macos webkit use-after-free vulnerability",11/02/2022,high,cisa,use-after-free,use-after-free,high,1051,7dfb2fd409662526646d,e4b9d5d209c430edf07c,False,Memory & Software Safety,cisa_tipo:use-after-free,alta,asignada,2022-02-11,fecha_fuente_no_verificada_como_incidente,registro_vulnerabilidad,apple,,"ios, ipados, and macos",apple,4,False
adobe,commerce and magento open source,adobe commerce and magento open source improper input validation vulnerability,15/02/2022,high,cisa,remote_code_execution,remote_code_execution,high,1042,056cf1470fa006f9950a,c5e09a7c7a26087c0192,False,Code Execution & Injection,cisa_tipo:remote code execution,alta,asignada,2022-02-15,fecha_fuente_no_verificada_como_incidente,registro_vulnerabilidad,adobe,,commerce and magento open source,adobe,4,False
microsoft,windows,microsoft windows vbscript engine out-of-bounds write vulnerability,15/02/2022,high,cisa,out-of-bounds write,out-of-bounds write,high,1045,55b38438593b294adc3b,499a78ecb646234d8cc6,False,Memory & Software Safety,cisa_tipo:out-of-bounds write,alta,asignada,2022-02-15,fecha_fuente_no_verificada_como_incidente,registro_vulnerabilidad,microsoft,,windows,microsoft,4,False
rarlab,winrar,winrar absolute path traversal vulnerability,15/02/2022,high,cisa,path_traversal,path_traversal,high,1046,62a91220c08ca10c39cc,1af30a85a264bfefac9b,False,Data Collection & Exfiltration,cisa_tipo:path traversal,alta,asignada,2022-02-15,fecha_fuente_no_verificada_como_incidente,registro_vulnerabilidad,rarlab,,winrar,rarlab,4,False
microsoft,internet explorer,microsoft internet explorer type confusion vulnerability,15/02/2022,high,cisa,type confusion,type confusion,high,1044,a4ab741c9d1bd8e8d643,72eb01a31665469c6409,False,Memory & Software Safety,cisa_tipo:type confusion,alta,asignada,2022-02-15,fecha_fuente_no_verificada_como_incidente,registro_vulnerabilidad,microsoft,,internet explorer,microsoft,4,False
phpunit,phpunit,phpunit command injection vulnerability,15/02/2022,high,cisa,injection,other_injection,high,1048,b401f740e6b0c99fb11a,968e9462ed8443e6184d,False,Code Execution & Injection,cisa_tipo:injection,alta,asignada,2022-02-15,fecha_fuente_no_verificada_como_incidente,registro_vulnerabilidad,phpunit,,phpunit,phpunit,4,False
microsoft,graphics component,microsoft graphics component memory corruption vulnerability,15/02/2022,medium,cisa,generic vulnerability,generic vulnerability,medium,1050,b4624fb19d3cee3e32b5,6c53d490a8778919cbea,False,Memory & Software Safety,cisa_nombre:buffer overflow|memory corruption|out.of.bounds|use.after.free|type confusion|double.free|heap.based|stack.based|integer overflow|integer underflow|race condition|time.of.check|arbitrary read and write|uninitialized (memory|variable)|improper input validation|improper validation|improper resource (shutdown|release)|null pointer|memory initialization|memory leak|format string|untrusted pointer dereference|double dereference|out.of.range pointer|record corruption|insufficient (input|data) validation|invalid input|data validation|detection of error condition,media,asignada,2022-02-15,fecha_fuente_no_verificada_como_incidente,registro_vulnerabilidad,microsoft,,graphics component,microsoft,2,False
adobe,flash player,adobe flash player use-after-free vulnerability,15/02/2022,high,cisa,use-after-free,use-after-free,high,1047,c9b89eb8977f4121e2af,26c8626d53ff017a0670,False,Memory & Software Safety,cisa_tipo:use-after-free,alta,asignada,2022-02-15,fecha_fuente_no_verificada_como_incidente,registro_vulnerabilidad,adobe,,flash player,adobe,4,False
google,chromium animation,google chromium animation use-after-free vulnerability,15/02/2022,high,cisa,use-after-free,use-after-free,high,1043,f4416ee380307a760270,1ac305b87d1b13fe0e42,False,Memory & Software Safety,cisa_tipo:use-after-free,alta,asignada,2022-02-15,fecha_fuente_no_verificada_como_incidente,registro_vulnerabilidad,google,,chromium animation,google,4,False
microsoft,word,microsoft word memory corruption vulnerability,15/02/2022,high,cisa,memory corruption,memory corruption,high,1049,fc41bc9ccdc4738ee770,4a37e38958347a538c90,False,Memory & Software Safety,cisa_tipo:memory corruption,alta,asignada,2022-02-15,fecha_fuente_no_verificada_como_incidente,registro_vulnerabilidad,microsoft,,word,microsoft,4,False
zabbix,frontend,zabbix frontend improper access control vulnerability,22/02/2022,medium,cisa,generic vulnerability,generic vulnerability,medium,1041,7facae952c7b5c9c20dc,1d58b90ead179bbd04ef,False,"Identity, Access & Persistence",cisa_nombre:authentication|authorization|unauthorized access|privilege|credentials?|password|hard.coded|access control|permission|ownership|improper isolation|sandbox escape|session fixation|security feature bypass|protection mechanism|improper certificate|certificate validation|missing encryption|cryptographic|signature verification|integrity check|integrity verification|unprotected alternate channel|protection of alternate|spoofing|inadequate encryption strength|insecure direct object reference|dll side.loading|dll hijacking|uncontrolled search path,media,asignada,2022-02-22,fecha_fuente_no_verificada_como_incidente,registro_vulnerabilidad,zabbix,,frontend,zabbix,2,False
zabbix,frontend,zabbix frontend authentication bypass vulnerability,22/02/2022,medium/high,cisa,authentication issues,authentication issues,medium/high,1040,b522c4b580f0978bc611,de66a0d4ec4cae212c50,False,"Identity, Access & Persistence",cisa_tipo:authentication issues,alta,asignada,2022-02-22,fecha_fuente_no_verificada_como_incidente,registro_vulnerabilidad,zabbix,,frontend,zabbix,3,False
microsoft,windows,microsoft windows code injection vulnerability,25/02/2022,high,cisa,injection,other_injection,high,1039,1e10d3199557b805e486,9bc061070b13794f8deb,False,Code Execution & Injection,cisa_tipo:injection,alta,asignada,2022-02-25,fecha_fuente_no_verificada_como_incidente,registro_vulnerabilidad,microsoft,,windows,microsoft,4,False
microsoft,office,microsoft office remote code execution vulnerability,25/02/2022,high,cisa,remote_code_execution,remote_code_execution,high,1037,2667811ce7a349afffcb,5c6a48b72e1ef052457d,False,Code Execution & Injection,cisa_tipo:remote code execution,alta,asignada,2022-02-25,fecha_fuente_no_verificada_como_incidente,registro_vulnerabilidad,microsoft,,office,microsoft,4,False
synacor,zimbra collaborate suite (zcs),synacor zimbra collaborate suite (zcs) cross-site scripting vulnerability,25/02/2022,medium,cisa,xss,cross_site_scripting,medium,1036,5488331102bb63b0ac7f,8c4ecd7e3dab6ca86e12,False,Code Execution & Injection,cisa_tipo:xss,alta,asignada,2022-02-25,fecha_fuente_no_verificada_como_incidente,registro_vulnerabilidad,synacor,,zimbra collaborate suite (zcs),synacor,2,False
windows,,hijack execution flow: kernelcallbacktable,25/02/2022,medium/high,mitre,hijack execution flow: kernelcallbacktable,hijack execution flow: kernelcallbacktable,medium/high,1741,740f6821b9fcb7131a33,21228f876b80bc87ff3f,False,"Identity, Access & Persistence",mitre_parent:hijack execution flow,alta,asignada,2022-02-25,fecha_fuente_no_verificada_como_incidente,tecnica_mitre,,windows,__NO_INFORMADO__,windows,3,False
microsoft,internet explorer,microsoft internet explorer remote code execution vulnerability,25/02/2022,high,cisa,memory corruption,memory corruption,high,1038,dc6d7aae0dc43406b67a,d6cc85631b6c2f5dbaed,False,Memory & Software Safety,cisa_tipo:memory corruption,alta,asignada,2022-02-25,fecha_fuente_no_verificada_como_incidente,registro_vulnerabilidad,microsoft,,internet explorer,microsoft,4,False
siemens,simatic cp,siemens simatic cp 1543-1 improper privilege management vulnerability,03/03/2022,medium,cisa,generic vulnerability,generic vulnerability,medium,991,0363cc11d673bd5017c1,151e7bc3986a2f09c692,False,"Identity, Access & Persistence",cisa_nombre:authentication|authorization|unauthorized access|privilege|credentials?|password|hard.coded|access control|permission|ownership|improper isolation|sandbox escape|session fixation|security feature bypass|protection mechanism|improper certificate|certificate validation|missing encryption|cryptographic|signature verification|integrity check|integrity verification|unprotected alternate channel|protection of alternate|spoofing|inadequate encryption strength|insecure direct object reference|dll side.loading|dll hijacking|uncontrolled search path,media,asignada,2022-03-03,fecha_fuente_no_verificada_como_incidente,registro_vulnerabilidad,siemens,,simatic cp,siemens,2,False
microsoft,office,microsoft office use-after-free vulnerability,03/03/2022,high,cisa,use-after-free,use-after-free,high,989,0744d6b6f206583c90f6,a440f7682847e783df9c,False,Memory & Software Safety,cisa_tipo:use-after-free,alta,asignada,2022-03-03,fecha_fuente_no_verificada_como_incidente,registro_vulnerabilidad,microsoft,,office,microsoft,4,False
cisco,ios software and cisco ios xe software,cisco ios and xe software internet key exchange memory leak vulnerability,03/03/2022,medium,cisa,generic vulnerability,generic vulnerability,medium,963,1246022c46447bcd6531,68d4ec50251f37679c24,False,Memory & Software Safety,cisa_nombre:buffer overflow|memory corruption|out.of.bounds|use.after.free|type confusion|double.free|heap.based|stack.based|integer overflow|integer underflow|race condition|time.of.check|arbitrary read and write|uninitialized (memory|variable)|improper input validation|improper validation|improper resource (shutdown|release)|null pointer|memory initialization|memory leak|format string|untrusted pointer dereference|double dereference|out.of.range pointer|record corruption|insufficient (input|data) validation|invalid input|data validation|detection of error condition,media,asignada,2022-03-03,fecha_fuente_no_verificada_como_incidente,registro_vulnerabilidad,cisco,,ios software and cisco ios xe software,cisco,2,False
microsoft,windows,microsoft windows object linking & embedding (ole) remote code execution vulnerability,03/03/2022,high,cisa,remote_code_execution,remote_code_execution,high,1009,15a6dc5a816ea2517293,aaee9b830eb956d79670,False,Code Execution & Injection,cisa_tipo:remote code execution,alta,asignada,2022-03-03,fecha_fuente_no_verificada_como_incidente,registro_vulnerabilidad,microsoft,,windows,microsoft,4,False
cisco,small business rv320 and rv325 dual gigabit wan vpn routers,cisco small business routers improper input validation vulnerability,03/03/2022,medium,cisa,generic vulnerability,generic vulnerability,medium,950,15b647b11c6b1e04f2af,461a9d8f1334dd3e29d9,False,Memory & Software Safety,cisa_nombre:buffer overflow|memory corruption|out.of.bounds|use.after.free|type confusion|double.free|heap.based|stack.based|integer overflow|integer underflow|race condition|time.of.check|arbitrary read and write|uninitialized (memory|variable)|improper input validation|improper validation|improper resource (shutdown|release)|null pointer|memory initialization|memory leak|format string|untrusted pointer dereference|double dereference|out.of.range pointer|record corruption|insufficient (input|data) validation|invalid input|data validation|detection of error condition,media,asignada,2022-03-03,fecha_fuente_no_verificada_como_incidente,registro_vulnerabilidad,cisco,,small business rv320 and rv325 dual gigabit wan vpn routers,cisco,2,False
adobe,reader and acrobat,adobe reader and acrobat memory corruption vulnerability,03/03/2022,high,cisa,memory corruption,memory corruption,high,1013,18322a3486824b65dab9,48b045df330030c20377,False,Memory & Software Safety,cisa_tipo:memory corruption,alta,asignada,2022-03-03,fecha_fuente_no_verificada_como_incidente,registro_vulnerabilidad,adobe,,reader and acrobat,adobe,4,False
chakracore,chakracore scripting engine,chakracore scripting engine type confusion vulnerability,03/03/2022,high,cisa,type confusion,type confusion,high,953,19f3fa5d3ea622b814e3,b31138ddfab04104d56d,False,Memory & Software Safety,cisa_tipo:type confusion,alta,asignada,2022-03-03,fecha_fuente_no_verificada_como_incidente,registro_vulnerabilidad,chakracore,,chakracore scripting engine,chakracore,4,False
cisco,ios xe software,cisco ios xe software ethernet virtual private network border gateway protocol denial-of-service vulnerability,03/03/2022,medium,cisa,generic vulnerability,generic vulnerability,medium,978,211ea5ab5b8aafe7eec6,5f6630f12fec479df701,False,Impact & Availability,cisa_nombre:denial.of.service|resource exhaustion|infinite loop|uncontrolled resource consumption|data destruction|arbitrary file deletion,media,asignada,2022-03-03,fecha_fuente_no_verificada_como_incidente,registro_vulnerabilidad,cisco,,ios xe software,cisco,2,False
adobe,reader and acrobat,adobe reader and acrobat arbitrary code execution vulnerability,03/03/2022,high,cisa,remote_code_execution,remote_code_execution,high,1029,2ab92e3054ca52fdf596,900f41dce30e5e7b643c,False,Code Execution & Injection,cisa_tipo:remote code execution,alta,asignada,2022-03-03,fecha_fuente_no_verificada_como_incidente,registro_vulnerabilidad,adobe,,reader and acrobat,adobe,4,False
microsoft,windows,microsoft windows secondary logon service privilege escalation vulnerability,03/03/2022,high,cisa,privilege escalation,privilege escalation,high,998,2b1c043c382d38ff28b5,6c94f3d88276b54d17cf,False,"Identity, Access & Persistence",cisa_tipo:privilege escalation,alta,asignada,2022-03-03,fecha_fuente_no_verificada_como_incidente,registro_vulnerabilidad,microsoft,,windows,microsoft,4,False
cisco,ios software,cisco ios software denial-of-service vulnerability,03/03/2022,medium,cisa,generic vulnerability,generic vulnerability,medium,954,2dd599abf354a39fb210,af3c45dd02e126fcbc31,False,Impact & Availability,cisa_nombre:denial.of.service|resource exhaustion|infinite loop|uncontrolled resource consumption|data destruction|arbitrary file deletion,media,asignada,2022-03-03,fecha_fuente_no_verificada_como_incidente,registro_vulnerabilidad,cisco,,ios software,cisco,2,False
oracle,virtualbox,oracle virtualbox insufficient input validation vulnerability,03/03/2022,medium,cisa,generic vulnerability,generic vulnerability,medium,1032,2eb5d810ac800845e5c3,8cc0c00e126682fe7ff4,False,Memory & Software Safety,cisa_nombre:buffer overflow|memory corruption|out.of.bounds|use.after.free|type confusion|double.free|heap.based|stack.based|integer overflow|integer underflow|race condition|time.of.check|arbitrary read and write|uninitialized (memory|variable)|improper input validation|improper validation|improper resource (shutdown|release)|null pointer|memory initialization|memory leak|format string|untrusted pointer dereference|double dereference|out.of.range pointer|record corruption|insufficient (input|data) validation|invalid input|data validation|detection of error condition,media,asignada,2022-03-03,fecha_fuente_no_verificada_como_incidente,registro_vulnerabilidad,oracle,,virtualbox,oracle,2,False
cisco,ios software,cisco ios software common industrial protocol request denial-of-service vulnerability,03/03/2022,medium,cisa,generic vulnerability,generic vulnerability,medium,983,3e15e9a50cabf70aa09d,48442b0877b42646570f,False,Impact & Availability,cisa_nombre:denial.of.service|resource exhaustion|infinite loop|uncontrolled resource consumption|data destruction|arbitrary file deletion,media,asignada,2022-03-03,fecha_fuente_no_verificada_como_incidente,registro_vulnerabilidad,cisco,,ios software,cisco,2,False
microsoft,win32k,microsoft win32k privilege escalation vulnerability,03/03/2022,high,cisa,privilege escalation,privilege escalation,high,1007,4615cf105e8ced567eb9,8d34dc759203c076820a,False,"Identity, Access & Persistence",cisa_tipo:privilege escalation,alta,asignada,2022-03-03,fecha_fuente_no_verificada_como_incidente,registro_vulnerabilidad,microsoft,,win32k,microsoft,4,False
microsoft,office,microsoft office stack-based buffer overflow vulnerability,03/03/2022,high,cisa,memory corruption,memory corruption,high,1027,465b598e00751fe8d9f2,cb22ce2fb33105ae2702,False,Memory & Software Safety,cisa_tipo:memory corruption,alta,asignada,2022-03-03,fecha_fuente_no_verificada_como_incidente,registro_vulnerabilidad,microsoft,,office,microsoft,4,False
treck tcp/ip stack,ipv6,treck tcp/ip stack out-of-bounds read vulnerability,03/03/2022,medium,cisa,generic vulnerability,generic vulnerability,medium,948,468d769787376a4621a9,512939fdaadaf6dc530b,False,Memory & Software Safety,cisa_nombre:buffer overflow|memory corruption|out.of.bounds|use.after.free|type confusion|double.free|heap.based|stack.based|integer overflow|integer underflow|race condition|time.of.check|arbitrary read and write|uninitialized (memory|variable)|improper input validation|improper validation|improper resource (shutdown|release)|null pointer|memory initialization|memory leak|format string|untrusted pointer dereference|double dereference|out.of.range pointer|record corruption|insufficient (input|data) validation|invalid input|data validation|detection of error condition,media,asignada,2022-03-03,fecha_fuente_no_verificada_como_incidente,registro_vulnerabilidad,treck tcp/ip stack,,ipv6,treck tcp/ip stack,2,False
cisco,ios software,cisco ios software for cisco integrated services routers denial-of-service vulnerability,03/03/2022,medium,cisa,generic vulnerability,generic vulnerability,medium,985,488752ac8f1bb138e4da,1fa9b736187ed290e0e0,False,Impact & Availability,cisa_nombre:denial.of.service|resource exhaustion|infinite loop|uncontrolled resource consumption|data destruction|arbitrary file deletion,media,asignada,2022-03-03,fecha_fuente_no_verificada_como_incidente,registro_vulnerabilidad,cisco,,ios software,cisco,2,False
microsoft,excel,microsoft excel remote code execution vulnerability,03/03/2022,high,cisa,remote_code_execution,remote_code_execution,high,951,4ba62096aa945fd0ebb9,aa57e1ca6d5dc7580d34,False,Code Execution & Injection,cisa_tipo:remote code execution,alta,asignada,2022-03-03,fecha_fuente_no_verificada_como_incidente,registro_vulnerabilidad,microsoft,,excel,microsoft,4,False
microsoft,powerpoint,microsoft powerpoint memory corruption vulnerability,03/03/2022,high,cisa,memory corruption,memory corruption,high,1005,4c648abdb42de42fba38,5d7ecd31bfbf02fbfc76,False,Memory & Software Safety,cisa_tipo:memory corruption,alta,asignada,2022-03-03,fecha_fuente_no_verificada_como_incidente,registro_vulnerabilidad,microsoft,,powerpoint,microsoft,4,False
microsoft,malware protection engine,microsoft malware protection engine improper restriction of operations vulnerability,03/03/2022,high,cisa,memory corruption,memory corruption,high,968,4d4a539826d95b32aab5,54e85eb01be68356d370,False,Memory & Software Safety,cisa_tipo:memory corruption,alta,asignada,2022-03-03,fecha_fuente_no_verificada_como_incidente,registro_vulnerabilidad,microsoft,,malware protection engine,microsoft,4,False
microsoft,excel,microsoft excel featheader record memory corruption vulnerability,03/03/2022,medium,cisa,generic vulnerability,generic vulnerability,medium,1030,516eabb35a93d1269dbd,42f96c78d09d37980257,False,Memory & Software Safety,cisa_nombre:buffer overflow|memory corruption|out.of.bounds|use.after.free|type confusion|double.free|heap.based|stack.based|integer overflow|integer underflow|race condition|time.of.check|arbitrary read and write|uninitialized (memory|variable)|improper input validation|improper validation|improper resource (shutdown|release)|null pointer|memory initialization|memory leak|format string|untrusted pointer dereference|double dereference|out.of.range pointer|record corruption|insufficient (input|data) validation|invalid input|data validation|detection of error condition,media,asignada,2022-03-03,fecha_fuente_no_verificada_como_incidente,registro_vulnerabilidad,microsoft,,excel,microsoft,2,False
adobe,reader and acrobat,adobe reader and acrobat memory corruption vulnerability,03/03/2022,high,cisa,out-of-bounds write,out-of-bounds write,high,1017,54a95a69aded6839c4de,48b045df330030c20377,False,Memory & Software Safety,cisa_tipo:out-of-bounds write,alta,asignada,2022-03-03,fecha_fuente_no_verificada_como_incidente,registro_vulnerabilidad,adobe,,reader and acrobat,adobe,4,False
adobe,flash player,adobe flash player use-after-free vulnerability,03/03/2022,high,cisa,use-after-free,use-after-free,high,992,5759f988d0bc152c8034,26c8626d53ff017a0670,False,Memory & Software Safety,cisa_tipo:use-after-free,alta,asignada,2022-03-03,fecha_fuente_no_verificada_como_incidente,registro_vulnerabilidad,adobe,,flash player,adobe,4,False
oracle,java se jdk and jre,oracle java se runtime environment (jre) arbitrary code execution vulnerability,03/03/2022,high,cisa,remote_code_execution,remote_code_execution,high,1024,58892da25138f65766c3,46fef6b6c867996b2ac0,False,Code Execution & Injection,cisa_tipo:remote code execution,alta,asignada,2022-03-03,fecha_fuente_no_verificada_como_incidente,registro_vulnerabilidad,oracle,,java se jdk and jre,oracle,4,False
cisco,ios software,cisco ios software network address translation denial-of-service vulnerability,03/03/2022,medium,cisa,generic vulnerability,generic vulnerability,medium,986,5b2a8b03ec4b301e4903,b4ffc63dd7903e8df12e,False,Impact & Availability,cisa_nombre:denial.of.service|resource exhaustion|infinite loop|uncontrolled resource consumption|data destruction|arbitrary file deletion,media,asignada,2022-03-03,fecha_fuente_no_verificada_como_incidente,registro_vulnerabilidad,cisco,,ios software,cisco,2,False
oracle,java se,oracle java se and java se embedded remote code execution vulnerability,03/03/2022,high,cisa,remote_code_execution,remote_code_execution,high,1003,68d1ff81abb55206474c,588f73dfe1fa571444fd,False,Code Execution & Injection,cisa_tipo:remote code execution,alta,asignada,2022-03-03,fecha_fuente_no_verificada_como_incidente,registro_vulnerabilidad,oracle,,java se,oracle,4,False
cisco,ios and ios xe software,cisco ios software and cisco ios xe software udp packet processing denial-of-service vulnerability,03/03/2022,medium,cisa,generic vulnerability,generic vulnerability,medium,977,6c8037d700f3b26f9dad,12eaed4752a77b559085,False,Impact & Availability,cisa_nombre:denial.of.service|resource exhaustion|infinite loop|uncontrolled resource consumption|data destruction|arbitrary file deletion,media,asignada,2022-03-03,fecha_fuente_no_verificada_como_incidente,registro_vulnerabilidad,cisco,,ios and ios xe software,cisco,2,False
cisco,ios software,cisco ios software snmp remote code execution vulnerability,03/03/2022,high,cisa,memory corruption,memory corruption,high,969,6ca4462ec7287b853a0a,2838542a591a1fb6a41c,False,Memory & Software Safety,cisa_tipo:memory corruption,alta,asignada,2022-03-03,fecha_fuente_no_verificada_como_incidente,registro_vulnerabilidad,cisco,,ios software,cisco,4,False
cisco,"small business rv160, rv260, rv340, and rv345 series routers",cisco small business rv series routers stack-based buffer overflow vulnerability,03/03/2022,high,cisa,memory_corruption,buffer_overflow,high,941,6fb0fe99c6f6515dfebe,e75647ccb9dae7610427,False,Memory & Software Safety,cisa_tipo:memory corruption,alta,asignada,2022-03-03,fecha_fuente_no_verificada_como_incidente,registro_vulnerabilidad,cisco,,"small business rv160, rv260, rv340, and rv345 series routers",cisco,4,False
microsoft,exchange server,microsoft exchange server privilege escalation vulnerability,03/03/2022,high,cisa,privilege escalation,privilege escalation,high,952,749d1e4c3a9180afafb6,352b16020d396d8b8e0b,False,"Identity, Access & Persistence",cisa_tipo:privilege escalation,alta,asignada,2022-03-03,fecha_fuente_no_verificada_como_incidente,registro_vulnerabilidad,microsoft,,exchange server,microsoft,4,False
cisco,ios software and cisco ios xe software,cisco ios software and cisco ios xe software smart install denial-of-service vulnerability,03/03/2022,medium,cisa,generic vulnerability,generic vulnerability,medium,964,74c96e73a233bdc091c6,b5b1263fa4861825f19f,False,Impact & Availability,cisa_nombre:denial.of.service|resource exhaustion|infinite loop|uncontrolled resource consumption|data destruction|arbitrary file deletion,media,asignada,2022-03-03,fecha_fuente_no_verificada_como_incidente,registro_vulnerabilidad,cisco,,ios software and cisco ios xe software,cisco,2,False
microsoft,office,microsoft office memory corruption vulnerability,03/03/2022,high,cisa,memory corruption,memory corruption,high,994,786fec13ebe204e028a0,ee53cc79f6110f6c9ffc,False,Memory & Software Safety,cisa_tipo:memory corruption,alta,asignada,2022-03-03,fecha_fuente_no_verificada_como_incidente,registro_vulnerabilidad,microsoft,,office,microsoft,4,False
microsoft,windows,microsoft windows kernel exception handler vulnerability,03/03/2022,medium,cisa,generic vulnerability,generic vulnerability,medium,1028,79d0cc7b93c85298e3b6,774d40c98843de7e1aa7,False,,texto_insuficiente,pendiente,requiere_revision,2022-03-03,fecha_fuente_no_verificada_como_incidente,registro_vulnerabilidad,microsoft,,windows,microsoft,2,False
microsoft,internet explorer,microsoft internet explorer remote code execution vulnerability,03/03/2022,high,cisa,remote_code_execution,remote_code_execution,high,1015,7b26ef2e32bd7bb6b46b,d6cc85631b6c2f5dbaed,False,Code Execution & Injection,cisa_tipo:remote code execution,alta,asignada,2022-03-03,fecha_fuente_no_verificada_como_incidente,registro_vulnerabilidad,microsoft,,internet explorer,microsoft,4,False
cisco,ios software,cisco ios software resource management errors vulnerability,03/03/2022,high,cisa,remote_code_execution,remote_code_execution,high,961,7f47c6c2a95d38be350c,e64d5f249123fbe15397,False,Code Execution & Injection,cisa_tipo:remote code execution,alta,asignada,2022-03-03,fecha_fuente_no_verificada_como_incidente,registro_vulnerabilidad,cisco,,ios software,cisco,4,False
microsoft,windows,microsoft windows privilege escalation vulnerability,03/03/2022,high,cisa,privilege escalation,privilege escalation,high,1035,7f581689382c27477be0,c0192d9bd4fd295e4ee7,False,"Identity, Access & Persistence",cisa_tipo:privilege escalation,alta,asignada,2022-03-03,fecha_fuente_no_verificada_como_incidente,registro_vulnerabilidad,microsoft,,windows,microsoft,4,False
microsoft,windows,microsoft windows kernel privilege escalation vulnerability,03/03/2022,high,cisa,privilege escalation,privilege escalation,high,1011,87e86ab0856c95ed90cc,e143cd4fb09b01661136,False,"Identity, Access & Persistence",cisa_tipo:privilege escalation,alta,asignada,2022-03-03,fecha_fuente_no_verificada_como_incidente,registro_vulnerabilidad,microsoft,,windows,microsoft,4,False
cisco,"ios, xr, and xe software","cisco ios, xr, and xe software buffer overflow vulnerability",03/03/2022,high,cisa,memory corruption,memory corruption,high,956,8817e6663cdc45d7e2f6,54711935fa972712eb53,False,Memory & Software Safety,cisa_tipo:memory corruption,alta,asignada,2022-03-03,fecha_fuente_no_verificada_como_incidente,registro_vulnerabilidad,cisco,,"ios, xr, and xe software",cisco,4,False
adobe,flash player,adobe flash player remote code execution vulnerability,03/03/2022,high,cisa,type confusion,type confusion,high,1026,89cf2aed4f2d210e9963,ecc990a27ed8c1763e9d,False,Memory & Software Safety,cisa_tipo:type confusion,alta,asignada,2022-03-03,fecha_fuente_no_verificada_como_incidente,registro_vulnerabilidad,adobe,,flash player,adobe,4,False
cisco,catalyst 6800 series switches,cisco catalyst 6800 series switches vpls denial-of-service vulnerability,03/03/2022,medium,cisa,generic vulnerability,generic vulnerability,medium,980,8b46e0db27bdadbeab8b,ac92b4f5502ea16bdfea,False,Impact & Availability,cisa_nombre:denial.of.service|resource exhaustion|infinite loop|uncontrolled resource consumption|data destruction|arbitrary file deletion,media,asignada,2022-03-03,fecha_fuente_no_verificada_como_incidente,registro_vulnerabilidad,cisco,,catalyst 6800 series switches,cisco,2,False
microsoft,forefront threat management gateway (tmg),microsoft forefront tmg remote code execution vulnerability,03/03/2022,high,cisa,memory corruption,memory corruption,high,1025,8e207528f03dbb98ef97,714dbf120ae0dc05c2b2,False,Memory & Software Safety,cisa_tipo:memory corruption,alta,asignada,2022-03-03,fecha_fuente_no_verificada_como_incidente,registro_vulnerabilidad,microsoft,,forefront threat management gateway (tmg),microsoft,4,False
microsoft,office,microsoft office mscomctl.ocx remote code execution vulnerability,03/03/2022,high,cisa,remote_code_execution,remote_code_execution,high,1020,8e4717a7b60dcae12248,595fdba63b4391eec03c,False,Code Execution & Injection,cisa_tipo:remote code execution,alta,asignada,2022-03-03,fecha_fuente_no_verificada_como_incidente,registro_vulnerabilidad,microsoft,,office,microsoft,4,False
microsoft,windows,microsoft windows installer privilege escalation vulnerability,03/03/2022,high,cisa,privilege escalation,privilege escalation,high,946,91827c7469da5dac7a59,5085c35a069f68cf48f1,False,"Identity, Access & Persistence",cisa_tipo:privilege escalation,alta,asignada,2022-03-03,fecha_fuente_no_verificada_como_incidente,registro_vulnerabilidad,microsoft,,windows,microsoft,4,False
cisco,ios and ios xe software,cisco ios and ios xe software improper input validation vulnerability,03/03/2022,medium,cisa,generic vulnerability,generic vulnerability,medium,958,97f0da9d60c2e4c37e1d,ff982932184f90867b01,False,Memory & Software Safety,cisa_nombre:buffer overflow|memory corruption|out.of.bounds|use.after.free|type confusion|double.free|heap.based|stack.based|integer overflow|integer underflow|race condition|time.of.check|arbitrary read and write|uninitialized (memory|variable)|improper input validation|improper validation|improper resource (shutdown|release)|null pointer|memory initialization|memory leak|format string|untrusted pointer dereference|double dereference|out.of.range pointer|record corruption|insufficient (input|data) validation|invalid input|data validation|detection of error condition,media,asignada,2022-03-03,fecha_fuente_no_verificada_como_incidente,registro_vulnerabilidad,cisco,,ios and ios xe software,cisco,2,False
mozilla,firefox,mozilla firefox information disclosure vulnerability,03/03/2022,high,cisa,memory corruption,memory corruption,high,1014,9dd9b886e1b48a867a20,c62d689fa6f4bdb98b0f,False,Memory & Software Safety,cisa_tipo:memory corruption,alta,asignada,2022-03-03,fecha_fuente_no_verificada_como_incidente,registro_vulnerabilidad,mozilla,,firefox,mozilla,4,False
cisco,ios and ios xe software,cisco ios and ios xe software dhcp remote code execution vulnerability,03/03/2022,high,cisa,remote_code_execution,remote_code_execution,high,979,9e1d7dcf9ae688529d3d,a166b8fa36c3ea6561ee,False,Code Execution & Injection,cisa_tipo:remote code execution,alta,asignada,2022-03-03,fecha_fuente_no_verificada_como_incidente,registro_vulnerabilidad,cisco,,ios and ios xe software,cisco,4,False
microsoft,office,microsoft office remote code execution vulnerability,03/03/2022,high,cisa,memory corruption,memory corruption,high,987,9f1fa277ad3c99c1ce88,5c6a48b72e1ef052457d,False,Memory & Software Safety,cisa_tipo:memory corruption,alta,asignada,2022-03-03,fecha_fuente_no_verificada_como_incidente,registro_vulnerabilidad,microsoft,,office,microsoft,4,False
cisco,ios software and cisco ios xe software,cisco ios and xe software internet key exchange version 1 denial-of-service vulnerability,03/03/2022,medium,cisa,generic vulnerability,generic vulnerability,medium,962,a92156fd97b079a6947b,b09a75fb814ecdeead8d,False,Impact & Availability,cisa_nombre:denial.of.service|resource exhaustion|infinite loop|uncontrolled resource consumption|data destruction|arbitrary file deletion,media,asignada,2022-03-03,fecha_fuente_no_verificada_como_incidente,registro_vulnerabilidad,cisco,,ios software and cisco ios xe software,cisco,2,False
cisco,ios and ios xe software,cisco ios software and cisco ios xe software denial-of-service vulnerability,03/03/2022,medium,cisa,unspecified,unspecified,medium,976,ab145ff38fa23bfa0844,8e45dcb9057c7936bc4a,False,Impact & Availability,cisa_nombre:denial.of.service|resource exhaustion|infinite loop|uncontrolled resource consumption|data destruction|arbitrary file deletion,media,asignada,2022-03-03,fecha_fuente_no_verificada_como_incidente,registro_vulnerabilidad,cisco,,ios and ios xe software,cisco,2,False
adobe,reader,adobe reader buffer overflow vulnerability,03/03/2022,high,cisa,memory_corruption,buffer_overflow,high,1016,abe1d9b14a2b25246bd0,153bcea821caad4bc355,False,Memory & Software Safety,cisa_tipo:memory corruption,alta,asignada,2022-03-03,fecha_fuente_no_verificada_como_incidente,registro_vulnerabilidad,adobe,,reader,adobe,4,False
linux,kernel,linux kernel race condition vulnerability,03/03/2022,medium,cisa,generic vulnerability,generic vulnerability,medium,995,b4a716f2e94829ead2e9,1930b1cf1e316e80db6b,False,Memory & Software Safety,cisa_nombre:buffer overflow|memory corruption|out.of.bounds|use.after.free|type confusion|double.free|heap.based|stack.based|integer overflow|integer underflow|race condition|time.of.check|arbitrary read and write|uninitialized (memory|variable)|improper input validation|improper validation|improper resource (shutdown|release)|null pointer|memory initialization|memory leak|format string|untrusted pointer dereference|double dereference|out.of.range pointer|record corruption|insufficient (input|data) validation|invalid input|data validation|detection of error condition,media,asignada,2022-03-03,fecha_fuente_no_verificada_como_incidente,registro_vulnerabilidad,linux,,kernel,linux,2,False
adobe,acrobat and reader,adobe reader and acrobat input validation vulnerability,03/03/2022,high,cisa,memory corruption,memory corruption,high,1033,b5a30a563c11d80ab50e,f9f92e8e54c30e8f691d,False,Memory & Software Safety,cisa_tipo:memory corruption,alta,asignada,2022-03-03,fecha_fuente_no_verificada_como_incidente,registro_vulnerabilidad,adobe,,acrobat and reader,adobe,4,False
microsoft,graphics device interface (gdi),microsoft graphics device interface (gdi) privilege escalation vulnerability,03/03/2022,high,cisa,privilege escalation,privilege escalation,high,990,b708bbcc81e7fb96cb3f,889c345a11e3d7d6c08f,False,"Identity, Access & Persistence",cisa_tipo:privilege escalation,alta,asignada,2022-03-03,fecha_fuente_no_verificada_como_incidente,registro_vulnerabilidad,microsoft,,graphics device interface (gdi),microsoft,4,False
cisco,ios and ios xe software,cisco ios software and cisco ios xe software quality of service remote code execution vulnerability,03/03/2022,high,cisa,memory corruption,memory corruption,high,967,bf46c5a0443dd961cee9,81e035db5dca6b4d2b89,False,Memory & Software Safety,cisa_tipo:memory corruption,alta,asignada,2022-03-03,fecha_fuente_no_verificada_como_incidente,registro_vulnerabilidad,cisco,,ios and ios xe software,cisco,4,False
microsoft,windows,microsoft windows privilege escalation vulnerability,03/03/2022,high,cisa,memory_corruption,buffer_overflow,high,1034,c1365646b99d57b37d80,c0192d9bd4fd295e4ee7,False,Memory & Software Safety,cisa_tipo:memory corruption,alta,asignada,2022-03-03,fecha_fuente_no_verificada_como_incidente,registro_vulnerabilidad,microsoft,,windows,microsoft,4,False
cisco,ios software,cisco ios software for cisco industrial ethernet switches profinet denial-of-service vulnerability,03/03/2022,medium,cisa,generic vulnerability,generic vulnerability,medium,982,c1f131c885d36c0215cf,5550fcf97c25f9b79350,False,Impact & Availability,cisa_nombre:denial.of.service|resource exhaustion|infinite loop|uncontrolled resource consumption|data destruction|arbitrary file deletion,media,asignada,2022-03-03,fecha_fuente_no_verificada_como_incidente,registro_vulnerabilidad,cisco,,ios software,cisco,2,False
cisco,catalyst 4500 series switches and cisco catalyst 4500-x series switches,cisco catalyst bidirectional forwarding detection denial-of-service vulnerability,03/03/2022,medium,cisa,generic vulnerability,generic vulnerability,medium,965,c2f4b59dd64f6ebd4dab,0cb184c0dbcd97c4678f,False,Impact & Availability,cisa_nombre:denial.of.service|resource exhaustion|infinite loop|uncontrolled resource consumption|data destruction|arbitrary file deletion,media,asignada,2022-03-03,fecha_fuente_no_verificada_como_incidente,registro_vulnerabilidad,cisco,,catalyst 4500 series switches and cisco catalyst 4500-x series switches,cisco,2,False
adobe,flash player,adobe flash player use-after-free vulnerability,03/03/2022,high,cisa,memory corruption,memory corruption,high,1000,c5b49f32319b664afffb,26c8626d53ff017a0670,False,Memory & Software Safety,cisa_tipo:memory corruption,alta,asignada,2022-03-03,fecha_fuente_no_verificada_como_incidente,registro_vulnerabilidad,adobe,,flash player,adobe,4,False
oracle,java se,oracle java se runtime environment (jre) arbitrary code execution vulnerability,03/03/2022,high,cisa,remote_code_execution,remote_code_execution,high,1019,c8e616aa358000032b9a,46fef6b6c867996b2ac0,False,Code Execution & Injection,cisa_tipo:remote code execution,alta,asignada,2022-03-03,fecha_fuente_no_verificada_como_incidente,registro_vulnerabilidad,oracle,,java se,oracle,4,False
microsoft,windows,microsoft windows improper input validation vulnerability,03/03/2022,medium,cisa,generic vulnerability,generic vulnerability,medium,1031,ccac1aa613818f625f44,b7fc2fe6eba379f9257a,False,Memory & Software Safety,cisa_nombre:buffer overflow|memory corruption|out.of.bounds|use.after.free|type confusion|double.free|heap.based|stack.based|integer overflow|integer underflow|race condition|time.of.check|arbitrary read and write|uninitialized (memory|variable)|improper input validation|improper validation|improper resource (shutdown|release)|null pointer|memory initialization|memory leak|format string|untrusted pointer dereference|double dereference|out.of.range pointer|record corruption|insufficient (input|data) validation|invalid input|data validation|detection of error condition,media,asignada,2022-03-03,fecha_fuente_no_verificada_como_incidente,registro_vulnerabilidad,microsoft,,windows,microsoft,2,False
adobe,flash player,adobe flash player arbitrary code execution vulnerability,03/03/2022,high,cisa,remote_code_execution,remote_code_execution,high,996,ccfb1d20862fa585c938,01b4312ce181671157b5,False,Code Execution & Injection,cisa_tipo:remote code execution,alta,asignada,2022-03-03,fecha_fuente_no_verificada_como_incidente,registro_vulnerabilidad,adobe,,flash player,adobe,4,False
microsoft,excel,microsoft office security feature bypass vulnerability,03/03/2022,medium/high,cisa,authentication issues,authentication issues,medium/high,993,cedcf1cd7c9afdb08c8b,64a083e0304a2c9f7e59,False,"Identity, Access & Persistence",cisa_tipo:authentication issues,alta,asignada,2022-03-03,fecha_fuente_no_verificada_como_incidente,registro_vulnerabilidad,microsoft,,excel,microsoft,3,False
oracle,java se,oracle java se integrity check vulnerability,03/03/2022,medium,cisa,unspecified,unspecified,medium,1001,cf769f017d40a1b71e7c,aeb3f9863edb27b5198e,False,"Identity, Access & Persistence",cisa_nombre:authentication|authorization|unauthorized access|privilege|credentials?|password|hard.coded|access control|permission|ownership|improper isolation|sandbox escape|session fixation|security feature bypass|protection mechanism|improper certificate|certificate validation|missing encryption|cryptographic|signature verification|integrity check|integrity verification|unprotected alternate channel|protection of alternate|spoofing|inadequate encryption strength|insecure direct object reference|dll side.loading|dll hijacking|uncontrolled search path,media,asignada,2022-03-03,fecha_fuente_no_verificada_como_incidente,registro_vulnerabilidad,oracle,,java se,oracle,2,False
microsoft,atm font driver,microsoft atm font driver privilege escalation vulnerability,03/03/2022,high,cisa,privilege escalation,privilege escalation,high,1006,cf81c6aad4a1f3fc57bc,4352f0d0384f2e809b85,False,"Identity, Access & Persistence",cisa_tipo:privilege escalation,alta,asignada,2022-03-03,fecha_fuente_no_verificada_como_incidente,registro_vulnerabilidad,microsoft,,atm font driver,microsoft,4,False
cisco,ios and ios xe software,cisco ios and ios xe software snmp remote code execution vulnerability,03/03/2022,high,cisa,memory corruption,memory corruption,high,970,d02a46f0d6bef7d1214e,3427bb97e661beec2b48,False,Memory & Software Safety,cisa_tipo:memory corruption,alta,asignada,2022-03-03,fecha_fuente_no_verificada_como_incidente,registro_vulnerabilidad,cisco,,ios and ios xe software,cisco,4,False
exim,exim internet mailer,exim out-of-bounds write vulnerability,03/03/2022,high,cisa,out-of-bounds write,out-of-bounds write,high,949,d256945118c1f561c041,861e2db73b209683142f,False,Memory & Software Safety,cisa_tipo:out-of-bounds write,alta,asignada,2022-03-03,fecha_fuente_no_verificada_como_incidente,registro_vulnerabilidad,exim,,exim internet mailer,exim,4,False
cisco,ios and ios xe software,cisco ios and ios xe software internet key exchange denial-of-service vulnerability,03/03/2022,medium,cisa,generic vulnerability,generic vulnerability,medium,981,d3f4fdd37f7085b38271,6ae5b8ace70d258f6406,False,Impact & Availability,cisa_nombre:denial.of.service|resource exhaustion|infinite loop|uncontrolled resource consumption|data destruction|arbitrary file deletion,media,asignada,2022-03-03,fecha_fuente_no_verificada_como_incidente,registro_vulnerabilidad,cisco,,ios and ios xe software,cisco,2,False
adobe,flash player,adobe flash player type confusion vulnerability,03/03/2022,high,cisa,type confusion,type confusion,high,988,d52fc70badca174b0e89,3df174ab41469e49ba02,False,Memory & Software Safety,cisa_tipo:type confusion,alta,asignada,2022-03-03,fecha_fuente_no_verificada_como_incidente,registro_vulnerabilidad,adobe,,flash player,adobe,4,False
adobe,coldfusion,adobe coldfusion authentication bypass vulnerability,03/03/2022,medium,cisa,information disclosure,information disclosure,medium,1018,d70a98e951c75d01533c,7d34034dc4ea092f6a4b,False,Data Collection & Exfiltration,cisa_tipo:information disclosure,alta,asignada,2022-03-03,fecha_fuente_no_verificada_como_incidente,registro_vulnerabilidad,adobe,,coldfusion,adobe,2,False
microsoft,office,microsoft office malformed eps file vulnerability,03/03/2022,medium,cisa,generic vulnerability,generic vulnerability,medium,1004,d9255e5fc91ba5c83b78,aa90d2adacef08b756b7,False,,texto_insuficiente,pendiente,requiere_revision,2022-03-03,fecha_fuente_no_verificada_como_incidente,registro_vulnerabilidad,microsoft,,office,microsoft,2,False
adobe,reader and acrobat,adobe reader and acrobat use-after-free vulnerability,03/03/2022,medium,cisa,generic vulnerability,generic vulnerability,medium,1010,de6b0f8e472479c8f9e4,bbefdb7b5869dd95c492,False,Memory & Software Safety,cisa_nombre:buffer overflow|memory corruption|out.of.bounds|use.after.free|type confusion|double.free|heap.based|stack.based|integer overflow|integer underflow|race condition|time.of.check|arbitrary read and write|uninitialized (memory|variable)|improper input validation|improper validation|improper resource (shutdown|release)|null pointer|memory initialization|memory leak|format string|untrusted pointer dereference|double dereference|out.of.range pointer|record corruption|insufficient (input|data) validation|invalid input|data validation|detection of error condition,media,asignada,2022-03-03,fecha_fuente_no_verificada_como_incidente,registro_vulnerabilidad,adobe,,reader and acrobat,adobe,2,False
cisco,ios software,cisco ios software integrated services module for vpn denial-of-service vulnerability,03/03/2022,medium,cisa,generic vulnerability,generic vulnerability,medium,966,e6278905b44034a63c89,5ce5c714d4a5cc2992a9,False,Impact & Availability,cisa_nombre:denial.of.service|resource exhaustion|infinite loop|uncontrolled resource consumption|data destruction|arbitrary file deletion,media,asignada,2022-03-03,fecha_fuente_no_verificada_como_incidente,registro_vulnerabilidad,cisco,,ios software,cisco,2,False
cisco,ios xe software,cisco ios software and cisco ios xe software improper input validation vulnerability,03/03/2022,medium,cisa,generic vulnerability,generic vulnerability,medium,957,ecd7e463504be58ce1ba,24378c9b8a170e9946aa,False,Memory & Software Safety,cisa_nombre:buffer overflow|memory corruption|out.of.bounds|use.after.free|type confusion|double.free|heap.based|stack.based|integer overflow|integer underflow|race condition|time.of.check|arbitrary read and write|uninitialized (memory|variable)|improper input validation|improper validation|improper resource (shutdown|release)|null pointer|memory initialization|memory leak|format string|untrusted pointer dereference|double dereference|out.of.range pointer|record corruption|insufficient (input|data) validation|invalid input|data validation|detection of error condition,media,asignada,2022-03-03,fecha_fuente_no_verificada_como_incidente,registro_vulnerabilidad,cisco,,ios xe software,cisco,2,False
microsoft,internet explorer,microsoft internet explorer use-after-free vulnerability,03/03/2022,medium,cisa,generic vulnerability,generic vulnerability,medium,1012,f5de7ac2a0df3d4de8a8,55db9abb4fdbfd23f213,False,Memory & Software Safety,cisa_nombre:buffer overflow|memory corruption|out.of.bounds|use.after.free|type confusion|double.free|heap.based|stack.based|integer overflow|integer underflow|race condition|time.of.check|arbitrary read and write|uninitialized (memory|variable)|improper input validation|improper validation|improper resource (shutdown|release)|null pointer|memory initialization|memory leak|format string|untrusted pointer dereference|double dereference|out.of.range pointer|record corruption|insufficient (input|data) validation|invalid input|data validation|detection of error condition,media,asignada,2022-03-03,fecha_fuente_no_verificada_como_incidente,registro_vulnerabilidad,microsoft,,internet explorer,microsoft,2,False
adobe,flash player,adobe flash player memory corruption vulnerability,03/03/2022,high,cisa,out-of-bounds write,out-of-bounds write,high,1002,fc735899ee7c2ff779fb,38f90fd5177c1b080428,False,Memory & Software Safety,cisa_tipo:out-of-bounds write,alta,asignada,2022-03-03,fecha_fuente_no_verificada_como_incidente,registro_vulnerabilidad,adobe,,flash player,adobe,4,False
apache,tomcat,apache tomcat improper privilege management vulnerability,03/03/2022,medium,cisa,unspecified,unspecified,medium,947,ffdd2324437452c7a315,c457d36df54fc4c1fd6c,False,"Identity, Access & Persistence",cisa_nombre:authentication|authorization|unauthorized access|privilege|credentials?|password|hard.coded|access control|permission|ownership|improper isolation|sandbox escape|session fixation|security feature bypass|protection mechanism|improper certificate|certificate validation|missing encryption|cryptographic|signature verification|integrity check|integrity verification|unprotected alternate channel|protection of alternate|spoofing|inadequate encryption strength|insecure direct object reference|dll side.loading|dll hijacking|uncontrolled search path,media,asignada,2022-03-03,fecha_fuente_no_verificada_como_incidente,registro_vulnerabilidad,apache,,tomcat,apache,2,False
"identity provider, windows",,account manipulation: device registration,04/03/2022,medium/high,mitre,account manipulation: device registration,account manipulation: device registration,medium/high,1444,85d8ee734ae890db2a29,ead5503adc84e6135947,False,"Identity, Access & Persistence",mitre_parent:account manipulation,alta,asignada,2022-03-04,fecha_fuente_no_verificada_como_incidente,tecnica_mitre,,"identity provider, windows",__NO_INFORMADO__,"identity provider, windows",3,False
pre,,active scanning: wordlist scanning,04/03/2022,low/medium,mitre,active scanning: wordlist scanning,active scanning: wordlist scanning,low/medium,1459,afe0e79b574581a569e6,19b2b4f70237dc6bab09,False,Reconnaissance & Attack Operations,mitre_parent:active scanning,alta,asignada,2022-03-04,fecha_fuente_no_verificada_como_incidente,tecnica_mitre,,pre,__NO_INFORMADO__,pre,1,False
pulse secure,pulse connect secure,pulse connect secure code injection vulnerability,07/03/2022,high,cisa,injection,other_injection,high,933,19f3ddbe6f42e9bd1bcd,4918bcca86a23a21c86f,False,Code Execution & Injection,cisa_tipo:injection,alta,asignada,2022-03-07,fecha_fuente_no_verificada_como_incidente,registro_vulnerabilidad,pulse secure,,pulse connect secure,pulse secure,4,False
adobe,blazeds,adobe blazeds information disclosure vulnerability,07/03/2022,medium,cisa,unspecified,unspecified,medium,940,1b472d75105cc48cd4cf,3f459c4f9e2a161c85f9,False,Data Collection & Exfiltration,cisa_nombre:information disclosure|information leak|disclosure|exposure of|directory traversal|path traversal|path transversal|file inclusion|external control of file name|link following|improper link resolution|arbitrary file (read|download)|file download|file read|sensitive information,media,asignada,2022-03-07,fecha_fuente_no_verificada_como_incidente,registro_vulnerabilidad,adobe,,blazeds,adobe,2,False
mozilla,firefox,mozilla firefox use-after-free vulnerability,07/03/2022,high,cisa,use-after-free,use-after-free,high,930,285a2138f92ee7f2e896,4fa5c61b0d00f44fe3ed,False,Memory & Software Safety,cisa_tipo:use-after-free,alta,asignada,2022-03-07,fecha_fuente_no_verificada_como_incidente,registro_vulnerabilidad,mozilla,,firefox,mozilla,4,False
atlassian,jira server and data center,atlassian jira server and data center server-side template injection vulnerability,07/03/2022,high,cisa,injection,other_injection,high,934,32bcb8bb8e43e8693203,fd2f36ce47707d1dc11f,False,Code Execution & Injection,cisa_tipo:injection,alta,asignada,2022-03-07,fecha_fuente_no_verificada_como_incidente,registro_vulnerabilidad,atlassian,,jira server and data center,atlassian,4,False
netgear,multiple routers,netgear multiple routers remote code execution vulnerability,07/03/2022,medium,cisa,csrf,cross_site_request_forgery,medium,936,43bcfba924616647158e,088980084dcd4d89ef8e,False,"Identity, Access & Persistence",cisa_tipo:csrf,alta,asignada,2022-03-07,fecha_fuente_no_verificada_como_incidente,registro_vulnerabilidad,netgear,,multiple routers,netgear,2,False
netgear,wireless router dgn2200,netgear dgn2200 remote code execution vulnerability,07/03/2022,high,cisa,remote_code_execution,remote_code_execution,high,935,8fe9473cce43da84fa1a,066874e8e8f60b584729,False,Code Execution & Injection,cisa_tipo:remote code execution,alta,asignada,2022-03-07,fecha_fuente_no_verificada_como_incidente,registro_vulnerabilidad,netgear,,wireless router dgn2200,netgear,4,False
vmware,vcenter server and cloud foundation,vmware vcenter server and cloud foundation server side request forgery (ssrf) vulnerability,07/03/2022,medium,cisa,generic vulnerability,generic vulnerability,medium,932,912cc1289e7bd21af696,b79c5ac603aa749b3d8d,False,Code Execution & Injection,cisa_nombre:code execution|command execution|code injection|command injection|sql injection|injection|deserialization|cross.site scripting|xss|file upload|upload of|file type upload|embedded malicious code|download of code|arbitrary code|improper neutralization|improper escaping|server.side request forgery|request smuggling|http request splitting,media,asignada,2022-03-07,fecha_fuente_no_verificada_como_incidente,registro_vulnerabilidad,vmware,,vcenter server and cloud foundation,vmware,2,False
adobe,coldfusion,adobe coldfusion authentication bypass vulnerability,07/03/2022,medium/high,cisa,authentication issues,authentication issues,medium/high,939,9c43cae57e2b99a8a422,7d34034dc4ea092f6a4b,False,"Identity, Access & Persistence",cisa_tipo:authentication issues,alta,asignada,2022-03-07,fecha_fuente_no_verificada_como_incidente,registro_vulnerabilidad,adobe,,coldfusion,adobe,3,False
adobe,coldfusion,adobe coldfusion directory traversal vulnerability,07/03/2022,high,cisa,path_traversal,path_traversal,high,938,b601342124fa15105c07,734a50e262e9c1fdfb35,False,Data Collection & Exfiltration,cisa_tipo:path traversal,alta,asignada,2022-03-07,fecha_fuente_no_verificada_como_incidente,registro_vulnerabilidad,adobe,,coldfusion,adobe,4,False
adobe,coldfusion,adobe coldfusion information disclosure vulnerability,07/03/2022,medium,cisa,information disclosure,information disclosure,medium,937,d76a4a9aad66bb19f81c,ffc3c4dee5480e4b4eaf,False,Data Collection & Exfiltration,cisa_tipo:information disclosure,alta,asignada,2022-03-07,fecha_fuente_no_verificada_como_incidente,registro_vulnerabilidad,adobe,,coldfusion,adobe,2,False
microsoft,windows,microsoft windows privilege escalation vulnerability,15/03/2022,medium,cisa,authentication issues,authentication issues,medium,925,110e536c6a88435e2714,c0192d9bd4fd295e4ee7,False,"Identity, Access & Persistence",cisa_tipo:authentication issues,alta,asignada,2022-03-15,fecha_fuente_no_verificada_como_incidente,registro_vulnerabilidad,microsoft,,windows,microsoft,2,False
microsoft,windows,microsoft windows appx deployment server privilege escalation vulnerability,15/03/2022,high,cisa,privilege escalation,privilege escalation,high,919,13ee2c65141b1df2f7ae,046cfd08554893f06fec,False,"Identity, Access & Persistence",cisa_tipo:privilege escalation,alta,asignada,2022-03-15,fecha_fuente_no_verificada_como_incidente,registro_vulnerabilidad,microsoft,,windows,microsoft,4,False
microsoft,win32k,microsoft win32k memory corruption vulnerability,15/03/2022,high,cisa,memory corruption,memory corruption,high,929,20206e77e6bb2e373fcc,4b502a0c7b7c53001fc1,False,Memory & Software Safety,cisa_tipo:memory corruption,alta,asignada,2022-03-15,fecha_fuente_no_verificada_como_incidente,registro_vulnerabilidad,microsoft,,win32k,microsoft,4,False
microsoft,windows,microsoft windows kernel privilege escalation vulnerability,15/03/2022,high,cisa,privilege escalation,privilege escalation,high,928,2f6b7296717d3daf10bb,e143cd4fb09b01661136,False,"Identity, Access & Persistence",cisa_tipo:privilege escalation,alta,asignada,2022-03-15,fecha_fuente_no_verificada_como_incidente,registro_vulnerabilidad,microsoft,,windows,microsoft,4,False
microsoft,windows,microsoft windows universal plug and play (upnp) service privilege escalation vulnerability,15/03/2022,high,cisa,privilege escalation,privilege escalation,high,916,40a7c59b0dda81584c38,07d0e785ee4a2644bb4d,False,"Identity, Access & Persistence",cisa_tipo:privilege escalation,alta,asignada,2022-03-15,fecha_fuente_no_verificada_como_incidente,registro_vulnerabilidad,microsoft,,windows,microsoft,4,False
sonicwall,sonicos,sonicwall sonicos buffer overflow vulnerability,15/03/2022,high,cisa,memory_corruption,buffer_overflow,high,915,8791ae9470fba00a4513,d06a014df321aa0ff7dd,False,Memory & Software Safety,cisa_tipo:memory corruption,alta,asignada,2022-03-15,fecha_fuente_no_verificada_como_incidente,registro_vulnerabilidad,sonicwall,,sonicos,sonicwall,4,False
microsoft,task scheduler,microsoft task scheduler privilege escalation vulnerability,15/03/2022,high,cisa,privilege escalation,privilege escalation,high,922,8e5aa2cbdc88316c7dd4,940cab724497bd5e1662,False,"Identity, Access & Persistence",cisa_tipo:privilege escalation,alta,asignada,2022-03-15,fecha_fuente_no_verificada_como_incidente,registro_vulnerabilidad,microsoft,,task scheduler,microsoft,4,False
microsoft,windows,microsoft windows transaction manager privilege escalation vulnerability,15/03/2022,high,cisa,memory corruption,memory corruption,high,927,cf3273328a5992b0b2fd,d791e7354a05af8de118,False,Memory & Software Safety,cisa_tipo:memory corruption,alta,asignada,2022-03-15,fecha_fuente_no_verificada_como_incidente,registro_vulnerabilidad,microsoft,,windows,microsoft,4,False
microsoft,windows,microsoft windows error reporting manager privilege escalation vulnerability,15/03/2022,high,cisa,privilege escalation,privilege escalation,high,918,d8a4e95a51cd6b5e73c5,d0dd01d39f62bc1d3fc0,False,"Identity, Access & Persistence",cisa_tipo:privilege escalation,alta,asignada,2022-03-15,fecha_fuente_no_verificada_como_incidente,registro_vulnerabilidad,microsoft,,windows,microsoft,4,False
microsoft,windows,microsoft windows appx deployment service (appxsvc) privilege escalation vulnerability,15/03/2022,high,cisa,privilege escalation,privilege escalation,high,921,ebe7ca5746bf4212f2b7,f86fce7be3eb6f484fa4,False,"Identity, Access & Persistence",cisa_tipo:privilege escalation,alta,asignada,2022-03-15,fecha_fuente_no_verificada_como_incidente,registro_vulnerabilidad,microsoft,,windows,microsoft,4,False
microsoft,win32k,microsoft win32k privilege escalation vulnerability,15/03/2022,high,cisa,privilege escalation,privilege escalation,high,920,f1af6533b85adce6c111,8d34dc759203c076820a,False,"Identity, Access & Persistence",cisa_tipo:privilege escalation,alta,asignada,2022-03-15,fecha_fuente_no_verificada_como_incidente,registro_vulnerabilidad,microsoft,,win32k,microsoft,4,False
microsoft,windows,microsoft windows privilege escalation vulnerability,15/03/2022,high,cisa,privilege escalation,privilege escalation,high,917,ff8c8b980c22ae093e3f,c0192d9bd4fd295e4ee7,False,"Identity, Access & Persistence",cisa_tipo:privilege escalation,alta,asignada,2022-03-15,fecha_fuente_no_verificada_como_incidente,registro_vulnerabilidad,microsoft,,windows,microsoft,4,False
"iaas, identity provider, office suite, saas",,command and scripting interpreter: cloud api,17/03/2022,high,mitre,command and scripting interpreter: cloud api,command and scripting interpreter: cloud api,high,1520,a130beb8c86d5a55accc,954959aa1df76362b64c,False,Code Execution & Injection,mitre_parent:command and scripting interpreter,alta,asignada,2022-03-17,fecha_fuente_no_verificada_como_incidente,tecnica_mitre,,"iaas, identity provider, office suite, saas",__NO_INFORMADO__,"iaas, identity provider, office suite, saas",4,False
"linux, windows, macos",,adversary-in-the-middle: dhcp spoofing,24/03/2022,medium,mitre,adversary-in-the-middle: dhcp spoofing,adversary-in-the-middle: dhcp spoofing,medium,1462,e2a0f09e7394aa366bfa,486390322c8c7ebd9520,False,"Identity, Access & Persistence",mitre_parent:adversary-in-the-middle,alta,asignada,2022-03-24,fecha_fuente_no_verificada_como_incidente,tecnica_mitre,,"linux, windows, macos",__NO_INFORMADO__,"linux, windows, macos",2,False
netgear,wnr2000v5 router,netgear wnr2000v5 router buffer overflow vulnerability,25/03/2022,high,cisa,memory corruption,memory corruption,high,891,010acb661f21fe08fd35,51f192c0c2214463a25e,False,Memory & Software Safety,cisa_tipo:memory corruption,alta,asignada,2022-03-25,fecha_fuente_no_verificada_como_incidente,registro_vulnerabilidad,netgear,,wnr2000v5 router,netgear,4,False
sophos,sg utm,sophos sg utm remote code execution vulnerability,25/03/2022,high,cisa,remote_code_execution,remote_code_execution,high,858,092aff91f8fd83c096b3,4bcd44c156328b6e9187,False,Code Execution & Injection,cisa_tipo:remote code execution,alta,asignada,2022-03-25,fecha_fuente_no_verificada_como_incidente,registro_vulnerabilidad,sophos,,sg utm,sophos,4,False
juniper,junos os,juniper junos os path traversal vulnerability,25/03/2022,high,cisa,path_traversal,path_traversal,high,862,13657c48b88fe13b0d1d,d8fca14ece4c2bb9d14c,False,Data Collection & Exfiltration,cisa_tipo:path traversal,alta,asignada,2022-03-25,fecha_fuente_no_verificada_como_incidente,registro_vulnerabilidad,juniper,,junos os,juniper,4,False
rails,ruby on rails,ruby on rails directory traversal vulnerability,25/03/2022,high,cisa,path_traversal,path_traversal,high,892,175bb287f8e45f2d8966,2ea2f69af48b577ed681,False,Data Collection & Exfiltration,cisa_tipo:path traversal,alta,asignada,2022-03-25,fecha_fuente_no_verificada_como_incidente,registro_vulnerabilidad,rails,,ruby on rails,rails,4,False
microsoft,windows,microsoft windows shell remote code execution vulnerability,25/03/2022,high,cisa,remote_code_execution,remote_code_execution,high,873,1c0571e2072b53348513,25f043f177c4d1318897,False,Code Execution & Injection,cisa_tipo:remote code execution,alta,asignada,2022-03-25,fecha_fuente_no_verificada_como_incidente,registro_vulnerabilidad,microsoft,,windows,microsoft,4,False
rejetto,http file server (hfs),rejetto http file server (hfs) remote code execution vulnerability,25/03/2022,high,cisa,remote_code_execution,remote_code_execution,high,900,201f38634fb9e0f8c592,31055b8438ca73ebd2f7,False,Code Execution & Injection,cisa_tipo:remote code execution,alta,asignada,2022-03-25,fecha_fuente_no_verificada_como_incidente,registro_vulnerabilidad,rejetto,,http file server (hfs),rejetto,4,False
qnap systems,helpdesk,qnap helpdesk improper access control vulnerability,25/03/2022,medium,cisa,generic vulnerability,generic vulnerability,medium,859,23e7ff78a3009a85569e,b80013a74c54a2dd08a4,False,"Identity, Access & Persistence",cisa_nombre:authentication|authorization|unauthorized access|privilege|credentials?|password|hard.coded|access control|permission|ownership|improper isolation|sandbox escape|session fixation|security feature bypass|protection mechanism|improper certificate|certificate validation|missing encryption|cryptographic|signature verification|integrity check|integrity verification|unprotected alternate channel|protection of alternate|spoofing|inadequate encryption strength|insecure direct object reference|dll side.loading|dll hijacking|uncontrolled search path,media,asignada,2022-03-25,fecha_fuente_no_verificada_como_incidente,registro_vulnerabilidad,qnap systems,,helpdesk,qnap systems,2,False
oracle,bi publisher (formerly xml publisher),oracle bi publisher unauthorized access vulnerability,25/03/2022,medium,cisa,unspecified,unspecified,medium,864,27f4af94117f4f93b59c,797832a6a14316b81463,False,"Identity, Access & Persistence",cisa_nombre:authentication|authorization|unauthorized access|privilege|credentials?|password|hard.coded|access control|permission|ownership|improper isolation|sandbox escape|session fixation|security feature bypass|protection mechanism|improper certificate|certificate validation|missing encryption|cryptographic|signature verification|integrity check|integrity verification|unprotected alternate channel|protection of alternate|spoofing|inadequate encryption strength|insecure direct object reference|dll side.loading|dll hijacking|uncontrolled search path,media,asignada,2022-03-25,fecha_fuente_no_verificada_como_incidente,registro_vulnerabilidad,oracle,,bi publisher (formerly xml publisher),oracle,2,False
exim,exim,exim heap-based buffer overflow vulnerability,25/03/2022,high,cisa,memory corruption,memory corruption,high,908,2d71d4b8ce672e51e042,4b6027e3e3e1fa5f600c,False,Memory & Software Safety,cisa_tipo:memory corruption,alta,asignada,2022-03-25,fecha_fuente_no_verificada_como_incidente,registro_vulnerabilidad,exim,,exim,exim,4,False
cisco,vpn routers,cisco vpn routers remote code execution vulnerability,25/03/2022,high,cisa,remote_code_execution,remote_code_execution,high,880,38d3de47b522f6b78300,ef9f01c4177994f697a2,False,Code Execution & Injection,cisa_tipo:remote code execution,alta,asignada,2022-03-25,fecha_fuente_no_verificada_como_incidente,registro_vulnerabilidad,cisco,,vpn routers,cisco,4,False
d-link and trendnet,multiple devices,d-link and trendnet multiple devices remote code execution vulnerability,25/03/2022,medium,cisa,authentication issues,authentication issues,medium,896,3e96e5d73a283c2c0b28,501aeb3b94eb2c51c149,False,"Identity, Access & Persistence",cisa_tipo:authentication issues,alta,asignada,2022-03-25,fecha_fuente_no_verificada_como_incidente,registro_vulnerabilidad,d-link and trendnet,,multiple devices,d-link and trendnet,2,False
citrix,sd-wan and netscaler,citrix sd-wan and netscaler sql injection vulnerability,25/03/2022,high,cisa,injection,other_injection,high,868,3ed154785c5f64a7a86a,ab09edc2ac7e26152148,False,Code Execution & Injection,cisa_tipo:injection,alta,asignada,2022-03-25,fecha_fuente_no_verificada_como_incidente,registro_vulnerabilidad,citrix,,sd-wan and netscaler,citrix,4,False
zyxel,multiple network-attached storage (nas) devices,zyxel multiple nas devices os command injection vulnerability,25/03/2022,high,cisa,injection,other_injection,high,855,47cb4d04b63a283a817d,b5f9b5fc77fa5e72944d,False,Code Execution & Injection,cisa_tipo:injection,alta,asignada,2022-03-25,fecha_fuente_no_verificada_como_incidente,registro_vulnerabilidad,zyxel,,multiple network-attached storage (nas) devices,zyxel,4,False
elastic,elasticsearch,elasticsearch groovy scripting engine remote code execution vulnerability,25/03/2022,high,cisa,remote_code_execution,remote_code_execution,high,895,4fb477d2398ddc33b3f7,dca776efab76f926ecfe,False,Code Execution & Injection,cisa_tipo:remote code execution,alta,asignada,2022-03-25,fecha_fuente_no_verificada_como_incidente,registro_vulnerabilidad,elastic,,elasticsearch,elastic,4,False
arcserve,unified data protection (udp),arcserve unified data protection (udp) directory traversal vulnerability,25/03/2022,high,cisa,path_traversal,path_traversal,high,893,51dd07e6785c9732e5d2,f76288e502c81b13a33d,False,Data Collection & Exfiltration,cisa_tipo:path traversal,alta,asignada,2022-03-25,fecha_fuente_no_verificada_como_incidente,registro_vulnerabilidad,arcserve,,unified data protection (udp),arcserve,4,False
cisco,prime data center network manager (dcnm),cisco prime data center network manager (dcnm) directory traversal vulnerability,25/03/2022,high,cisa,path_traversal,path_traversal,high,897,5263ec84182599941659,0dcff948fe87ac03ad6a,False,Data Collection & Exfiltration,cisa_tipo:path traversal,alta,asignada,2022-03-25,fecha_fuente_no_verificada_como_incidente,registro_vulnerabilidad,cisco,,prime data center network manager (dcnm),cisco,4,False
adobe,coldfusion,adobe coldfusion directory traversal vulnerability,25/03/2022,high,cisa,path_traversal,path_traversal,high,910,532f9af7301f7b7a7a4e,734a50e262e9c1fdfb35,False,Data Collection & Exfiltration,cisa_tipo:path traversal,alta,asignada,2022-03-25,fecha_fuente_no_verificada_como_incidente,registro_vulnerabilidad,adobe,,coldfusion,adobe,4,False
microsoft,windows,microsoft windows smb remote code execution vulnerability,25/03/2022,high,cisa,remote_code_execution,remote_code_execution,high,886,53cc41c40c50a1d8cfec,61023dcc5ac58fa1e7ed,False,Code Execution & Injection,cisa_tipo:remote code execution,alta,asignada,2022-03-25,fecha_fuente_no_verificada_como_incidente,registro_vulnerabilidad,microsoft,,windows,microsoft,4,False
openbsd,opensmtpd,opensmtpd remote code execution vulnerability,25/03/2022,high,cisa,remote_code_execution,remote_code_execution,high,856,5423b648d2294d7fcecf,f26fddfac0d8d8099510,False,Code Execution & Injection,cisa_tipo:remote code execution,alta,asignada,2022-03-25,fecha_fuente_no_verificada_como_incidente,registro_vulnerabilidad,openbsd,,opensmtpd,openbsd,4,False
adobe,flash player,adobe flash player remote code execution vulnerability,25/03/2022,high,cisa,remote_code_execution,remote_code_execution,high,888,5a1a08a13d1115253a9f,ecc990a27ed8c1763e9d,False,Code Execution & Injection,cisa_tipo:remote code execution,alta,asignada,2022-03-25,fecha_fuente_no_verificada_como_incidente,registro_vulnerabilidad,adobe,,flash player,adobe,4,False
d-link,multiple routers,d-link multiple routers command injection vulnerability,25/03/2022,high,cisa,injection,other_injection,high,865,5ea8251d881f1edc897b,b0838dcda7915abdc458,False,Code Execution & Injection,cisa_tipo:injection,alta,asignada,2022-03-25,fecha_fuente_no_verificada_como_incidente,registro_vulnerabilidad,d-link,,multiple routers,d-link,4,False
drupal,core,drupal core remote code execution vulnerability,25/03/2022,high,cisa,insecure_deserialization,insecure_deserialization,high,863,6c8700add86b5f0d8372,97721fce4a7ea97c6d14,False,Code Execution & Injection,cisa_tipo:insecure deserialization,alta,asignada,2022-03-25,fecha_fuente_no_verificada_como_incidente,registro_vulnerabilidad,drupal,,core,drupal,4,False
kentico,xperience,kentico xperience deserialization of untrusted data vulnerability,25/03/2022,high,cisa,insecure_deserialization,insecure_deserialization,high,870,717e19cf13eb24246509,cd0e27d79bc619676aa4,False,Code Execution & Injection,cisa_tipo:insecure deserialization,alta,asignada,2022-03-25,fecha_fuente_no_verificada_como_incidente,registro_vulnerabilidad,kentico,,xperience,kentico,4,False
hewlett packard (hp),openview network node manager,hp openview network node manager remote code execution vulnerability,25/03/2022,high,cisa,remote_code_execution,remote_code_execution,high,914,78126d562362d40b0624,6bf3cfba66e0160b6f68,False,Code Execution & Injection,cisa_tipo:remote code execution,alta,asignada,2022-03-25,fecha_fuente_no_verificada_como_incidente,registro_vulnerabilidad,hewlett packard (hp),,openview network node manager,hewlett packard (hp),4,False
sitecore,xp,sitecore xp remote command execution vulnerability,25/03/2022,high,cisa,insecure_deserialization,insecure_deserialization,high,852,79140d1108a53c38ca14,3d16d672d7f3c76b9cd1,False,Code Execution & Injection,cisa_tipo:insecure deserialization,alta,asignada,2022-03-25,fecha_fuente_no_verificada_como_incidente,registro_vulnerabilidad,sitecore,,xp,sitecore,4,False
phpmyadmin,phpmyadmin,phpmyadmin remote code execution vulnerability,25/03/2022,high,cisa,remote_code_execution,remote_code_execution,high,912,7bf64824309e770ed66a,1e248adcf8468316679f,False,Code Execution & Injection,cisa_tipo:remote code execution,alta,asignada,2022-03-25,fecha_fuente_no_verificada_como_incidente,registro_vulnerabilidad,phpmyadmin,,phpmyadmin,phpmyadmin,4,False
hewlett packard (hp),"procurve manager (pcm), pcm+, identity driven manager (idm), and application lifecycle management",hp multiple products remote code execution vulnerability,25/03/2022,high,cisa,remote_code_execution,remote_code_execution,high,904,7e38c50ff658013fb010,7f0944a40334a41d7d92,False,Code Execution & Injection,cisa_tipo:remote code execution,alta,asignada,2022-03-25,fecha_fuente_no_verificada_como_incidente,registro_vulnerabilidad,hewlett packard (hp),,"procurve manager (pcm), pcm+, identity driven manager (idm), and application lifecycle management",hewlett packard (hp),4,False
cisco,ios and ios xe,cisco ios and ios xe remote code execution vulnerability,25/03/2022,high,cisa,remote_code_execution,remote_code_execution,high,883,808317c5932ed300ca35,a07ab4e0e148076e1467,False,Code Execution & Injection,cisa_tipo:remote code execution,alta,asignada,2022-03-25,fecha_fuente_no_verificada_como_incidente,registro_vulnerabilidad,cisco,,ios and ios xe,cisco,4,False
apache,kylin,apache kylin os command injection vulnerability,25/03/2022,high,cisa,injection,other_injection,high,861,84c5d656cb3f999c2b8c,05fe050bb166a4f778cb,False,Code Execution & Injection,cisa_tipo:injection,alta,asignada,2022-03-25,fecha_fuente_no_verificada_como_incidente,registro_vulnerabilidad,apache,,kylin,apache,4,False
microsoft,graphics device interface (gdi),microsoft gdi remote code execution vulnerability,25/03/2022,high,cisa,remote_code_execution,remote_code_execution,high,872,862c73b5162f1d694463,f3b5bc7c543630e1186b,False,Code Execution & Injection,cisa_tipo:remote code execution,alta,asignada,2022-03-25,fecha_fuente_no_verificada_como_incidente,registro_vulnerabilidad,microsoft,,graphics device interface (gdi),microsoft,4,False
microsoft,kerberos key distribution center (kdc),microsoft kerberos key distribution center (kdc) privilege escalation vulnerability,25/03/2022,high,cisa,privilege escalation,privilege escalation,high,899,8711715b35adaa1a634b,89feb4a29bdba53382d0,False,"Identity, Access & Persistence",cisa_tipo:privilege escalation,alta,asignada,2022-03-25,fecha_fuente_no_verificada_como_incidente,registro_vulnerabilidad,microsoft,,kerberos key distribution center (kdc),microsoft,4,False
netgear,dgn2200 devices,netgear dgn2200 devices os command injection vulnerability,25/03/2022,high,cisa,injection,other_injection,high,881,913b454b2172459a3b28,2025bf7a3e2b17760ab9,False,Code Execution & Injection,cisa_tipo:injection,alta,asignada,2022-03-25,fecha_fuente_no_verificada_como_incidente,registro_vulnerabilidad,netgear,,dgn2200 devices,netgear,4,False
palo alto networks,pan-os,palo alto networks pan-os authentication bypass vulnerability,25/03/2022,medium/high,cisa,authentication issues,authentication issues,medium/high,860,9332ddf652f196de5f53,fa7ac44e849247349b1e,False,"Identity, Access & Persistence",cisa_tipo:authentication issues,alta,asignada,2022-03-25,fecha_fuente_no_verificada_como_incidente,registro_vulnerabilidad,palo alto networks,,pan-os,palo alto networks,3,False
apache,tomcat,apache tomcat remote code execution vulnerability,25/03/2022,high,cisa,remote_code_execution,remote_code_execution,high,884,93727996b314ea6ebe54,666723a8b707b1ff4baa,False,Code Execution & Injection,cisa_tipo:remote code execution,alta,asignada,2022-03-25,fecha_fuente_no_verificada_como_incidente,registro_vulnerabilidad,apache,,tomcat,apache,4,False
php,php,php-cgi query string parameter vulnerability,25/03/2022,medium,cisa,generic vulnerability,generic vulnerability,medium,906,944b1deaa2da9038bb8b,1f101f5921c992d5cd45,False,,texto_insuficiente,pendiente,requiere_revision,2022-03-25,fecha_fuente_no_verificada_como_incidente,registro_vulnerabilidad,php,,php,php,2,False
netgear,wireless access point (wap) devices,netgear multiple wap devices command injection vulnerability,25/03/2022,high,cisa,injection,other_injection,high,889,980c551f7592276567f2,bce98f9d5b6291015a1a,False,Code Execution & Injection,cisa_tipo:injection,alta,asignada,2022-03-25,fecha_fuente_no_verificada_como_incidente,registro_vulnerabilidad,netgear,,wireless access point (wap) devices,netgear,4,False
vmware tanzu,spring data commons,vmware tanzu spring data commons property binder vulnerability,25/03/2022,medium,cisa,generic vulnerability,generic vulnerability,medium,877,982fb11789c88a09f486,6fac33fc3537bdcb2e46,False,,texto_insuficiente,pendiente,requiere_revision,2022-03-25,fecha_fuente_no_verificada_como_incidente,registro_vulnerabilidad,vmware tanzu,,spring data commons,vmware tanzu,2,False
microsoft,internet explorer scripting engine,microsoft scripting engine memory corruption vulnerability,25/03/2022,high,cisa,out-of-bounds write,out-of-bounds write,high,874,98bc2cca6deed7899173,acf648f36ac7c5bd1e14,False,Memory & Software Safety,cisa_tipo:out-of-bounds write,alta,asignada,2022-03-25,fecha_fuente_no_verificada_como_incidente,registro_vulnerabilidad,microsoft,,internet explorer scripting engine,microsoft,4,False
citrix,sd-wan and netscaler,citrix sd-wan and netscaler command injection vulnerability,25/03/2022,high,cisa,injection,other_injection,high,867,9c5256076ea4383f6615,e634a37fd68b83e06e59,False,Code Execution & Injection,cisa_tipo:injection,alta,asignada,2022-03-25,fecha_fuente_no_verificada_como_incidente,registro_vulnerabilidad,citrix,,sd-wan and netscaler,citrix,4,False
cisco,secure access control system (acs),cisco secure access control system java deserialization vulnerability,25/03/2022,medium,cisa,generic vulnerability,generic vulnerability,medium,879,9cc6324eadf0c47674f6,f8e5afc367f29abce7d4,False,"Identity, Access & Persistence",cisa_nombre:authentication|authorization|unauthorized access|privilege|credentials?|password|hard.coded|access control|permission|ownership|improper isolation|sandbox escape|session fixation|security feature bypass|protection mechanism|improper certificate|certificate validation|missing encryption|cryptographic|signature verification|integrity check|integrity verification|unprotected alternate channel|protection of alternate|spoofing|inadequate encryption strength|insecure direct object reference|dll side.loading|dll hijacking|uncontrolled search path,media,asignada,2022-03-25,fecha_fuente_no_verificada_como_incidente,registro_vulnerabilidad,cisco,,secure access control system (acs),cisco,2,False
vmware,sd-wan edge,vmware sd-wan edge by velocloud command injection vulnerability,25/03/2022,high,cisa,injection,other_injection,high,875,9cd305de0a1604dd5fcf,0d085fe548c5bca97473,False,Code Execution & Injection,cisa_tipo:injection,alta,asignada,2022-03-25,fecha_fuente_no_verificada_como_incidente,registro_vulnerabilidad,vmware,,sd-wan edge,vmware,4,False
citrix,"netscaler sd-wan enterprise, cloudbridge virtual wan, and xenmobile server",citrix multiple products remote code execution vulnerability,25/03/2022,high,cisa,remote_code_execution,remote_code_execution,high,882,9f5d0845dd709b04a046,27f05c96d890a8f91046,False,Code Execution & Injection,cisa_tipo:remote code execution,alta,asignada,2022-03-25,fecha_fuente_no_verificada_como_incidente,registro_vulnerabilidad,citrix,,"netscaler sd-wan enterprise, cloudbridge virtual wan, and xenmobile server",citrix,4,False
microsoft,windows,microsoft windows print spooler privilege escalation vulnerability,25/03/2022,high,cisa,privilege escalation,privilege escalation,high,851,aa9901486ed49902bcc5,f3de0dd8ffb820a43a49,False,"Identity, Access & Persistence",cisa_tipo:privilege escalation,alta,asignada,2022-03-25,fecha_fuente_no_verificada_como_incidente,registro_vulnerabilidad,microsoft,,windows,microsoft,4,False
vmware tanzu,spring cloud configuration (config) server,vmware tanzu spring cloud config directory traversal vulnerability,25/03/2022,high,cisa,path_traversal,path_traversal,high,857,abdc320582b0cdf96771,7475e5efc5b8aa7f0908,False,Data Collection & Exfiltration,cisa_tipo:path traversal,alta,asignada,2022-03-25,fecha_fuente_no_verificada_como_incidente,registro_vulnerabilidad,vmware tanzu,,spring cloud configuration (config) server,vmware tanzu,4,False
mitel,"micollab, mivoice business express","micollab, mivoice business express access control vulnerability",25/03/2022,medium,cisa,generic vulnerability,generic vulnerability,medium,850,b121f0c1013590079a24,a12601dbbef4f106e383,False,"Identity, Access & Persistence",cisa_nombre:authentication|authorization|unauthorized access|privilege|credentials?|password|hard.coded|access control|permission|ownership|improper isolation|sandbox escape|session fixation|security feature bypass|protection mechanism|improper certificate|certificate validation|missing encryption|cryptographic|signature verification|integrity check|integrity verification|unprotected alternate channel|protection of alternate|spoofing|inadequate encryption strength|insecure direct object reference|dll side.loading|dll hijacking|uncontrolled search path,media,asignada,2022-03-25,fecha_fuente_no_verificada_como_incidente,registro_vulnerabilidad,mitel,,"micollab, mivoice business express",mitel,2,False
php,fastcgi process manager (fpm),php fastcgi process manager (fpm) buffer overflow vulnerability,25/03/2022,high,cisa,memory_corruption,buffer_overflow,high,869,b33b65102fe8531d1718,c65c6a40d8e27060aeab,False,Memory & Software Safety,cisa_tipo:memory corruption,alta,asignada,2022-03-25,fecha_fuente_no_verificada_como_incidente,registro_vulnerabilidad,php,,fastcgi process manager (fpm),php,4,False
d-link,dsl-2760u,d-link dsl-2760u gateway cross-site scripting vulnerability,25/03/2022,medium,cisa,xss,cross_site_scripting,medium,903,b444143b2f9574fc8ea0,8f1818e6f5651c828a22,False,Code Execution & Injection,cisa_tipo:xss,alta,asignada,2022-03-25,fecha_fuente_no_verificada_como_incidente,registro_vulnerabilidad,d-link,,dsl-2760u,d-link,2,False
watchguard,firebox and xtm appliances,watchguard firebox and xtm appliances arbitrary code execution,25/03/2022,high,cisa,remote_code_execution,remote_code_execution,high,849,b67a828bb35fbde31802,817517b338b6867d3bc4,False,Code Execution & Injection,cisa_tipo:remote code execution,alta,asignada,2022-03-25,fecha_fuente_no_verificada_como_incidente,registro_vulnerabilidad,watchguard,,firebox and xtm appliances,watchguard,4,False
d-link,dcs-930l devices,d-link dcs-930l devices os command injection vulnerability,25/03/2022,high,cisa,injection,other_injection,high,890,b6c9ef2a073b21718587,5ab5a6eaa9beedd1a4e4,False,Code Execution & Injection,cisa_tipo:injection,alta,asignada,2022-03-25,fecha_fuente_no_verificada_como_incidente,registro_vulnerabilidad,d-link,,dcs-930l devices,d-link,4,False
citrix,sharefile,citrix sharefile improper access control vulnerability,25/03/2022,medium,cisa,generic vulnerability,generic vulnerability,medium,853,bc1da59749d969c8e6cf,0b1064febf9428b58d48,False,"Identity, Access & Persistence",cisa_nombre:authentication|authorization|unauthorized access|privilege|credentials?|password|hard.coded|access control|permission|ownership|improper isolation|sandbox escape|session fixation|security feature bypass|protection mechanism|improper certificate|certificate validation|missing encryption|cryptographic|signature verification|integrity check|integrity verification|unprotected alternate channel|protection of alternate|spoofing|inadequate encryption strength|insecure direct object reference|dll side.loading|dll hijacking|uncontrolled search path,media,asignada,2022-03-25,fecha_fuente_no_verificada_como_incidente,registro_vulnerabilidad,citrix,,sharefile,citrix,2,False
adobe,flash player,adobe flash player use-after-free vulnerability,25/03/2022,high,cisa,use-after-free,use-after-free,high,887,bdb7b52f75d343257577,26c8626d53ff017a0670,False,Memory & Software Safety,cisa_tipo:use-after-free,alta,asignada,2022-03-25,fecha_fuente_no_verificada_como_incidente,registro_vulnerabilidad,adobe,,flash player,adobe,4,False
adobe,reader and acrobat,adobe reader and adobe acrobat stack-based buffer overflow vulnerability,25/03/2022,high,cisa,memory_corruption,buffer_overflow,high,913,cb0b532a8f40815ef6d2,2b5c27d1361e4ee6da3e,False,Memory & Software Safety,cisa_tipo:memory corruption,alta,asignada,2022-03-25,fecha_fuente_no_verificada_como_incidente,registro_vulnerabilidad,adobe,,reader and acrobat,adobe,4,False
lg,n1a1 nas,lg n1a1 nas remote command execution vulnerability,25/03/2022,medium,cisa,generic vulnerability,generic vulnerability,medium,876,ccbbd2c6a036deff2a9c,80d98f2a5f2416b1582e,False,Code Execution & Injection,cisa_nombre:code execution|command execution|code injection|command injection|sql injection|injection|deserialization|cross.site scripting|xss|file upload|upload of|file type upload|embedded malicious code|download of code|arbitrary code|improper neutralization|improper escaping|server.side request forgery|request smuggling|http request splitting,media,asignada,2022-03-25,fecha_fuente_no_verificada_como_incidente,registro_vulnerabilidad,lg,,n1a1 nas,lg,2,False
quest,kace system management appliance,quest kace system management appliance remote command execution vulnerability,25/03/2022,medium,cisa,generic vulnerability,generic vulnerability,medium,878,d88a95a105070addfdfa,f789610b93461b85575b,False,Code Execution & Injection,cisa_nombre:code execution|command execution|code injection|command injection|sql injection|injection|deserialization|cross.site scripting|xss|file upload|upload of|file type upload|embedded malicious code|download of code|arbitrary code|improper neutralization|improper escaping|server.side request forgery|request smuggling|http request splitting,media,asignada,2022-03-25,fecha_fuente_no_verificada_como_incidente,registro_vulnerabilidad,quest,,kace system management appliance,quest,2,False
exim,exim,exim privilege escalation vulnerability,25/03/2022,high,cisa,privilege escalation,privilege escalation,high,907,db279c6609ecd41d081d,c49fdd8c933c119fd196,False,"Identity, Access & Persistence",cisa_tipo:privilege escalation,alta,asignada,2022-03-25,fecha_fuente_no_verificada_como_incidente,registro_vulnerabilidad,exim,,exim,exim,4,False
cisco,ios xr,cisco ios xr border gateway protocol (bgp) denial-of-service vulnerability,25/03/2022,medium,cisa,generic vulnerability,generic vulnerability,medium,909,e1a300242c3e9edc8d9b,72ac6afa5dc7d22edfb2,False,Impact & Availability,cisa_nombre:denial.of.service|resource exhaustion|infinite loop|uncontrolled resource consumption|data destruction|arbitrary file deletion,media,asignada,2022-03-25,fecha_fuente_no_verificada_como_incidente,registro_vulnerabilidad,cisco,,ios xr,cisco,2,False
microsoft,windows,microsoft windows object linking & embedding (ole) automation array remote code execution vulnerability,25/03/2022,high,cisa,memory corruption,memory corruption,high,898,e5447e15a6c919b8569c,e42bdc3a3da269640339,False,Memory & Software Safety,cisa_tipo:memory corruption,alta,asignada,2022-03-25,fecha_fuente_no_verificada_como_incidente,registro_vulnerabilidad,microsoft,,windows,microsoft,4,False
webmin,webmin,webmin command injection vulnerability,25/03/2022,high,cisa,injection,other_injection,high,866,f05de227a73041f7cc8c,1daa61755b7fdfd4b3cd,False,Code Execution & Injection,cisa_tipo:injection,alta,asignada,2022-03-25,fecha_fuente_no_verificada_como_incidente,registro_vulnerabilidad,webmin,,webmin,webmin,4,False
elastic,elasticsearch,elasticsearch remote code execution vulnerability,25/03/2022,high,cisa,remote_code_execution,remote_code_execution,high,901,f546aa22ee43c8029b37,7d65bc05d3aae03abe6d,False,Code Execution & Injection,cisa_tipo:remote code execution,alta,asignada,2022-03-25,fecha_fuente_no_verificada_como_incidente,registro_vulnerabilidad,elastic,,elasticsearch,elastic,4,False
jenkins,matrix project plugin,jenkins matrix project plugin remote code execution vulnerability,25/03/2022,high,cisa,remote_code_execution,remote_code_execution,high,871,f6a73998bcde3c1c9833,2f8b45c3d2f80fbf336c,False,Code Execution & Injection,cisa_tipo:remote code execution,alta,asignada,2022-03-25,fecha_fuente_no_verificada_como_incidente,registro_vulnerabilidad,jenkins,,matrix project plugin,jenkins,4,False
tp-link,multiple archer devices,tp-link multiple archer devices directory traversal vulnerability,25/03/2022,high,cisa,path_traversal,path_traversal,high,894,f7c00b91d05c3a00cc12,2368c3b70b62aa6bb439,False,Data Collection & Exfiltration,cisa_tipo:path traversal,alta,asignada,2022-03-25,fecha_fuente_no_verificada_como_incidente,registro_vulnerabilidad,tp-link,,multiple archer devices,tp-link,4,False
apache,struts,apache struts improper input validation vulnerability,25/03/2022,medium,cisa,generic vulnerability,generic vulnerability,medium,905,f8dcb3b2c35e51a8ae38,f4ae81a43ca6fe2f1e17,False,Memory & Software Safety,cisa_nombre:buffer overflow|memory corruption|out.of.bounds|use.after.free|type confusion|double.free|heap.based|stack.based|integer overflow|integer underflow|race condition|time.of.check|arbitrary read and write|uninitialized (memory|variable)|improper input validation|improper validation|improper resource (shutdown|release)|null pointer|memory initialization|memory leak|format string|untrusted pointer dereference|double dereference|out.of.range pointer|record corruption|insufficient (input|data) validation|invalid input|data validation|detection of error condition,media,asignada,2022-03-25,fecha_fuente_no_verificada_como_incidente,registro_vulnerabilidad,apache,,struts,apache,2,False
d-link,dir-610 devices,d-link dir-610 devices remote command execution,25/03/2022,medium,cisa,generic vulnerability,generic vulnerability,medium,854,fc4d15d2af1d7cbb7d0d,b77e5258290a008118c9,False,Code Execution & Injection,cisa_nombre:code execution|command execution|code injection|command injection|sql injection|injection|deserialization|cross.site scripting|xss|file upload|upload of|file type upload|embedded malicious code|download of code|arbitrary code|improper neutralization|improper escaping|server.side request forgery|request smuggling|http request splitting,media,asignada,2022-03-25,fecha_fuente_no_verificada_como_incidente,registro_vulnerabilidad,d-link,,dir-610 devices,d-link,2,False
apache,tomcat,apache tomcat on windows remote code execution vulnerability,25/03/2022,high,cisa,remote_code_execution,remote_code_execution,high,885,fe4767700171e2af974d,72d160771396982af2e4,False,Code Execution & Injection,cisa_tipo:remote code execution,alta,asignada,2022-03-25,fecha_fuente_no_verificada_como_incidente,registro_vulnerabilidad,apache,,tomcat,apache,4,False
google,chromium v8,google chromium v8 type confusion vulnerability,28/03/2022,high,cisa,type confusion,type confusion,high,817,0196bedabb1d84c342c1,71182e2b82bca2d33474,False,Memory & Software Safety,cisa_tipo:type confusion,alta,asignada,2022-03-28,fecha_fuente_no_verificada_como_incidente,registro_vulnerabilidad,google,,chromium v8,google,4,False
microsoft,win32k,microsoft win32k privilege escalation vulnerability,28/03/2022,high,cisa,memory corruption,memory corruption,high,838,0aef1601add95110ed26,8d34dc759203c076820a,False,Memory & Software Safety,cisa_tipo:memory corruption,alta,asignada,2022-03-28,fecha_fuente_no_verificada_como_incidente,registro_vulnerabilidad,microsoft,,win32k,microsoft,4,False
microsoft,edge and internet explorer,microsoft edge and internet explorer type confusion vulnerability,28/03/2022,medium,cisa,generic vulnerability,generic vulnerability,medium,829,0c673a6932d624f56a36,7fb273d90c210d3796a1,False,Memory & Software Safety,cisa_nombre:buffer overflow|memory corruption|out.of.bounds|use.after.free|type confusion|double.free|heap.based|stack.based|integer overflow|integer underflow|race condition|time.of.check|arbitrary read and write|uninitialized (memory|variable)|improper input validation|improper validation|improper resource (shutdown|release)|null pointer|memory initialization|memory leak|format string|untrusted pointer dereference|double dereference|out.of.range pointer|record corruption|insufficient (input|data) validation|invalid input|data validation|detection of error condition,media,asignada,2022-03-28,fecha_fuente_no_verificada_como_incidente,registro_vulnerabilidad,microsoft,,edge and internet explorer,microsoft,2,False
sonicwall,secure remote access (sra),sonicwall secure remote access (sra) sql injection vulnerability,28/03/2022,high,cisa,injection,other_injection,high,822,11af1feafff8f64a6123,1d09123dd3c3f282940d,False,Code Execution & Injection,cisa_tipo:injection,alta,asignada,2022-03-28,fecha_fuente_no_verificada_como_incidente,registro_vulnerabilidad,sonicwall,,secure remote access (sra),sonicwall,4,False
sonicwall,sma100,sonicwall sma100 directory traversal vulnerability,28/03/2022,high,cisa,path_traversal,path_traversal,high,823,259d4edbca5397d4ba8e,31a5481d83c861d5a869,False,Data Collection & Exfiltration,cisa_tipo:path traversal,alta,asignada,2022-03-28,fecha_fuente_no_verificada_como_incidente,registro_vulnerabilidad,sonicwall,,sma100,sonicwall,4,False
microsoft,internet explorer,microsoft internet explorer use-after-free vulnerability,28/03/2022,high,cisa,use-after-free,use-after-free,high,840,2d1f1fdc4c334bf9268b,55db9abb4fdbfd23f213,False,Memory & Software Safety,cisa_tipo:use-after-free,alta,asignada,2022-03-28,fecha_fuente_no_verificada_como_incidente,registro_vulnerabilidad,microsoft,,internet explorer,microsoft,4,False
microsoft,windows,microsoft windows kernel privilege escalation vulnerability,28/03/2022,high,cisa,privilege escalation,privilege escalation,high,834,34f867b6778b9edc8f10,e143cd4fb09b01661136,False,"Identity, Access & Persistence",cisa_tipo:privilege escalation,alta,asignada,2022-03-28,fecha_fuente_no_verificada_como_incidente,registro_vulnerabilidad,microsoft,,windows,microsoft,4,False
microsoft,office,microsoft office access connectivity engine remote code execution vulnerability,28/03/2022,high,cisa,remote_code_execution,remote_code_execution,high,819,5030beb719e850696926,f438e40ff8be77399739,False,Code Execution & Injection,cisa_tipo:remote code execution,alta,asignada,2022-03-28,fecha_fuente_no_verificada_como_incidente,registro_vulnerabilidad,microsoft,,office,microsoft,4,False
oracle,java se,oracle java se unspecified vulnerability,28/03/2022,medium,cisa,unspecified,unspecified,medium,841,52b4f5cfd0f3fa4bb1d9,27601bf20d93dcfd52c4,False,,texto_insuficiente,pendiente,requiere_revision,2022-03-28,fecha_fuente_no_verificada_como_incidente,registro_vulnerabilidad,oracle,,java se,oracle,2,False
redis,debian-specific redis servers,debian-specific redis server lua sandbox escape vulnerability,28/03/2022,medium,cisa,authorization issues,authorization issues,medium,818,5ada86c2fa47a86d366d,1e2c5e8138b066c5f89e,False,"Identity, Access & Persistence",cisa_tipo:authorization issues,alta,asignada,2022-03-28,fecha_fuente_no_verificada_como_incidente,registro_vulnerabilidad,redis,,debian-specific redis servers,redis,2,False
microsoft,windows,microsoft windows adobe type manager library remote code execution vulnerability,28/03/2022,high,cisa,memory corruption,memory corruption,high,835,6093366f11f55c2e21ea,22c590086b1bb550fb8e,False,Memory & Software Safety,cisa_tipo:memory corruption,alta,asignada,2022-03-28,fecha_fuente_no_verificada_como_incidente,registro_vulnerabilidad,microsoft,,windows,microsoft,4,False
microsoft,windows,microsoft windows kernel stack-based buffer overflow vulnerability,28/03/2022,high,cisa,memory corruption,memory corruption,high,848,621a026688af27ea7f36,36cf1fc9ffbf681f5195,False,Memory & Software Safety,cisa_tipo:memory corruption,alta,asignada,2022-03-28,fecha_fuente_no_verificada_como_incidente,registro_vulnerabilidad,microsoft,,windows,microsoft,4,False
microsoft,directx graphics kernel (dxgkrnl),microsoft directx graphics kernel privilege escalation vulnerability,28/03/2022,high,cisa,privilege escalation,privilege escalation,high,825,8bfacf25d9953d580e5e,8014dc829d4ff4160d3b,False,"Identity, Access & Persistence",cisa_tipo:privilege escalation,alta,asignada,2022-03-28,fecha_fuente_no_verificada_como_incidente,registro_vulnerabilidad,microsoft,,directx graphics kernel (dxgkrnl),microsoft,4,False
microsoft,edge,microsoft edge memory corruption vulnerability,28/03/2022,high,cisa,memory corruption,memory corruption,high,830,8c53596d9dfa88d44c8f,09cbd78ca02afcefe579,False,Memory & Software Safety,cisa_tipo:memory corruption,alta,asignada,2022-03-28,fecha_fuente_no_verificada_como_incidente,registro_vulnerabilidad,microsoft,,edge,microsoft,4,False
microsoft,internet explorer,microsoft internet explorer information disclosure vulnerability,28/03/2022,medium,cisa,information disclosure,information disclosure,medium,828,8f17dbb382551fe7ef8f,0997ceea919362b1be68,False,Data Collection & Exfiltration,cisa_tipo:information disclosure,alta,asignada,2022-03-28,fecha_fuente_no_verificada_como_incidente,registro_vulnerabilidad,microsoft,,internet explorer,microsoft,2,False
microsoft,windows,microsoft windows event tracing privilege escalation vulnerability,28/03/2022,high,cisa,use-after-free,use-after-free,high,820,a0c0792bc3ac70a5e2ce,766e82168774b69cdd82,False,Memory & Software Safety,cisa_tipo:use-after-free,alta,asignada,2022-03-28,fecha_fuente_no_verificada_como_incidente,registro_vulnerabilidad,microsoft,,windows,microsoft,4,False
microsoft,windows,microsoft windows privilege escalation vulnerability,28/03/2022,high,cisa,privilege escalation,privilege escalation,high,824,b085b815c2d1ee467a9a,c0192d9bd4fd295e4ee7,False,"Identity, Access & Persistence",cisa_tipo:privilege escalation,alta,asignada,2022-03-28,fecha_fuente_no_verificada_como_incidente,registro_vulnerabilidad,microsoft,,windows,microsoft,4,False
adobe,reader and acrobat,adobe reader and acrobat arbitrary integer overflow vulnerability,28/03/2022,high,cisa,memory_corruption,buffer_overflow,high,839,b0ae4198224d3a44e976,f922ba8f69da8ed74962,False,Memory & Software Safety,cisa_tipo:memory corruption,alta,asignada,2022-03-28,fecha_fuente_no_verificada_como_incidente,registro_vulnerabilidad,adobe,,reader and acrobat,adobe,4,False
adobe,flash player,adobe flash player memory corruption vulnerability,28/03/2022,high,cisa,memory corruption,memory corruption,high,845,b3c35a7f261c09c89ae0,38f90fd5177c1b080428,False,Memory & Software Safety,cisa_tipo:memory corruption,alta,asignada,2022-03-28,fecha_fuente_no_verificada_como_incidente,registro_vulnerabilidad,adobe,,flash player,adobe,4,False
oracle,java se,oracle java se sandbox bypass vulnerability,28/03/2022,medium/high,cisa,authentication issues,authentication issues,medium/high,843,bd58c98cf0f4a2cd02ba,16428e7ba8d34ca5a271,False,"Identity, Access & Persistence",cisa_tipo:authentication issues,alta,asignada,2022-03-28,fecha_fuente_no_verificada_como_incidente,registro_vulnerabilidad,oracle,,java se,oracle,3,False
oracle,fusion middleware,oracle fusion middleware unspecified vulnerability,28/03/2022,medium,cisa,generic vulnerability,generic vulnerability,medium,846,c0597472d3cdf6c6e65f,b29f4002942b1199dfbb,False,,texto_insuficiente,pendiente,requiere_revision,2022-03-28,fecha_fuente_no_verificada_como_incidente,registro_vulnerabilidad,oracle,,fusion middleware,oracle,2,False
microsoft,client-server run-time subsystem (csrss),microsoft windows csrss security feature bypass vulnerability,28/03/2022,medium/high,cisa,authentication issues,authentication issues,medium/high,833,c7f438ae8592f1f4de68,af34feb93519d1e4f513,False,"Identity, Access & Persistence",cisa_tipo:authentication issues,alta,asignada,2022-03-28,fecha_fuente_no_verificada_como_incidente,registro_vulnerabilidad,microsoft,,client-server run-time subsystem (csrss),microsoft,3,False
microsoft,word,microsoft word remote code execution vulnerability,28/03/2022,high,cisa,remote_code_execution,remote_code_execution,high,844,d05437f12d6376cf5c2e,7abc5a318491311855a8,False,Code Execution & Injection,cisa_tipo:remote code execution,alta,asignada,2022-03-28,fecha_fuente_no_verificada_como_incidente,registro_vulnerabilidad,microsoft,,word,microsoft,4,False
mozilla,firefox and thunderbird,mozilla firefox and thunderbird denial-of-service vulnerability,28/03/2022,high,cisa,memory corruption,memory corruption,high,842,db1690f944a6cf8d3bdb,7aeed824e477b9dc896d,False,Memory & Software Safety,cisa_tipo:memory corruption,alta,asignada,2022-03-28,fecha_fuente_no_verificada_como_incidente,registro_vulnerabilidad,mozilla,,firefox and thunderbird,mozilla,4,False
microsoft,ancillary function driver (afd.sys),microsoft ancillary function driver (afd.sys) improper input validation vulnerability,28/03/2022,medium,cisa,generic vulnerability,generic vulnerability,medium,847,de398888633891a3066f,50703fe19056e231e0fa,False,Memory & Software Safety,cisa_nombre:buffer overflow|memory corruption|out.of.bounds|use.after.free|type confusion|double.free|heap.based|stack.based|integer overflow|integer underflow|race condition|time.of.check|arbitrary read and write|uninitialized (memory|variable)|improper input validation|improper validation|improper resource (shutdown|release)|null pointer|memory initialization|memory leak|format string|untrusted pointer dereference|double dereference|out.of.range pointer|record corruption|insufficient (input|data) validation|invalid input|data validation|detection of error condition,media,asignada,2022-03-28,fecha_fuente_no_verificada_como_incidente,registro_vulnerabilidad,microsoft,,ancillary function driver (afd.sys),microsoft,2,False
atlassian,confluence server,atlassian confluence server pre-authorization arbitrary file read vulnerability,28/03/2022,medium,cisa,generic vulnerability,generic vulnerability,medium,821,e462fcf3521eb6e0af2b,2f125019dba2837a3e13,False,"Identity, Access & Persistence",cisa_nombre:authentication|authorization|unauthorized access|privilege|credentials?|password|hard.coded|access control|permission|ownership|improper isolation|sandbox escape|session fixation|security feature bypass|protection mechanism|improper certificate|certificate validation|missing encryption|cryptographic|signature verification|integrity check|integrity verification|unprotected alternate channel|protection of alternate|spoofing|inadequate encryption strength|insecure direct object reference|dll side.loading|dll hijacking|uncontrolled search path,media,asignada,2022-03-28,fecha_fuente_no_verificada_como_incidente,registro_vulnerabilidad,atlassian,,confluence server,atlassian,2,False
microsoft,internet explorer,microsoft internet explorer memory corruption vulnerability,28/03/2022,high,cisa,memory corruption,memory corruption,high,832,e51df26901bdc36355ef,b490036b53f509dfe8ff,False,Memory & Software Safety,cisa_tipo:memory corruption,alta,asignada,2022-03-28,fecha_fuente_no_verificada_como_incidente,registro_vulnerabilidad,microsoft,,internet explorer,microsoft,4,False
microsoft,office,microsoft office uninitialized memory use vulnerability,28/03/2022,medium,cisa,generic vulnerability,generic vulnerability,medium,837,e7903aec96024f489a58,2cd309f49c0e8a9a7327,False,Memory & Software Safety,cisa_nombre:buffer overflow|memory corruption|out.of.bounds|use.after.free|type confusion|double.free|heap.based|stack.based|integer overflow|integer underflow|race condition|time.of.check|arbitrary read and write|uninitialized (memory|variable)|improper input validation|improper validation|improper resource (shutdown|release)|null pointer|memory initialization|memory leak|format string|untrusted pointer dereference|double dereference|out.of.range pointer|record corruption|insufficient (input|data) validation|invalid input|data validation|detection of error condition,media,asignada,2022-03-28,fecha_fuente_no_verificada_como_incidente,registro_vulnerabilidad,microsoft,,office,microsoft,2,False
windows,,server software component: terminal services dll,28/03/2022,medium/high,mitre,server software component: terminal services dll,server software component: terminal services dll,medium/high,1973,e94a52c98ddfe636d53d,7c64c3861d16b472509f,False,"Identity, Access & Persistence",mitre_parent:server software component,alta,asignada,2022-03-28,fecha_fuente_no_verificada_como_incidente,tecnica_mitre,,windows,__NO_INFORMADO__,windows,3,False
microsoft,windows,microsoft windows user profile service privilege escalation vulnerability,31/03/2022,high,cisa,privilege escalation,privilege escalation,high,812,060be183e2500d57ef8e,9a480c618bb072b4e517,False,"Identity, Access & Persistence",cisa_tipo:privilege escalation,alta,asignada,2022-03-31,fecha_fuente_no_verificada_como_incidente,registro_vulnerabilidad,microsoft,,windows,microsoft,4,False
qnap,network attached storage (nas),qnap nas improper authorization vulnerability,31/03/2022,medium,cisa,generic vulnerability,generic vulnerability,medium,813,3298fcd7584575006888,2fdab2480800572d09ef,False,"Identity, Access & Persistence",cisa_nombre:authentication|authorization|unauthorized access|privilege|credentials?|password|hard.coded|access control|permission|ownership|improper isolation|sandbox escape|session fixation|security feature bypass|protection mechanism|improper certificate|certificate validation|missing encryption|cryptographic|signature verification|integrity check|integrity verification|unprotected alternate channel|protection of alternate|spoofing|inadequate encryption strength|insecure direct object reference|dll side.loading|dll hijacking|uncontrolled search path,media,asignada,2022-03-31,fecha_fuente_no_verificada_como_incidente,registro_vulnerabilidad,qnap,,network attached storage (nas),qnap,2,False
dasan,gigabit passive optical network (gpon) routers,dasan gpon routers authentication bypass vulnerability,31/03/2022,medium,cisa,authentication issues,authentication issues,medium,816,5411db72faeb6d7d687f,390d69a157ed489e5950,False,"Identity, Access & Persistence",cisa_tipo:authentication issues,alta,asignada,2022-03-31,fecha_fuente_no_verificada_como_incidente,registro_vulnerabilidad,dasan,,gigabit passive optical network (gpon) routers,dasan,2,False
dasan,gigabit passive optical network (gpon) routers,dasan gpon routers command injection vulnerability,31/03/2022,high,cisa,injection,other_injection,high,815,5dedbc93767e04ba1000,adaeef3e6952a66b28d2,False,Code Execution & Injection,cisa_tipo:injection,alta,asignada,2022-03-31,fecha_fuente_no_verificada_como_incidente,registro_vulnerabilidad,dasan,,gigabit passive optical network (gpon) routers,dasan,4,False
dell,dbutil driver,dell dbutil driver insufficient access control vulnerability,31/03/2022,medium,cisa,generic vulnerability,generic vulnerability,medium,814,64cafb8dc37e9dacd144,4404b1082d83f02c336b,False,"Identity, Access & Persistence",cisa_nombre:authentication|authorization|unauthorized access|privilege|credentials?|password|hard.coded|access control|permission|ownership|improper isolation|sandbox escape|session fixation|security feature bypass|protection mechanism|improper certificate|certificate validation|missing encryption|cryptographic|signature verification|integrity check|integrity verification|unprotected alternate channel|protection of alternate|spoofing|inadequate encryption strength|insecure direct object reference|dll side.loading|dll hijacking|uncontrolled search path,media,asignada,2022-03-31,fecha_fuente_no_verificada_como_incidente,registro_vulnerabilidad,dell,,dbutil driver,dell,2,False
sophos,firewall,sophos firewall authentication bypass vulnerability,31/03/2022,medium/high,cisa,authentication issues,authentication issues,medium/high,811,be8330ef508bb0fdb7ac,088ac0605c7ef5ece5c5,False,"Identity, Access & Persistence",cisa_tipo:authentication issues,alta,asignada,2022-03-31,fecha_fuente_no_verificada_como_incidente,registro_vulnerabilidad,sophos,,firewall,sophos,3,False
trend micro,apex central,trend micro apex central arbitrary file upload vulnerability,31/03/2022,medium,cisa,generic vulnerability,generic vulnerability,medium,810,c63d842ac8c0e95f369a,59bb653015359c67e159,False,Code Execution & Injection,cisa_nombre:code execution|command execution|code injection|command injection|sql injection|injection|deserialization|cross.site scripting|xss|file upload|upload of|file type upload|embedded malicious code|download of code|arbitrary code|improper neutralization|improper escaping|server.side request forgery|request smuggling|http request splitting,media,asignada,2022-03-31,fecha_fuente_no_verificada_como_incidente,registro_vulnerabilidad,trend micro,,apex central,trend micro,2,False
"iaas, identity provider, linux, office suite, saas, windows, macos",,multi-factor authentication request generation,01/04/2022,medium/high,mitre,multi-factor authentication request generation,multi-factor authentication request generation,medium/high,1822,171e1007d932eb097d52,5f86e629c5b388815db6,False,"Identity, Access & Persistence",mitre_parent:multi-factor authentication request generation,alta,asignada,2022-04-01,fecha_fuente_no_verificada_como_incidente,tecnica_mitre,,"iaas, identity provider, linux, office suite, saas, windows, macos",__NO_INFORMADO__,"iaas, identity provider, linux, office suite, saas, windows, macos",3,False
"linux, windows, macos",,debugger evasion,01/04/2022,medium/high,mitre,debugger evasion,debugger evasion,medium/high,1596,3a049565c7edf6edcdca,37c0440d5c9a24d3de6d,False,Reconnaissance & Attack Operations,mitre_parent:debugger evasion,alta,asignada,2022-04-01,fecha_fuente_no_verificada_como_incidente,tecnica_mitre,,"linux, windows, macos",__NO_INFORMADO__,"linux, windows, macos",3,False
apple,macos,apple macos out-of-bounds read vulnerability,04/04/2022,medium,cisa,generic vulnerability,generic vulnerability,medium,808,0e21304c1dfc3af3f94f,2a86a1b7efb941de9e56,False,Memory & Software Safety,cisa_nombre:buffer overflow|memory corruption|out.of.bounds|use.after.free|type confusion|double.free|heap.based|stack.based|integer overflow|integer underflow|race condition|time.of.check|arbitrary read and write|uninitialized (memory|variable)|improper input validation|improper validation|improper resource (shutdown|release)|null pointer|memory initialization|memory leak|format string|untrusted pointer dereference|double dereference|out.of.range pointer|record corruption|insufficient (input|data) validation|invalid input|data validation|detection of error condition,media,asignada,2022-04-04,fecha_fuente_no_verificada_como_incidente,registro_vulnerabilidad,apple,,macos,apple,2,False
vmware,spring framework,spring framework jdk 9+ remote code execution vulnerability,04/04/2022,high,cisa,remote_code_execution,remote_code_execution,high,806,3b49e3ef52985b31980c,0223e180bafd2d30b407,False,Code Execution & Injection,cisa_tipo:remote code execution,alta,asignada,2022-04-04,fecha_fuente_no_verificada_como_incidente,registro_vulnerabilidad,vmware,,spring framework,vmware,4,False
apple,macos,apple macos out-of-bounds write vulnerability,04/04/2022,medium,cisa,generic vulnerability,generic vulnerability,medium,807,895d7c13685027e827b5,10ec9353324f58f895ff,False,Memory & Software Safety,cisa_nombre:buffer overflow|memory corruption|out.of.bounds|use.after.free|type confusion|double.free|heap.based|stack.based|integer overflow|integer underflow|race condition|time.of.check|arbitrary read and write|uninitialized (memory|variable)|improper input validation|improper validation|improper resource (shutdown|release)|null pointer|memory initialization|memory leak|format string|untrusted pointer dereference|double dereference|out.of.range pointer|record corruption|insufficient (input|data) validation|invalid input|data validation|detection of error condition,media,asignada,2022-04-04,fecha_fuente_no_verificada_como_incidente,registro_vulnerabilidad,apple,,macos,apple,2,False
d-link,multiple routers,d-link multiple routers remote code execution vulnerability,04/04/2022,high,cisa,remote_code_execution,remote_code_execution,high,809,c8391d79ca67b29f72dc,88de0e360a96560d4b7f,False,Code Execution & Injection,cisa_tipo:remote code execution,alta,asignada,2022-04-04,fecha_fuente_no_verificada_como_incidente,registro_vulnerabilidad,d-link,,multiple routers,d-link,4,False
microsoft,http protocol stack,microsoft http protocol stack remote code execution vulnerability,06/04/2022,high,cisa,use-after-free,use-after-free,high,804,751d937c563b397b581e,b2006fd6c9163a4b38b5,False,Memory & Software Safety,cisa_tipo:use-after-free,alta,asignada,2022-04-06,fecha_fuente_no_verificada_como_incidente,registro_vulnerabilidad,microsoft,,http protocol stack,microsoft,4,False
sudo,sudo,sudo heap-based buffer overflow vulnerability,06/04/2022,high,cisa,memory_corruption,buffer_overflow,high,803,ba04bb394dead5dee9c3,617e8a89e81cd3fe0141,False,Memory & Software Safety,cisa_tipo:memory corruption,alta,asignada,2022-04-06,fecha_fuente_no_verificada_como_incidente,registro_vulnerabilidad,sudo,,sudo,sudo,4,False
microsoft,smbv1 server,microsoft smbv1 server remote code execution vulnerability,06/04/2022,high,cisa,remote_code_execution,remote_code_execution,high,805,f58dab7b9167444672e3,690224e12b3d42c6b7c2,False,Code Execution & Injection,cisa_tipo:remote code execution,alta,asignada,2022-04-06,fecha_fuente_no_verificada_como_incidente,registro_vulnerabilidad,microsoft,,smbv1 server,microsoft,4,False
macos,,plist file modification,09/04/2022,medium/high,mitre,plist file modification,plist file modification,medium/high,1893,8a1cea32dc46ce75ed4c,7781a66263723ec02ed2,False,"Identity, Access & Persistence",mitre_parent:plist file modification,alta,asignada,2022-04-09,fecha_fuente_no_verificada_como_incidente,tecnica_mitre,,macos,__NO_INFORMADO__,macos,3,False
checkbox,checkbox survey,checkbox survey deserialization of untrusted data vulnerability,11/04/2022,high,cisa,insecure_deserialization,insecure_deserialization,high,799,32ae199cb518a57ee292,7308ddb15f93808f7e4e,False,Code Execution & Injection,cisa_tipo:insecure deserialization,alta,asignada,2022-04-11,fecha_fuente_no_verificada_como_incidente,registro_vulnerabilidad,checkbox,,checkbox survey,checkbox,4,False
qnap,qnap network-attached storage (nas),qnap network-attached storage (nas) command injection vulnerability,11/04/2022,high,cisa,injection,other_injection,high,801,42b01408e3bd6e5ddd26,96d6ec4f3bdd326f7b6a,False,Code Execution & Injection,cisa_tipo:injection,alta,asignada,2022-04-11,fecha_fuente_no_verificada_como_incidente,registro_vulnerabilidad,qnap,,qnap network-attached storage (nas),qnap,4,False
microsoft,active directory,microsoft active directory domain services privilege escalation vulnerability,11/04/2022,high,cisa,privilege escalation,privilege escalation,high,796,60becf6bf38f2d18073f,c634bad688a3688d6c82,False,"Identity, Access & Persistence",cisa_tipo:privilege escalation,alta,asignada,2022-04-11,fecha_fuente_no_verificada_como_incidente,registro_vulnerabilidad,microsoft,,active directory,microsoft,4,False
watchguard,firebox and xtm,watchguard firebox and xtm privilege escalation vulnerability,11/04/2022,high,cisa,privilege escalation,privilege escalation,high,795,648163f034dac27fe277,f7d8f2c9bb68cb7f9832,False,"Identity, Access & Persistence",cisa_tipo:privilege escalation,alta,asignada,2022-04-11,fecha_fuente_no_verificada_como_incidente,registro_vulnerabilidad,watchguard,,firebox and xtm,watchguard,4,False
telerik,user interface (ui) for asp.net ajax,telerik ui for asp.net ajax unrestricted file upload vulnerability,11/04/2022,medium,cisa,generic vulnerability,generic vulnerability,medium,802,bbf97d5dea04ba32963a,37b54d66e250ad96003f,False,Code Execution & Injection,cisa_nombre:code execution|command execution|code injection|command injection|sql injection|injection|deserialization|cross.site scripting|xss|file upload|upload of|file type upload|embedded malicious code|download of code|arbitrary code|improper neutralization|improper escaping|server.side request forgery|request smuggling|http request splitting,media,asignada,2022-04-11,fecha_fuente_no_verificada_como_incidente,registro_vulnerabilidad,telerik,,user interface (ui) for asp.net ajax,telerik,2,False
google,pixel,google pixel out-of-bounds write vulnerability,11/04/2022,high,cisa,out-of-bounds write,out-of-bounds write,high,798,c20a80a1d987791aefd0,77e0c5e9c524ad22b8eb,False,Memory & Software Safety,cisa_tipo:out-of-bounds write,alta,asignada,2022-04-11,fecha_fuente_no_verificada_como_incidente,registro_vulnerabilidad,google,,pixel,google,4,False
linux,kernel,linux kernel privilege escalation vulnerability,11/04/2022,high,cisa,privilege escalation,privilege escalation,high,800,e3c08d356cdc0fe95f40,404f6ef4a99fa95df205,False,"Identity, Access & Persistence",cisa_tipo:privilege escalation,alta,asignada,2022-04-11,fecha_fuente_no_verificada_como_incidente,registro_vulnerabilidad,linux,,kernel,linux,4,False
drupal,core,drupal core remote code execution vulnerability,13/04/2022,high,cisa,remote_code_execution,remote_code_execution,high,786,4a0c10e9d33faa9b8575,97721fce4a7ea97c6d14,False,Code Execution & Injection,cisa_tipo:remote code execution,alta,asignada,2022-04-13,fecha_fuente_no_verificada_como_incidente,registro_vulnerabilidad,drupal,,core,drupal,4,False
microsoft,windows,microsoft windows clfs driver privilege escalation vulnerability,13/04/2022,high,cisa,out-of-bounds write,out-of-bounds write,high,785,a0eb8dbd69ccb50e09a1,da287254a614980bf84d,False,Memory & Software Safety,cisa_tipo:out-of-bounds write,alta,asignada,2022-04-13,fecha_fuente_no_verificada_como_incidente,registro_vulnerabilidad,microsoft,,windows,microsoft,4,False
adobe,flash player,adobe flash player use-after-free vulnerability,13/04/2022,high,cisa,use-after-free,use-after-free,high,788,a7fc3d7223ca52bd7d09,26c8626d53ff017a0670,False,Memory & Software Safety,cisa_tipo:use-after-free,alta,asignada,2022-04-13,fecha_fuente_no_verificada_como_incidente,registro_vulnerabilidad,adobe,,flash player,adobe,4,False
adobe,flash player,adobe flash player remote code execution vulnerability,13/04/2022,high,cisa,remote_code_execution,remote_code_execution,high,793,ad875451c9abdde0a631,ecc990a27ed8c1763e9d,False,Code Execution & Injection,cisa_tipo:remote code execution,alta,asignada,2022-04-13,fecha_fuente_no_verificada_como_incidente,registro_vulnerabilidad,adobe,,flash player,adobe,4,False
microsoft,internet explorer,microsoft internet explorer memory corruption vulnerability,13/04/2022,high,cisa,memory corruption,memory corruption,high,791,c6003269e11d5d51f777,b490036b53f509dfe8ff,False,Memory & Software Safety,cisa_tipo:memory corruption,alta,asignada,2022-04-13,fecha_fuente_no_verificada_como_incidente,registro_vulnerabilidad,microsoft,,internet explorer,microsoft,4,False
kaseya,virtual system/server administrator (vsa),kaseya vsa remote code execution vulnerability,13/04/2022,high,cisa,remote_code_execution,remote_code_execution,high,787,d29fcc5d5aad0e7e44f0,1a6d9c8237793708976d,False,Code Execution & Injection,cisa_tipo:remote code execution,alta,asignada,2022-04-13,fecha_fuente_no_verificada_como_incidente,registro_vulnerabilidad,kaseya,,virtual system/server administrator (vsa),kaseya,4,False
adobe,flash player,adobe flash player stack-based buffer overflow vulnerability,13/04/2022,high,cisa,memory_corruption,buffer_overflow,high,794,de7cf5b7dc23f6ffbdd5,f22c1f81a4a52a8ff02c,False,Memory & Software Safety,cisa_tipo:memory corruption,alta,asignada,2022-04-13,fecha_fuente_no_verificada_como_incidente,registro_vulnerabilidad,adobe,,flash player,adobe,4,False
adobe,flash player,adobe flash player heap-based buffer overflow vulnerability,13/04/2022,high,cisa,memory corruption,memory corruption,high,790,fe7ee097d2936886de7b,fd0d4925413c0bed90f7,False,Memory & Software Safety,cisa_tipo:memory corruption,alta,asignada,2022-04-13,fecha_fuente_no_verificada_como_incidente,registro_vulnerabilidad,adobe,,flash player,adobe,4,False
vmware,workspace one access and identity manager,vmware workspace one access and identity manager server-side template injection vulnerability,14/04/2022,high,cisa,injection,other_injection,high,784,b9d0952f4b0d80e3ff32,ca3e7097349bb5e7f375,False,Code Execution & Injection,cisa_tipo:injection,alta,asignada,2022-04-14,fecha_fuente_no_verificada_como_incidente,registro_vulnerabilidad,vmware,,workspace one access and identity manager,vmware,4,False
d-link,dns-320 storage device,d-link dns-320 remote code execution vulnerability,15/04/2022,high,cisa,remote_code_execution,remote_code_execution,high,778,2a602353f9f13d0f0c66,fcd503f6b879133b1ba2,False,Code Execution & Injection,cisa_tipo:remote code execution,alta,asignada,2022-04-15,fecha_fuente_no_verificada_como_incidente,registro_vulnerabilidad,d-link,,dns-320 storage device,d-link,4,False
vmware,multiple products,vmware multiple products privilege escalation vulnerability,15/04/2022,high,cisa,privilege escalation,privilege escalation,high,775,35adc1a5ade1610a2a07,7a04a0746227361cb4c4,False,"Identity, Access & Persistence",cisa_tipo:privilege escalation,alta,asignada,2022-04-15,fecha_fuente_no_verificada_como_incidente,registro_vulnerabilidad,vmware,,multiple products,vmware,4,False
alcatel,omnipcx enterprise,alcatel omnipcx enterprise remote code execution vulnerability,15/04/2022,high,cisa,remote_code_execution,remote_code_execution,high,783,3ebc68c9313623f9148f,4fdfe47fdd09987e0fdd,False,Code Execution & Injection,cisa_tipo:remote code execution,alta,asignada,2022-04-15,fecha_fuente_no_verificada_como_incidente,registro_vulnerabilidad,alcatel,,omnipcx enterprise,alcatel,4,False
schneider electric,u.motion builder,schneider electric u.motion builder sql injection vulnerability,15/04/2022,high,cisa,injection,other_injection,high,779,555c9d6a6b78fb12b13a,01e84cf5013b3c04d50e,False,Code Execution & Injection,cisa_tipo:injection,alta,asignada,2022-04-15,fecha_fuente_no_verificada_como_incidente,registro_vulnerabilidad,schneider electric,,u.motion builder,schneider electric,4,False
google,chromium v8,google chromium v8 type confusion vulnerability,15/04/2022,high,cisa,type confusion,type confusion,high,776,63d9e14d962ba8db5719,71182e2b82bca2d33474,False,Memory & Software Safety,cisa_tipo:type confusion,alta,asignada,2022-04-15,fecha_fuente_no_verificada_como_incidente,registro_vulnerabilidad,google,,chromium v8,google,4,False
indusoft,web studio,indusoft web studio ntwebserver directory traversal vulnerability,15/04/2022,high,cisa,path_traversal,path_traversal,high,781,6a46cc0290417a5d6582,c922b5f36a441cd7c0b9,False,Data Collection & Exfiltration,cisa_tipo:path traversal,alta,asignada,2022-04-15,fecha_fuente_no_verificada_como_incidente,registro_vulnerabilidad,indusoft,,web studio,indusoft,4,False
ubiquiti,airos,ubiquiti airos command injection vulnerability,15/04/2022,high,cisa,injection,other_injection,high,782,b0cfbb478060b9a0bc9b,8ead8604cee77fc20ce5,False,Code Execution & Injection,cisa_tipo:injection,alta,asignada,2022-04-15,fecha_fuente_no_verificada_como_incidente,registro_vulnerabilidad,ubiquiti,,airos,ubiquiti,4,False
trihedral,vtscada (formerly vts),trihedral vtscada (formerly vts) denial-of-service vulnerability,15/04/2022,high,cisa,memory corruption,memory corruption,high,780,d7b5ade4aef824954cfc,65200df0848479e24ab3,False,Memory & Software Safety,cisa_tipo:memory corruption,alta,asignada,2022-04-15,fecha_fuente_no_verificada_como_incidente,registro_vulnerabilidad,trihedral,,vtscada (formerly vts),trihedral,4,False
crestron,multiple products,crestron multiple products command injection vulnerability,15/04/2022,medium,cisa,xss,cross_site_scripting,medium,777,db8ee9c585b9b1c672aa,f48274aef0207324dc17,False,Code Execution & Injection,cisa_tipo:xss,alta,asignada,2022-04-15,fecha_fuente_no_verificada_como_incidente,registro_vulnerabilidad,crestron,,multiple products,crestron,2,False
microsoft,windows,microsoft windows print spooler privilege escalation vulnerability,19/04/2022,high,cisa,privilege escalation,privilege escalation,high,774,2d5fddfc1700d59c3949,f3de0dd8ffb820a43a49,False,"Identity, Access & Persistence",cisa_tipo:privilege escalation,alta,asignada,2022-04-19,fecha_fuente_no_verificada_como_incidente,registro_vulnerabilidad,microsoft,,windows,microsoft,4,False
meta platforms,whatsapp,whatsapp voip stack buffer overflow vulnerability,19/04/2022,high,cisa,memory_corruption,buffer_overflow,high,773,62ca29b5b6e845264f37,cfa991aed5dbdd02c50b,False,Memory & Software Safety,cisa_tipo:memory corruption,alta,asignada,2022-04-19,fecha_fuente_no_verificada_como_incidente,registro_vulnerabilidad,meta platforms,,whatsapp,meta platforms,4,False
synacor,zimbra collaboration suite (zcs),synacor zimbra collaboration suite (zcs) cross-site scripting (xss) vulnerability,19/04/2022,medium,cisa,xss,cross_site_scripting,medium,772,c6c5ddc404d8c19d7804,61932a6b342c12fdb2a9,False,Code Execution & Injection,cisa_tipo:xss,alta,asignada,2022-04-19,fecha_fuente_no_verificada_como_incidente,registro_vulnerabilidad,synacor,,zimbra collaboration suite (zcs),synacor,2,False
jenkins,script security plugin,jenkins script security plugin sandbox bypass vulnerability,25/04/2022,medium/high,cisa,authentication issues,authentication issues,medium/high,771,195f971de00d50e58f16,b52524a7badc896c6508,False,"Identity, Access & Persistence",cisa_tipo:authentication issues,alta,asignada,2022-04-25,fecha_fuente_no_verificada_como_incidente,registro_vulnerabilidad,jenkins,,script security plugin,jenkins,3,False
microsoft,windows,microsoft windows user profile service privilege escalation vulnerability,25/04/2022,high,cisa,privilege escalation,privilege escalation,high,766,20e89c3f98ee505112f3,9a480c618bb072b4e517,False,"Identity, Access & Persistence",cisa_tipo:privilege escalation,alta,asignada,2022-04-25,fecha_fuente_no_verificada_como_incidente,registro_vulnerabilidad,microsoft,,windows,microsoft,4,False
wso2,multiple products,wso2 multiple products unrestrictive upload of file vulnerability,25/04/2022,medium,cisa,generic vulnerability,generic vulnerability,medium,765,d03b1895317619c5cb99,c3d0ae1a95289670dd51,False,Code Execution & Injection,cisa_nombre:code execution|command execution|code injection|command injection|sql injection|injection|deserialization|cross.site scripting|xss|file upload|upload of|file type upload|embedded malicious code|download of code|arbitrary code|improper neutralization|improper escaping|server.side request forgery|request smuggling|http request splitting,media,asignada,2022-04-25,fecha_fuente_no_verificada_como_incidente,registro_vulnerabilidad,wso2,,multiple products,wso2,2,False
linux,kernel,linux kernel privilege escalation vulnerability,25/04/2022,high,cisa,privilege escalation,privilege escalation,high,768,fa4b7d1eab0e13313858,404f6ef4a99fa95df205,False,"Identity, Access & Persistence",cisa_tipo:privilege escalation,alta,asignada,2022-04-25,fecha_fuente_no_verificada_como_incidente,registro_vulnerabilidad,linux,,kernel,linux,4,False
microsoft,win32k,microsoft win32k privilege escalation vulnerability,25/04/2022,high,cisa,privilege escalation,privilege escalation,high,769,fbabb3f33cafe17dca5e,8d34dc759203c076820a,False,"Identity, Access & Persistence",cisa_tipo:privilege escalation,alta,asignada,2022-04-25,fecha_fuente_no_verificada_como_incidente,registro_vulnerabilidad,microsoft,,win32k,microsoft,4,False
microsoft,internet explorer,microsoft internet explorer use-after-free vulnerability,04/05/2022,high,cisa,use-after-free,use-after-free,high,763,456704e433611d20ea44,55db9abb4fdbfd23f213,False,Memory & Software Safety,cisa_tipo:use-after-free,alta,asignada,2022-05-04,fecha_fuente_no_verificada_como_incidente,registro_vulnerabilidad,microsoft,,internet explorer,microsoft,4,False
apple,multiple products,apple multiple products type confusion vulnerability,04/05/2022,high,cisa,type confusion,type confusion,high,760,65e4c21685fd617cfe9c,e7eb65788c87b8613e80,False,Memory & Software Safety,cisa_tipo:type confusion,alta,asignada,2022-05-04,fecha_fuente_no_verificada_como_incidente,registro_vulnerabilidad,apple,,multiple products,apple,4,False
microsoft,win32k,microsoft win32k privilege escalation vulnerability,04/05/2022,high,cisa,privilege escalation,privilege escalation,high,762,c5133a313e1e23d630ed,8d34dc759203c076820a,False,"Identity, Access & Persistence",cisa_tipo:privilege escalation,alta,asignada,2022-05-04,fecha_fuente_no_verificada_como_incidente,registro_vulnerabilidad,microsoft,,win32k,microsoft,4,False
openssl,openssl,openssl information disclosure vulnerability,04/05/2022,medium,cisa,generic vulnerability,generic vulnerability,medium,764,cb826f2c92d00ebb7b61,1ee1da236a5e35542665,False,Data Collection & Exfiltration,cisa_nombre:information disclosure|information leak|disclosure|exposure of|directory traversal|path traversal|path transversal|file inclusion|external control of file name|link following|improper link resolution|arbitrary file (read|download)|file download|file read|sensitive information,media,asignada,2022-05-04,fecha_fuente_no_verificada_como_incidente,registro_vulnerabilidad,openssl,,openssl,openssl,2,False
f5,big-ip,f5 big-ip missing authentication vulnerability,10/05/2022,medium/high,cisa,authentication issues,authentication issues,medium/high,759,3a4599c7b9342b02effb,11265930f2f91bcf099e,False,"Identity, Access & Persistence",cisa_tipo:authentication issues,alta,asignada,2022-05-10,fecha_fuente_no_verificada_como_incidente,registro_vulnerabilidad,f5,,big-ip,f5,3,False
zyxel,multiple firewalls,zyxel multiple firewalls os command injection vulnerability,16/05/2022,high,cisa,injection,other_injection,high,757,014aaca498bd157b4eab,4747af7665c81276ccf4,False,Code Execution & Injection,cisa_tipo:injection,alta,asignada,2022-05-16,fecha_fuente_no_verificada_como_incidente,registro_vulnerabilidad,zyxel,,multiple firewalls,zyxel,4,False
vmware,spring cloud gateway,vmware spring cloud gateway code injection vulnerability,16/05/2022,high,cisa,injection,other_injection,high,758,55c2a3bd5dfa2fa7e3ab,8703e7cabec8b6ddced0,False,Code Execution & Injection,cisa_tipo:injection,alta,asignada,2022-05-16,fecha_fuente_no_verificada_como_incidente,registro_vulnerabilidad,vmware,,spring cloud gateway,vmware,4,False
apple,multiple products,apple multiple products memory corruption vulnerability,23/05/2022,high,cisa,out-of-bounds write,out-of-bounds write,high,739,0751f2a88c963e5e96eb,408c0255b2c35a435ecc,False,Memory & Software Safety,cisa_tipo:out-of-bounds write,alta,asignada,2022-05-23,fecha_fuente_no_verificada_como_incidente,registro_vulnerabilidad,apple,,multiple products,apple,4,False
android,kernel,android kernel use-after-free vulnerability,23/05/2022,high,cisa,use-after-free,use-after-free,high,737,0a914f8e181aac8fcb34,b430f819cf2fbf03f15f,False,Memory & Software Safety,cisa_tipo:use-after-free,alta,asignada,2022-05-23,fecha_fuente_no_verificada_como_incidente,registro_vulnerabilidad,android,,kernel,android,4,False
microsoft,windows,microsoft windows kernel privilege escalation vulnerability,23/05/2022,high,cisa,out-of-bounds write,out-of-bounds write,high,740,0caf6a3ca5fa27470954,e143cd4fb09b01661136,False,Memory & Software Safety,cisa_tipo:out-of-bounds write,alta,asignada,2022-05-23,fecha_fuente_no_verificada_como_incidente,registro_vulnerabilidad,microsoft,,windows,microsoft,4,False
android,kernel,android kernel race condition vulnerability,23/05/2022,high,cisa,use-after-free,use-after-free,high,738,0f81d39024701e53629c,bfc628ebdeb5d51a20c5,False,Memory & Software Safety,cisa_tipo:use-after-free,alta,asignada,2022-05-23,fecha_fuente_no_verificada_como_incidente,registro_vulnerabilidad,android,,kernel,android,4,False
webkitgtk,webkitgtk,webkitgtk memory corruption vulnerability,23/05/2022,high,cisa,memory corruption,memory corruption,high,751,17df9b5cad08fe48b54c,843ece8dee6b4a917880,False,Memory & Software Safety,cisa_tipo:memory corruption,alta,asignada,2022-05-23,fecha_fuente_no_verificada_como_incidente,registro_vulnerabilidad,webkitgtk,,webkitgtk,webkitgtk,4,False
microsoft,update notification manager,microsoft update notification manager privilege escalation vulnerability,23/05/2022,high,cisa,privilege escalation,privilege escalation,high,741,1d457aaa6c2cbbc2ab78,b057786b76c69ba96947,False,"Identity, Access & Persistence",cisa_tipo:privilege escalation,alta,asignada,2022-05-23,fecha_fuente_no_verificada_como_incidente,registro_vulnerabilidad,microsoft,,update notification manager,microsoft,4,False
microsoft,windows,microsoft windows appx deployment service privilege escalation vulnerability,23/05/2022,high,cisa,privilege escalation,privilege escalation,high,754,1f6c5b4d208ced48e6cd,fc6644f27697b10d0fd6,False,"Identity, Access & Persistence",cisa_tipo:privilege escalation,alta,asignada,2022-05-23,fecha_fuente_no_verificada_como_incidente,registro_vulnerabilidad,microsoft,,windows,microsoft,4,False
mozilla,firefox and thunderbird,mozilla firefox and thunderbird type confusion vulnerability,23/05/2022,high,cisa,type confusion,type confusion,high,749,4c2a61ed18a4fb9fe1ae,ec75ed07b3b2604b2f8d,False,Memory & Software Safety,cisa_tipo:type confusion,alta,asignada,2022-05-23,fecha_fuente_no_verificada_como_incidente,registro_vulnerabilidad,mozilla,,firefox and thunderbird,mozilla,4,False
meta platforms,whatsapp,whatsapp cross-site scripting vulnerability,23/05/2022,medium,cisa,xss,cross_site_scripting,medium,752,58651c5b91c43e7517b5,e77ab24f8f5e455803d7,False,Code Execution & Injection,cisa_tipo:xss,alta,asignada,2022-05-23,fecha_fuente_no_verificada_como_incidente,registro_vulnerabilidad,meta platforms,,whatsapp,meta platforms,2,False
microsoft,win32k,microsoft win32k privilege escalation vulnerability,23/05/2022,high,cisa,privilege escalation,privilege escalation,high,756,5c37ef86afaaf6a8bad0,8d34dc759203c076820a,False,"Identity, Access & Persistence",cisa_tipo:privilege escalation,alta,asignada,2022-05-23,fecha_fuente_no_verificada_como_incidente,registro_vulnerabilidad,microsoft,,win32k,microsoft,4,False
microsoft,windows,microsoft windows smb information disclosure vulnerability,23/05/2022,medium,cisa,unspecified,unspecified,medium,746,608489c4db8a7dc9a96f,50b21accec0b0f03f83a,False,Data Collection & Exfiltration,cisa_nombre:information disclosure|information leak|disclosure|exposure of|directory traversal|path traversal|path transversal|file inclusion|external control of file name|link following|improper link resolution|arbitrary file (read|download)|file download|file read|sensitive information,media,asignada,2022-05-23,fecha_fuente_no_verificada_como_incidente,registro_vulnerabilidad,microsoft,,windows,microsoft,2,False
google,chrome blink,google chrome blink use-after-free vulnerability,23/05/2022,high,cisa,use-after-free,use-after-free,high,745,8917891a58211950f2f8,eedcdb428f04b14134d7,False,Memory & Software Safety,cisa_tipo:use-after-free,alta,asignada,2022-05-23,fecha_fuente_no_verificada_como_incidente,registro_vulnerabilidad,google,,chrome blink,google,4,False
adobe,flash player,adobe flash player stack-based buffer overflow vulnerability,23/05/2022,high,cisa,out-of-bounds write,out-of-bounds write,high,755,cc73258582ff52838948,f22c1f81a4a52a8ff02c,False,Memory & Software Safety,cisa_tipo:out-of-bounds write,alta,asignada,2022-05-23,fecha_fuente_no_verificada_como_incidente,registro_vulnerabilidad,adobe,,flash player,adobe,4,False
microsoft,windows,microsoft windows privilege escalation vulnerability,23/05/2022,high,cisa,privilege escalation,privilege escalation,high,747,cd01b48f276e69b1c390,c0192d9bd4fd295e4ee7,False,"Identity, Access & Persistence",cisa_tipo:privilege escalation,alta,asignada,2022-05-23,fecha_fuente_no_verificada_como_incidente,registro_vulnerabilidad,microsoft,,windows,microsoft,4,False
google,chrome webaudio,google chrome webaudio use-after-free vulnerability,23/05/2022,high,cisa,use-after-free,use-after-free,high,748,ce6f39b31b0443c78926,12f2047b365e89f37569,False,Memory & Software Safety,cisa_tipo:use-after-free,alta,asignada,2022-05-23,fecha_fuente_no_verificada_como_incidente,registro_vulnerabilidad,google,,chrome webaudio,google,4,False
cisco,ios xr,cisco ios xr open port vulnerability,23/05/2022,medium,cisa,generic vulnerability,generic vulnerability,medium,736,dcf5442fbee5438d2ef5,f365f795f26addaeeedf,False,,texto_insuficiente,pendiente,requiere_revision,2022-05-23,fecha_fuente_no_verificada_como_incidente,registro_vulnerabilidad,cisco,,ios xr,cisco,2,False
microsoft,windows,microsoft windows appx deployment extensions privilege escalation vulnerability,23/05/2022,high,cisa,privilege escalation,privilege escalation,high,753,e8795029d0a4d9ff3916,40e7fef469cbd2958e6e,False,"Identity, Access & Persistence",cisa_tipo:privilege escalation,alta,asignada,2022-05-23,fecha_fuente_no_verificada_como_incidente,registro_vulnerabilidad,microsoft,,windows,microsoft,4,False
microsoft,internet explorer,microsoft internet explorer information disclosure vulnerability,23/05/2022,medium,cisa,unspecified,unspecified,medium,744,f38f1a09464f31a092ef,0997ceea919362b1be68,False,Data Collection & Exfiltration,cisa_nombre:information disclosure|information leak|disclosure|exposure of|directory traversal|path traversal|path transversal|file inclusion|external control of file name|link following|improper link resolution|arbitrary file (read|download)|file download|file read|sensitive information,media,asignada,2022-05-23,fecha_fuente_no_verificada_como_incidente,registro_vulnerabilidad,microsoft,,internet explorer,microsoft,2,False
mozilla,firefox and thunderbird,mozilla firefox and thunderbird sandbox escape vulnerability,23/05/2022,medium,cisa,generic vulnerability,generic vulnerability,medium,750,f66b68266cda4cbdc61d,a10d27153529f7b023c7,False,"Identity, Access & Persistence",cisa_nombre:authentication|authorization|unauthorized access|privilege|credentials?|password|hard.coded|access control|permission|ownership|improper isolation|sandbox escape|session fixation|security feature bypass|protection mechanism|improper certificate|certificate validation|missing encryption|cryptographic|signature verification|integrity check|integrity verification|unprotected alternate channel|protection of alternate|spoofing|inadequate encryption strength|insecure direct object reference|dll side.loading|dll hijacking|uncontrolled search path,media,asignada,2022-05-23,fecha_fuente_no_verificada_como_incidente,registro_vulnerabilidad,mozilla,,firefox and thunderbird,mozilla,2,False
apple,ios,apple ios memory corruption vulnerability,23/05/2022,high,cisa,out-of-bounds write,out-of-bounds write,high,743,fe313c1362f5359849b0,d26eb073619996980961,False,Memory & Software Safety,cisa_tipo:out-of-bounds write,alta,asignada,2022-05-23,fecha_fuente_no_verificada_como_incidente,registro_vulnerabilidad,apple,,ios,apple,4,False
microsoft,internet explorer,microsoft internet explorer messaging api information disclosure vulnerability,24/05/2022,medium,cisa,information disclosure,information disclosure,medium,735,06058b8df2e238c29960,71c3c7fc0a1fa9ca2483,False,Data Collection & Exfiltration,cisa_tipo:information disclosure,alta,asignada,2022-05-24,fecha_fuente_no_verificada_como_incidente,registro_vulnerabilidad,microsoft,,internet explorer,microsoft,2,False
qnap,network attached storage (nas),qnap nas file station command injection vulnerability,24/05/2022,high,cisa,injection,other_injection,high,718,0ddac51d0e5824a81e6f,29888e12c583f24c092b,False,Code Execution & Injection,cisa_tipo:injection,alta,asignada,2022-05-24,fecha_fuente_no_verificada_como_incidente,registro_vulnerabilidad,qnap,,network attached storage (nas),qnap,4,False
microsoft,windows,microsoft windows graphics device interface (gdi) privilege escalation vulnerability,24/05/2022,high,cisa,memory corruption,memory corruption,high,722,229ddee81601aff6b413,0e4da54d52093c456006,False,Memory & Software Safety,cisa_tipo:memory corruption,alta,asignada,2022-05-24,fecha_fuente_no_verificada_como_incidente,registro_vulnerabilidad,microsoft,,windows,microsoft,4,False
apple,ios,apple ios memory corruption vulnerability,24/05/2022,medium,cisa,generic vulnerability,generic vulnerability,medium,731,27cd1d67e56a89cfc82d,d26eb073619996980961,False,Memory & Software Safety,cisa_nombre:buffer overflow|memory corruption|out.of.bounds|use.after.free|type confusion|double.free|heap.based|stack.based|integer overflow|integer underflow|race condition|time.of.check|arbitrary read and write|uninitialized (memory|variable)|improper input validation|improper validation|improper resource (shutdown|release)|null pointer|memory initialization|memory leak|format string|untrusted pointer dereference|double dereference|out.of.range pointer|record corruption|insufficient (input|data) validation|invalid input|data validation|detection of error condition,media,asignada,2022-05-24,fecha_fuente_no_verificada_como_incidente,registro_vulnerabilidad,apple,,ios,apple,2,False
qnap,network attached storage (nas),qnap nas file station cross-site scripting vulnerability,24/05/2022,medium,cisa,xss,cross_site_scripting,medium,717,446dbd0c8850685be607,61dd5063467a8276ddb9,False,Code Execution & Injection,cisa_tipo:xss,alta,asignada,2022-05-24,fecha_fuente_no_verificada_como_incidente,registro_vulnerabilidad,qnap,,network attached storage (nas),qnap,2,False
microsoft,windows,microsoft windows kernel privilege escalation vulnerability,24/05/2022,high,cisa,privilege escalation,privilege escalation,high,716,5965d19488f7e5433cf9,e143cd4fb09b01661136,False,"Identity, Access & Persistence",cisa_tipo:privilege escalation,alta,asignada,2022-05-24,fecha_fuente_no_verificada_como_incidente,registro_vulnerabilidad,microsoft,,windows,microsoft,4,False
microsoft,internet explorer,microsoft internet explorer information disclosure vulnerability,24/05/2022,medium,cisa,information disclosure,information disclosure,medium,728,6222e3175bcee35cbd3e,0997ceea919362b1be68,False,Data Collection & Exfiltration,cisa_tipo:information disclosure,alta,asignada,2022-05-24,fecha_fuente_no_verificada_como_incidente,registro_vulnerabilidad,microsoft,,internet explorer,microsoft,2,False
microsoft,xml core services,microsoft xml core services information disclosure vulnerability,24/05/2022,medium,cisa,information disclosure,information disclosure,medium,721,654eaae25d2d969068ad,7522e925107150a33a7b,False,Data Collection & Exfiltration,cisa_tipo:information disclosure,alta,asignada,2022-05-24,fecha_fuente_no_verificada_como_incidente,registro_vulnerabilidad,microsoft,,xml core services,microsoft,2,False
cisco,adaptive security appliance (asa),cisco adaptive security appliance (asa) snmp buffer overflow vulnerability,24/05/2022,high,cisa,memory corruption,memory corruption,high,733,7a93c2d42da79c530465,523b2abb07fff52ef1bf,False,Memory & Software Safety,cisa_tipo:memory corruption,alta,asignada,2022-05-24,fecha_fuente_no_verificada_como_incidente,registro_vulnerabilidad,cisco,,adaptive security appliance (asa),cisco,4,False
microsoft,internet explorer,microsoft internet explorer memory corruption vulnerability,24/05/2022,high,cisa,memory corruption,memory corruption,high,723,a439e924832499aacaf0,b490036b53f509dfe8ff,False,Memory & Software Safety,cisa_tipo:memory corruption,alta,asignada,2022-05-24,fecha_fuente_no_verificada_como_incidente,registro_vulnerabilidad,microsoft,,internet explorer,microsoft,4,False
microsoft,smbv1 server,microsoft windows smbv1 information disclosure vulnerability,24/05/2022,medium,cisa,information disclosure,information disclosure,medium,720,aaf343471489711aa2aa,eb14a21b96c83a0bbbb8,False,Data Collection & Exfiltration,cisa_tipo:information disclosure,alta,asignada,2022-05-24,fecha_fuente_no_verificada_como_incidente,registro_vulnerabilidad,microsoft,,smbv1 server,microsoft,2,False
apple,ios,apple ios information disclosure vulnerability,24/05/2022,medium,cisa,information disclosure,information disclosure,medium,730,b7a0ecb6e2d581d6838e,cbed8e995218abebaf78,False,Data Collection & Exfiltration,cisa_tipo:information disclosure,alta,asignada,2022-05-24,fecha_fuente_no_verificada_como_incidente,registro_vulnerabilidad,apple,,ios,apple,2,False
microsoft,internet explorer and edge,microsoft internet explorer and edge information disclosure vulnerability,24/05/2022,medium,cisa,information disclosure,information disclosure,medium,729,beef7eca79d750640431,4cf0f525a6827c79234d,False,Data Collection & Exfiltration,cisa_tipo:information disclosure,alta,asignada,2022-05-24,fecha_fuente_no_verificada_como_incidente,registro_vulnerabilidad,microsoft,,internet explorer and edge,microsoft,2,False
microsoft,windows,microsoft windows search remote code execution vulnerability,24/05/2022,high,cisa,remote_code_execution,remote_code_execution,high,726,ca94f9e6357c33bcc334,6ec783c62e070da7cfc3,False,Code Execution & Injection,cisa_tipo:remote code execution,alta,asignada,2022-05-24,fecha_fuente_no_verificada_como_incidente,registro_vulnerabilidad,microsoft,,windows,microsoft,4,False
cisco,adaptive security appliance (asa),cisco adaptive security appliance (asa) cli remote code execution vulnerability,24/05/2022,high,cisa,remote_code_execution,remote_code_execution,high,734,d16e9b7665ec4fc90c4b,57d60eb590e87bf20e03,False,Code Execution & Injection,cisa_tipo:remote code execution,alta,asignada,2022-05-24,fecha_fuente_no_verificada_como_incidente,registro_vulnerabilidad,cisco,,adaptive security appliance (asa),cisco,4,False
artifex,ghostscript,artifex ghostscript type confusion vulnerability,24/05/2022,medium,cisa,generic vulnerability,generic vulnerability,medium,725,dd77e2b8efaa42c30155,2f3d7ba06e2b79148e34,False,Memory & Software Safety,cisa_nombre:buffer overflow|memory corruption|out.of.bounds|use.after.free|type confusion|double.free|heap.based|stack.based|integer overflow|integer underflow|race condition|time.of.check|arbitrary read and write|uninitialized (memory|variable)|improper input validation|improper validation|improper resource (shutdown|release)|null pointer|memory initialization|memory leak|format string|untrusted pointer dereference|double dereference|out.of.range pointer|record corruption|insufficient (input|data) validation|invalid input|data validation|detection of error condition,media,asignada,2022-05-24,fecha_fuente_no_verificada_como_incidente,registro_vulnerabilidad,artifex,,ghostscript,artifex,2,False
kaseya,virtual system/server administrator (vsa),kaseya vsa sql injection vulnerability,24/05/2022,high,cisa,injection,other_injection,high,727,ede0b3bed959b6b01a2c,3d6ef09c6be45d99e91d,False,Code Execution & Injection,cisa_tipo:injection,alta,asignada,2022-05-24,fecha_fuente_no_verificada_como_incidente,registro_vulnerabilidad,kaseya,,virtual system/server administrator (vsa),kaseya,4,False
microsoft,internet explorer,microsoft internet explorer privilege escalation vulnerability,24/05/2022,high,cisa,privilege escalation,privilege escalation,high,724,f601a1b5f3a6cfecd89b,b883f9b5fe0a97169ed2,False,"Identity, Access & Persistence",cisa_tipo:privilege escalation,alta,asignada,2022-05-24,fecha_fuente_no_verificada_como_incidente,registro_vulnerabilidad,microsoft,,internet explorer,microsoft,4,False
apple,ios,apple ios webkit memory corruption vulnerability,24/05/2022,high,cisa,memory corruption,memory corruption,high,732,f649dbbaab35a260b313,9411f474c5b0b2b23054,False,Memory & Software Safety,cisa_tipo:memory corruption,alta,asignada,2022-05-24,fecha_fuente_no_verificada_como_incidente,registro_vulnerabilidad,apple,,ios,apple,4,False
microsoft,internet explorer,microsoft internet explorer information disclosure vulnerability,25/05/2022,medium,cisa,information disclosure,information disclosure,medium,705,0063639a7234b7f1b9bd,0997ceea919362b1be68,False,Data Collection & Exfiltration,cisa_tipo:information disclosure,alta,asignada,2022-05-25,fecha_fuente_no_verificada_como_incidente,registro_vulnerabilidad,microsoft,,internet explorer,microsoft,2,False
adobe,flash player and air,adobe flash player and air use-after-free vulnerability,25/05/2022,high,cisa,use-after-free,use-after-free,high,686,00a30d510b41afe7471a,00b765f6224e62567033,False,Memory & Software Safety,cisa_tipo:use-after-free,alta,asignada,2022-05-25,fecha_fuente_no_verificada_como_incidente,registro_vulnerabilidad,adobe,,flash player and air,adobe,4,False
oracle,java runtime environment (jre),oracle jre remote code execution vulnerability,25/05/2022,high,cisa,remote_code_execution,remote_code_execution,high,710,01e06b4e0c5fa02f1830,c06120cab49700d33cfe,False,Code Execution & Injection,cisa_tipo:remote code execution,alta,asignada,2022-05-25,fecha_fuente_no_verificada_como_incidente,registro_vulnerabilidad,oracle,,java runtime environment (jre),oracle,4,False
microsoft,windows,microsoft windows mount manager privilege escalation vulnerability,25/05/2022,high,cisa,privilege escalation,privilege escalation,high,693,03d889d28a9926e65466,9109b36d5ad678af007c,False,"Identity, Access & Persistence",cisa_tipo:privilege escalation,alta,asignada,2022-05-25,fecha_fuente_no_verificada_como_incidente,registro_vulnerabilidad,microsoft,,windows,microsoft,4,False
microsoft,silverlight,microsoft silverlight double dereference vulnerability,25/05/2022,medium,cisa,unspecified,unspecified,medium,711,178e1838c2f305cc9f12,38d794f1d930ef76c9a7,False,Memory & Software Safety,cisa_nombre:buffer overflow|memory corruption|out.of.bounds|use.after.free|type confusion|double.free|heap.based|stack.based|integer overflow|integer underflow|race condition|time.of.check|arbitrary read and write|uninitialized (memory|variable)|improper input validation|improper validation|improper resource (shutdown|release)|null pointer|memory initialization|memory leak|format string|untrusted pointer dereference|double dereference|out.of.range pointer|record corruption|insufficient (input|data) validation|invalid input|data validation|detection of error condition,media,asignada,2022-05-25,fecha_fuente_no_verificada_como_incidente,registro_vulnerabilidad,microsoft,,silverlight,microsoft,2,False
microsoft,silverlight,microsoft silverlight information disclosure vulnerability,25/05/2022,medium,cisa,generic vulnerability,generic vulnerability,medium,707,1a94ffeb627182092198,a14baae47807be702038,False,Data Collection & Exfiltration,cisa_nombre:information disclosure|information leak|disclosure|exposure of|directory traversal|path traversal|path transversal|file inclusion|external control of file name|link following|improper link resolution|arbitrary file (read|download)|file download|file read|sensitive information,media,asignada,2022-05-25,fecha_fuente_no_verificada_como_incidente,registro_vulnerabilidad,microsoft,,silverlight,microsoft,2,False
oracle,fusion middleware,oracle fusion middleware unspecified vulnerability,25/05/2022,medium,cisa,unspecified,unspecified,medium,712,1c8b148cdd73683ba206,b29f4002942b1199dfbb,False,,texto_insuficiente,pendiente,requiere_revision,2022-05-25,fecha_fuente_no_verificada_como_incidente,registro_vulnerabilidad,oracle,,fusion middleware,oracle,2,False
microsoft,silverlight,microsoft silverlight runtime remote code execution vulnerability,25/05/2022,high,cisa,remote_code_execution,remote_code_execution,high,687,25a67f58d15f3e108c51,bbf38b036e102e1810b1,False,Code Execution & Injection,cisa_tipo:remote code execution,alta,asignada,2022-05-25,fecha_fuente_no_verificada_como_incidente,registro_vulnerabilidad,microsoft,,silverlight,microsoft,4,False
adobe,flash player and air,adobe flash player and air integer overflow vulnerability,25/05/2022,high,cisa,memory_corruption,buffer_overflow,high,685,33c17b720a6493fcce01,84ff5df71863832bee62,False,Memory & Software Safety,cisa_tipo:memory corruption,alta,asignada,2022-05-25,fecha_fuente_no_verificada_como_incidente,registro_vulnerabilidad,adobe,,flash player and air,adobe,4,False
microsoft,windows,microsoft windows remote code execution vulnerability,25/05/2022,high,cisa,remote_code_execution,remote_code_execution,high,697,53de6127c20bf87b5c92,1d9911818c089f3950f8,False,Code Execution & Injection,cisa_tipo:remote code execution,alta,asignada,2022-05-25,fecha_fuente_no_verificada_como_incidente,registro_vulnerabilidad,microsoft,,windows,microsoft,4,False
adobe,flash player,adobe flash player integer overflow vulnerability,25/05/2022,high,cisa,memory_corruption,buffer_overflow,high,695,56d74a83539868deeb8e,8fab955eb308a2b0b2a1,False,Memory & Software Safety,cisa_tipo:memory corruption,alta,asignada,2022-05-25,fecha_fuente_no_verificada_como_incidente,registro_vulnerabilidad,adobe,,flash player,adobe,4,False
oracle,java runtime environment (jre),oracle jre unspecified vulnerability,25/05/2022,medium,cisa,unspecified,unspecified,medium,708,5d44dc590f1e0dde4d62,18bf7b3ba7f10cde1972,False,,texto_insuficiente,pendiente,requiere_revision,2022-05-25,fecha_fuente_no_verificada_como_incidente,registro_vulnerabilidad,oracle,,java runtime environment (jre),oracle,2,False
oracle,solaris,oracle solaris privilege escalation vulnerability,25/05/2022,high,cisa,privilege escalation,privilege escalation,high,682,62933f17890adab8344b,7f5a5d46e3e8b5facebe,False,"Identity, Access & Persistence",cisa_tipo:privilege escalation,alta,asignada,2022-05-25,fecha_fuente_no_verificada_como_incidente,registro_vulnerabilidad,oracle,,solaris,oracle,4,False
adobe,acrobat and reader,adobe acrobat and reader sandbox bypass vulnerability,25/05/2022,medium/high,cisa,authentication issues,authentication issues,medium/high,701,7386a122d6702c239681,dd4990e08d1988f2a31c,False,"Identity, Access & Persistence",cisa_tipo:authentication issues,alta,asignada,2022-05-25,fecha_fuente_no_verificada_como_incidente,registro_vulnerabilidad,adobe,,acrobat and reader,adobe,3,False
microsoft,windows,microsoft windows graphics device interface (gdi) remote code execution vulnerability,25/05/2022,high,cisa,remote_code_execution,remote_code_execution,high,683,7400de6b002a090d2375,59e9f22eb54452f13960,False,Code Execution & Injection,cisa_tipo:remote code execution,alta,asignada,2022-05-25,fecha_fuente_no_verificada_como_incidente,registro_vulnerabilidad,microsoft,,windows,microsoft,4,False
ibm,infosphere biginsights,ibm infosphere biginsights invalid input vulnerability,25/05/2022,medium,cisa,generic vulnerability,generic vulnerability,medium,706,7c3deef3d25766c0932b,7d6d67d51d5d9ee706d0,False,Memory & Software Safety,cisa_nombre:buffer overflow|memory corruption|out.of.bounds|use.after.free|type confusion|double.free|heap.based|stack.based|integer overflow|integer underflow|race condition|time.of.check|arbitrary read and write|uninitialized (memory|variable)|improper input validation|improper validation|improper resource (shutdown|release)|null pointer|memory initialization|memory leak|format string|untrusted pointer dereference|double dereference|out.of.range pointer|record corruption|insufficient (input|data) validation|invalid input|data validation|detection of error condition,media,asignada,2022-05-25,fecha_fuente_no_verificada_como_incidente,registro_vulnerabilidad,ibm,,infosphere biginsights,ibm,2,False
microsoft,internet explorer,microsoft internet explorer privilege escalation vulnerability,25/05/2022,high,cisa,privilege escalation,privilege escalation,high,700,81352d84f164c2c955de,b883f9b5fe0a97169ed2,False,"Identity, Access & Persistence",cisa_tipo:privilege escalation,alta,asignada,2022-05-25,fecha_fuente_no_verificada_como_incidente,registro_vulnerabilidad,microsoft,,internet explorer,microsoft,4,False
microsoft,input method editor (ime) japanese,microsoft ime japanese privilege escalation vulnerability,25/05/2022,high,cisa,privilege escalation,privilege escalation,high,703,82e87d938f9b11c9797c,91b05243eefe9dfb340c,False,"Identity, Access & Persistence",cisa_tipo:privilege escalation,alta,asignada,2022-05-25,fecha_fuente_no_verificada_como_incidente,registro_vulnerabilidad,microsoft,,input method editor (ime) japanese,microsoft,4,False
oracle,java runtime environment (jre),oracle jre sandbox bypass vulnerability,25/05/2022,medium/high,cisa,authentication issues,authentication issues,medium/high,709,8cd7c8ce7441c5e6e619,9861947837087024ceca,False,"Identity, Access & Persistence",cisa_tipo:authentication issues,alta,asignada,2022-05-25,fecha_fuente_no_verificada_como_incidente,registro_vulnerabilidad,oracle,,java runtime environment (jre),oracle,3,False
microsoft,win32k,microsoft win32k privilege escalation vulnerability,25/05/2022,high,cisa,memory corruption,memory corruption,high,691,9f8e20c55a5f09405c62,8d34dc759203c076820a,False,Memory & Software Safety,cisa_tipo:memory corruption,alta,asignada,2022-05-25,fecha_fuente_no_verificada_como_incidente,registro_vulnerabilidad,microsoft,,win32k,microsoft,4,False
adobe,flash player,adobe flash player dereferenced pointer vulnerability,25/05/2022,high,cisa,memory corruption,memory corruption,high,699,a2c1f74b2d28f91ae3d8,924e3f709b904f48452c,False,Memory & Software Safety,cisa_tipo:memory corruption,alta,asignada,2022-05-25,fecha_fuente_no_verificada_como_incidente,registro_vulnerabilidad,adobe,,flash player,adobe,4,False
linux,kernel,linux kernel privilege escalation vulnerability,25/05/2022,high,cisa,privilege escalation,privilege escalation,high,704,a995aca6f74a938a07b2,404f6ef4a99fa95df205,False,"Identity, Access & Persistence",cisa_tipo:privilege escalation,alta,asignada,2022-05-25,fecha_fuente_no_verificada_como_incidente,registro_vulnerabilidad,linux,,kernel,linux,4,False
red hat,jboss,red hat jboss authentication bypass vulnerability,25/05/2022,medium/high,cisa,authentication issues,authentication issues,medium/high,715,ab6443129deb2cea26b1,73317d86725e59f42149,False,"Identity, Access & Persistence",cisa_tipo:authentication issues,alta,asignada,2022-05-25,fecha_fuente_no_verificada_como_incidente,registro_vulnerabilidad,red hat,,jboss,red hat,3,False
mozilla,firefox,mozilla firefox security feature bypass vulnerability,25/05/2022,medium,cisa,information disclosure,information disclosure,medium,694,b1900de5bc8a378fe1e0,23e4cdb583e1bcc3b37c,False,Data Collection & Exfiltration,cisa_tipo:information disclosure,alta,asignada,2022-05-25,fecha_fuente_no_verificada_como_incidente,registro_vulnerabilidad,mozilla,,firefox,mozilla,2,False
microsoft,windows,microsoft windows kernel privilege escalation vulnerability,25/05/2022,high,cisa,privilege escalation,privilege escalation,high,696,c61cf2372eac87fc2af3,e143cd4fb09b01661136,False,"Identity, Access & Persistence",cisa_tipo:privilege escalation,alta,asignada,2022-05-25,fecha_fuente_no_verificada_como_incidente,registro_vulnerabilidad,microsoft,,windows,microsoft,4,False
red hat,jboss,red hat jboss information disclosure vulnerability,25/05/2022,medium,cisa,generic vulnerability,generic vulnerability,medium,713,d491df27916fcdb4b1ef,7ccd9a57cd89df45ada7,False,Data Collection & Exfiltration,cisa_nombre:information disclosure|information leak|disclosure|exposure of|directory traversal|path traversal|path transversal|file inclusion|external control of file name|link following|improper link resolution|arbitrary file (read|download)|file download|file read|sensitive information,media,asignada,2022-05-25,fecha_fuente_no_verificada_como_incidente,registro_vulnerabilidad,red hat,,jboss,red hat,2,False
adobe,flash player,adobe flash player aslr bypass vulnerability,25/05/2022,medium/high,cisa,authentication issues,authentication issues,medium/high,688,d4f771590daea6af5353,a7a826e94dccd4f47a8b,False,"Identity, Access & Persistence",cisa_tipo:authentication issues,alta,asignada,2022-05-25,fecha_fuente_no_verificada_como_incidente,registro_vulnerabilidad,adobe,,flash player,adobe,3,False
microsoft,windows,microsoft windows open type font remote code execution vulnerability,25/05/2022,high,cisa,remote_code_execution,remote_code_execution,high,684,dfa19e88437973fd2634,9dbd7f022808925ddd1c,False,Code Execution & Injection,cisa_tipo:remote code execution,alta,asignada,2022-05-25,fecha_fuente_no_verificada_como_incidente,registro_vulnerabilidad,microsoft,,windows,microsoft,4,False
microsoft,internet explorer,microsoft internet explorer aslr bypass vulnerability,25/05/2022,medium/high,cisa,authentication issues,authentication issues,medium/high,690,e3b8d50cd47452149a41,a3b83df25bef6612fe51,False,"Identity, Access & Persistence",cisa_tipo:authentication issues,alta,asignada,2022-05-25,fecha_fuente_no_verificada_como_incidente,registro_vulnerabilidad,microsoft,,internet explorer,microsoft,3,False
microsoft,internet explorer,microsoft internet explorer memory corruption vulnerability,25/05/2022,high,cisa,memory corruption,memory corruption,high,692,f4ddd30532245076c8c3,b490036b53f509dfe8ff,False,Memory & Software Safety,cisa_tipo:memory corruption,alta,asignada,2022-05-25,fecha_fuente_no_verificada_como_incidente,registro_vulnerabilidad,microsoft,,internet explorer,microsoft,4,False
microsoft,windows,microsoft windows ts webproxy directory traversal vulnerability,25/05/2022,high,cisa,path_traversal,path_traversal,high,689,f5aa1ae86012a52bcd7a,0f76691f35a009e71bbd,False,Data Collection & Exfiltration,cisa_tipo:path traversal,alta,asignada,2022-05-25,fecha_fuente_no_verificada_como_incidente,registro_vulnerabilidad,microsoft,,windows,microsoft,4,False
pre,,establish accounts: cloud accounts,27/05/2022,medium,mitre,establish accounts: cloud accounts,establish accounts: cloud accounts,medium,1638,19525bf2556f32c068f0,8633a2f7ef3ca5c8ca11,False,Reconnaissance & Attack Operations,mitre_parent:establish accounts,alta,asignada,2022-05-27,fecha_fuente_no_verificada_como_incidente,tecnica_mitre,,pre,__NO_INFORMADO__,pre,2,False
"iaas, office suite, saas",,serverless execution,27/05/2022,high,mitre,serverless execution,serverless execution,high,1977,3d27d4fc754c98e35b7b,c4eddd307b09c5373869,False,Code Execution & Injection,mitre_parent:serverless execution,alta,asignada,2022-05-27,fecha_fuente_no_verificada_como_incidente,tecnica_mitre,,"iaas, office suite, saas",__NO_INFORMADO__,"iaas, office suite, saas",4,False
pre,,compromise accounts: cloud accounts,27/05/2022,medium,mitre,compromise accounts: cloud accounts,compromise accounts: cloud accounts,medium,1532,eba130fbfda701196144,c647e65323fe3e4cdc03,False,"Identity, Access & Persistence",mitre_parent:compromise accounts,alta,asignada,2022-05-27,fecha_fuente_no_verificada_como_incidente,tecnica_mitre,,pre,__NO_INFORMADO__,pre,2,False
"iaas, identity provider, linux, office suite, saas, windows, macos",,modify authentication process: multi-factor authentication,31/05/2022,medium/high,mitre,modify authentication process: multi-factor authentication,modify authentication process: multi-factor authentication,medium/high,1804,8a32a66a926ed76741dd,0a370243ae493c4a21ae,False,"Identity, Access & Persistence",mitre_parent:modify authentication process,alta,asignada,2022-05-31,fecha_fuente_no_verificada_como_incidente,tecnica_mitre,,"iaas, identity provider, linux, office suite, saas, windows, macos",__NO_INFORMADO__,"iaas, identity provider, linux, office suite, saas, windows, macos",3,False
atlassian,confluence server/data center,atlassian confluence server and data center remote code execution vulnerability,02/06/2022,high,cisa,remote_code_execution,remote_code_execution,high,681,f6f8edfdcb45ccbe5f47,0af8f31b6f8ddcb03c31,False,Code Execution & Injection,cisa_tipo:remote code execution,alta,asignada,2022-06-02,fecha_fuente_no_verificada_como_incidente,registro_vulnerabilidad,atlassian,,confluence server/data center,atlassian,4,False
qnap,photo station,qnap photo station improper access control vulnerability,08/06/2022,medium,cisa,generic vulnerability,generic vulnerability,medium,649,03ac96321bb5b9a56899,a4b62b71b4584f7e3a8b,False,"Identity, Access & Persistence",cisa_nombre:authentication|authorization|unauthorized access|privilege|credentials?|password|hard.coded|access control|permission|ownership|improper isolation|sandbox escape|session fixation|security feature bypass|protection mechanism|improper certificate|certificate validation|missing encryption|cryptographic|signature verification|integrity check|integrity verification|unprotected alternate channel|protection of alternate|spoofing|inadequate encryption strength|insecure direct object reference|dll side.loading|dll hijacking|uncontrolled search path,media,asignada,2022-06-08,fecha_fuente_no_verificada_como_incidente,registro_vulnerabilidad,qnap,,photo station,qnap,2,False
adobe,flash player,adobe flash player unspecified vulnerability,08/06/2022,medium,cisa,unspecified,unspecified,medium,669,0ad17cb5d0e766f87c92,e2cb0da99eaa2ec77a9d,False,,texto_insuficiente,pendiente,requiere_revision,2022-06-08,fecha_fuente_no_verificada_como_incidente,registro_vulnerabilidad,adobe,,flash player,adobe,2,False
adobe,acrobat and reader,adobe acrobat and reader use-after-free vulnerability,08/06/2022,medium,cisa,generic vulnerability,generic vulnerability,medium,673,17bddd4a79b77bcbf365,b20e5fc9c7d6dfb6bca4,False,Memory & Software Safety,cisa_nombre:buffer overflow|memory corruption|out.of.bounds|use.after.free|type confusion|double.free|heap.based|stack.based|integer overflow|integer underflow|race condition|time.of.check|arbitrary read and write|uninitialized (memory|variable)|improper input validation|improper validation|improper resource (shutdown|release)|null pointer|memory initialization|memory leak|format string|untrusted pointer dereference|double dereference|out.of.range pointer|record corruption|insufficient (input|data) validation|invalid input|data validation|detection of error condition,media,asignada,2022-06-08,fecha_fuente_no_verificada_como_incidente,registro_vulnerabilidad,adobe,,acrobat and reader,adobe,2,False
adobe,acrobat and reader,adobe acrobat and reader universal 3d memory corruption vulnerability,08/06/2022,high,cisa,out-of-bounds write,out-of-bounds write,high,668,234e099ccbad05643609,eac0f62adbee3954e9ac,False,Memory & Software Safety,cisa_tipo:out-of-bounds write,alta,asignada,2022-06-08,fecha_fuente_no_verificada_como_incidente,registro_vulnerabilidad,adobe,,acrobat and reader,adobe,4,False
adobe,acrobat and reader,adobe acrobat and reader buffer overflow vulnerability,08/06/2022,high,cisa,memory corruption,memory corruption,high,679,23a2a813b8cf462145ba,904c8ad83c6003c9162b,False,Memory & Software Safety,cisa_tipo:memory corruption,alta,asignada,2022-06-08,fecha_fuente_no_verificada_como_incidente,registro_vulnerabilidad,adobe,,acrobat and reader,adobe,4,False
adobe,flash player,adobe flash player memory corruption vulnerability,08/06/2022,high,cisa,out-of-bounds write,out-of-bounds write,high,666,24d234113b8c31aeaca5,38f90fd5177c1b080428,False,Memory & Software Safety,cisa_tipo:out-of-bounds write,alta,asignada,2022-06-08,fecha_fuente_no_verificada_como_incidente,registro_vulnerabilidad,adobe,,flash player,adobe,4,False
google,chromium v8,google chromium v8 out-of-bounds read vulnerability,08/06/2022,high,cisa,memory corruption,memory corruption,high,660,24df0d481fb197223b9b,7b0e0953e12afb2bf3f5,False,Memory & Software Safety,cisa_tipo:memory corruption,alta,asignada,2022-06-08,fecha_fuente_no_verificada_como_incidente,registro_vulnerabilidad,google,,chromium v8,google,4,False
microsoft,word,microsoft word malformed object pointer vulnerability,08/06/2022,high,cisa,memory_corruption,buffer_overflow,high,680,37cc82a388afbdb2e15f,7b9a750aba47f3b40f4c,False,Memory & Software Safety,cisa_tipo:memory corruption,alta,asignada,2022-06-08,fecha_fuente_no_verificada_como_incidente,registro_vulnerabilidad,microsoft,,word,microsoft,4,False
qnap,qts,qnap qts improper input validation vulnerability,08/06/2022,medium,cisa,generic vulnerability,generic vulnerability,medium,648,3c5cff062ba44e3ea646,bf02290343113cdd1262,False,Memory & Software Safety,cisa_nombre:buffer overflow|memory corruption|out.of.bounds|use.after.free|type confusion|double.free|heap.based|stack.based|integer overflow|integer underflow|race condition|time.of.check|arbitrary read and write|uninitialized (memory|variable)|improper input validation|improper validation|improper resource (shutdown|release)|null pointer|memory initialization|memory leak|format string|untrusted pointer dereference|double dereference|out.of.range pointer|record corruption|insufficient (input|data) validation|invalid input|data validation|detection of error condition,media,asignada,2022-06-08,fecha_fuente_no_verificada_como_incidente,registro_vulnerabilidad,qnap,,qts,qnap,2,False
microsoft,office,microsoft office buffer overflow vulnerability,08/06/2022,high,cisa,memory corruption,memory corruption,high,661,3dbff05a0139423a16a0,bae43c52cfb8c6555af2,False,Memory & Software Safety,cisa_tipo:memory corruption,alta,asignada,2022-06-08,fecha_fuente_no_verificada_como_incidente,registro_vulnerabilidad,microsoft,,office,microsoft,4,False
microsoft,powerpoint,microsoft powerpoint buffer overflow vulnerability,08/06/2022,high,cisa,memory corruption,memory corruption,high,671,408386a175db27771239,22d973aa414d5d00f67d,False,Memory & Software Safety,cisa_tipo:memory corruption,alta,asignada,2022-06-08,fecha_fuente_no_verificada_como_incidente,registro_vulnerabilidad,microsoft,,powerpoint,microsoft,4,False
microsoft,xml core services,microsoft xml core services memory corruption vulnerability,08/06/2022,high,cisa,memory corruption,memory corruption,high,664,42b62d0647e0af264f1b,9ef388a835b8c065cd01,False,Memory & Software Safety,cisa_tipo:memory corruption,alta,asignada,2022-06-08,fecha_fuente_no_verificada_como_incidente,registro_vulnerabilidad,microsoft,,xml core services,microsoft,4,False
google,chromium v8,google chromium v8 integer overflow vulnerability,08/06/2022,high,cisa,out-of-bounds write,out-of-bounds write,high,652,50f7f22ec79af6348379,97abe9cf1867982dc9a2,False,Memory & Software Safety,cisa_tipo:out-of-bounds write,alta,asignada,2022-06-08,fecha_fuente_no_verificada_como_incidente,registro_vulnerabilidad,google,,chromium v8,google,4,False
qnap,photo station,qnap photo station path traversal vulnerability,08/06/2022,high,cisa,path_traversal,path_traversal,high,646,53922c86133a9e174c27,a3d2bc0f13af4602b2f5,False,Data Collection & Exfiltration,cisa_tipo:path traversal,alta,asignada,2022-06-08,fecha_fuente_no_verificada_como_incidente,registro_vulnerabilidad,qnap,,photo station,qnap,4,False
netgear,multiple devices,netgear multiple devices buffer overflow vulnerability,08/06/2022,high,cisa,memory corruption,memory corruption,high,656,62102368394c13a36dcc,7950e88a1a0c19b8b69e,False,Memory & Software Safety,cisa_tipo:memory corruption,alta,asignada,2022-06-08,fecha_fuente_no_verificada_como_incidente,registro_vulnerabilidad,netgear,,multiple devices,netgear,4,False
adobe,acrobat and reader,adobe acrobat and reader universal 3d remote code execution vulnerability,08/06/2022,high,cisa,memory corruption,memory corruption,high,674,651e7efdaad3c1b60bd1,0d648ad78b47c80a6583,False,Memory & Software Safety,cisa_tipo:memory corruption,alta,asignada,2022-06-08,fecha_fuente_no_verificada_como_incidente,registro_vulnerabilidad,adobe,,acrobat and reader,adobe,4,False
adobe,flash player,adobe flash player integer overflow vulnerability,08/06/2022,high,cisa,memory_corruption,buffer_overflow,high,662,68f8d75acd156882bafa,8fab955eb308a2b0b2a1,False,Memory & Software Safety,cisa_tipo:memory corruption,alta,asignada,2022-06-08,fecha_fuente_no_verificada_como_incidente,registro_vulnerabilidad,adobe,,flash player,adobe,4,False
adobe,acrobat and reader,adobe acrobat and reader double free vulnerability,08/06/2022,medium,cisa,generic vulnerability,generic vulnerability,medium,653,6d7bc7709f61dc0253bb,6a87ecf71e6395c25a7d,False,Memory & Software Safety,cisa_nombre:buffer overflow|memory corruption|out.of.bounds|use.after.free|type confusion|double.free|heap.based|stack.based|integer overflow|integer underflow|race condition|time.of.check|arbitrary read and write|uninitialized (memory|variable)|improper input validation|improper validation|improper resource (shutdown|release)|null pointer|memory initialization|memory leak|format string|untrusted pointer dereference|double dereference|out.of.range pointer|record corruption|insufficient (input|data) validation|invalid input|data validation|detection of error condition,media,asignada,2022-06-08,fecha_fuente_no_verificada_como_incidente,registro_vulnerabilidad,adobe,,acrobat and reader,adobe,2,False
microsoft,office,microsoft office object record corruption vulnerability,08/06/2022,medium,cisa,generic vulnerability,generic vulnerability,medium,677,71b1b5fb4e352098e72b,39aea65a3a6a762e3085,False,Memory & Software Safety,cisa_nombre:buffer overflow|memory corruption|out.of.bounds|use.after.free|type confusion|double.free|heap.based|stack.based|integer overflow|integer underflow|race condition|time.of.check|arbitrary read and write|uninitialized (memory|variable)|improper input validation|improper validation|improper resource (shutdown|release)|null pointer|memory initialization|memory leak|format string|untrusted pointer dereference|double dereference|out.of.range pointer|record corruption|insufficient (input|data) validation|invalid input|data validation|detection of error condition,media,asignada,2022-06-08,fecha_fuente_no_verificada_como_incidente,registro_vulnerabilidad,microsoft,,office,microsoft,2,False
google,chromium v8,google chromium v8 type confusion vulnerability,08/06/2022,high,cisa,type confusion,type confusion,high,657,7bab446965d96abac807,71182e2b82bca2d33474,False,Memory & Software Safety,cisa_tipo:type confusion,alta,asignada,2022-06-08,fecha_fuente_no_verificada_como_incidente,registro_vulnerabilidad,google,,chromium v8,google,4,False
microsoft,windows,microsoft windows authenticode signature verification remote code execution vulnerability,08/06/2022,high,cisa,remote_code_execution,remote_code_execution,high,667,7e0ab4526bc77c7a6101,bb941bcfac8663cfb1f5,False,Code Execution & Injection,cisa_tipo:remote code execution,alta,asignada,2022-06-08,fecha_fuente_no_verificada_como_incidente,registro_vulnerabilidad,microsoft,,windows,microsoft,4,False
google,chromium v8,google chromium v8 memory corruption vulnerability,08/06/2022,medium,cisa,generic vulnerability,generic vulnerability,medium,658,a1ac6451bf8a50703a2f,b481f13a8e400454cf97,False,Memory & Software Safety,cisa_nombre:buffer overflow|memory corruption|out.of.bounds|use.after.free|type confusion|double.free|heap.based|stack.based|integer overflow|integer underflow|race condition|time.of.check|arbitrary read and write|uninitialized (memory|variable)|improper input validation|improper validation|improper resource (shutdown|release)|null pointer|memory initialization|memory leak|format string|untrusted pointer dereference|double dereference|out.of.range pointer|record corruption|insufficient (input|data) validation|invalid input|data validation|detection of error condition,media,asignada,2022-06-08,fecha_fuente_no_verificada_como_incidente,registro_vulnerabilidad,google,,chromium v8,google,2,False
adobe,"acrobat and reader, flash player","adobe acrobat and reader, flash player unspecified vulnerability",08/06/2022,medium,cisa,generic vulnerability,generic vulnerability,medium,675,aa8697a2e43596c1e969,b902cb299f3dbde88a64,False,,texto_insuficiente,pendiente,requiere_revision,2022-06-08,fecha_fuente_no_verificada_como_incidente,registro_vulnerabilidad,adobe,,"acrobat and reader, flash player",adobe,2,False
google,chromium v8,google chromium v8 out-of-bounds write vulnerability,08/06/2022,high,cisa,out-of-bounds write,out-of-bounds write,high,650,b23e4e8e3af673ab842d,5443ee015d438da7a406,False,Memory & Software Safety,cisa_tipo:out-of-bounds write,alta,asignada,2022-06-08,fecha_fuente_no_verificada_como_incidente,registro_vulnerabilidad,google,,chromium v8,google,4,False
adobe,acrobat and reader,adobe acrobat and reader stack-based buffer overflow vulnerability,08/06/2022,high,cisa,memory corruption,memory corruption,high,670,b3af1725a69c9a376f8d,78834d66a4d3449d352a,False,Memory & Software Safety,cisa_tipo:memory corruption,alta,asignada,2022-06-08,fecha_fuente_no_verificada_como_incidente,registro_vulnerabilidad,adobe,,acrobat and reader,adobe,4,False
adobe,acrobat and reader,adobe acrobat and reader unspecified vulnerability,08/06/2022,medium,cisa,unspecified,unspecified,medium,678,b698cb1f3816c8f48d5f,b8a3a81964c6ba9af41f,False,,texto_insuficiente,pendiente,requiere_revision,2022-06-08,fecha_fuente_no_verificada_como_incidente,registro_vulnerabilidad,adobe,,acrobat and reader,adobe,2,False
google,chromium v8,google chromium v8 remote code execution vulnerability,08/06/2022,high,cisa,remote_code_execution,remote_code_execution,high,655,c33a6441cca16256ed53,ddd99c82d4acea71e884,False,Code Execution & Injection,cisa_tipo:remote code execution,alta,asignada,2022-06-08,fecha_fuente_no_verificada_como_incidente,registro_vulnerabilidad,google,,chromium v8,google,4,False
google,chromium v8,google chromium v8 out-of-bounds memory vulnerability,08/06/2022,high,cisa,out-of-bounds write,out-of-bounds write,high,659,e0c899792c1cbf54e1f5,3eb1821457f02d5f6377,False,Memory & Software Safety,cisa_tipo:out-of-bounds write,alta,asignada,2022-06-08,fecha_fuente_no_verificada_como_incidente,registro_vulnerabilidad,google,,chromium v8,google,4,False
microsoft,internet explorer,microsoft internet explorer use-after-free vulnerability,08/06/2022,medium,cisa,unspecified,unspecified,medium,663,e28e0b76671ee995e649,55db9abb4fdbfd23f213,False,Memory & Software Safety,cisa_nombre:buffer overflow|memory corruption|out.of.bounds|use.after.free|type confusion|double.free|heap.based|stack.based|integer overflow|integer underflow|race condition|time.of.check|arbitrary read and write|uninitialized (memory|variable)|improper input validation|improper validation|improper resource (shutdown|release)|null pointer|memory initialization|memory leak|format string|untrusted pointer dereference|double dereference|out.of.range pointer|record corruption|insufficient (input|data) validation|invalid input|data validation|detection of error condition,media,asignada,2022-06-08,fecha_fuente_no_verificada_como_incidente,registro_vulnerabilidad,microsoft,,internet explorer,microsoft,2,False
cisco,rv series routers,cisco rv series routers deserialization of untrusted data vulnerability,08/06/2022,high,cisa,insecure_deserialization,insecure_deserialization,high,651,ef010d9618a342690457,81dd9b51606d9c04b377,False,Code Execution & Injection,cisa_tipo:insecure deserialization,alta,asignada,2022-06-08,fecha_fuente_no_verificada_como_incidente,registro_vulnerabilidad,cisco,,rv series routers,cisco,4,False
adobe,flash player,adobe flash player cross-site scripting (xss) vulnerability,08/06/2022,medium,cisa,xss,cross_site_scripting,medium,665,fc46f6897117110ef5d8,d6c98d81491a7ecfee3f,False,Code Execution & Injection,cisa_tipo:xss,alta,asignada,2022-06-08,fecha_fuente_no_verificada_como_incidente,registro_vulnerabilidad,adobe,,flash player,adobe,2,False
sap,netweaver,sap netweaver unrestricted file upload vulnerability,09/06/2022,medium,cisa,generic vulnerability,generic vulnerability,medium,643,0421eef9bc766be47753,1ba70673825a497d5390,False,Code Execution & Injection,cisa_nombre:code execution|command execution|code injection|command injection|sql injection|injection|deserialization|cross.site scripting|xss|file upload|upload of|file type upload|embedded malicious code|download of code|arbitrary code|improper neutralization|improper escaping|server.side request forgery|request smuggling|http request splitting,media,asignada,2022-06-09,fecha_fuente_no_verificada_como_incidente,registro_vulnerabilidad,sap,,netweaver,sap,2,False
sap,netweaver,sap netweaver information disclosure vulnerability,09/06/2022,medium,cisa,information disclosure,information disclosure,medium,645,e12f5bab4eefc6bb2989,4d1f45108cbcb78601b8,False,Data Collection & Exfiltration,cisa_tipo:information disclosure,alta,asignada,2022-06-09,fecha_fuente_no_verificada_como_incidente,registro_vulnerabilidad,sap,,netweaver,sap,2,False
sap,netweaver,sap netweaver sql injection vulnerability,09/06/2022,high,cisa,injection,other_injection,high,644,e9f3de053b5d07cebe56,3927de208f8cfdd127b0,False,Code Execution & Injection,cisa_tipo:injection,alta,asignada,2022-06-09,fecha_fuente_no_verificada_como_incidente,registro_vulnerabilidad,sap,,netweaver,sap,4,False
microsoft,windows,microsoft windows support diagnostic tool (msdt) remote code execution vulnerability,14/06/2022,high,cisa,remote_code_execution,remote_code_execution,high,642,cafe1bf9052436a86b19,03dd7aed045b8e3e3cd8,False,Code Execution & Injection,cisa_tipo:remote code execution,alta,asignada,2022-06-14,fecha_fuente_no_verificada_como_incidente,registro_vulnerabilidad,microsoft,,windows,microsoft,4,False
"linux, network devices, windows, macos",,indicator removal: clear network connection history and configurations,15/06/2022,medium/high,mitre,indicator removal: clear network connection history and configurations,indicator removal: clear network connection history and configurations,medium/high,1765,e27d3d8360d9d670bb56,fd5d1e227d62097a6ac4,False,Reconnaissance & Attack Operations,mitre_parent:indicator removal,alta,asignada,2022-06-15,fecha_fuente_no_verificada_como_incidente,tecnica_mitre,,"linux, network devices, windows, macos",__NO_INFORMADO__,"linux, network devices, windows, macos",3,False
apple,multiple products,apple multiple products memory corruption vulnerability,27/06/2022,high,cisa,out-of-bounds write,out-of-bounds write,high,638,0078f7d7406c2a8e1d27,408c0255b2c35a435ecc,False,Memory & Software Safety,cisa_tipo:out-of-bounds write,alta,asignada,2022-06-27,fecha_fuente_no_verificada_como_incidente,registro_vulnerabilidad,apple,,multiple products,apple,4,False
red hat,polkit,red hat polkit out-of-bounds read and write vulnerability,27/06/2022,high,cisa,out-of-bounds write,out-of-bounds write,high,636,008cb6edacfdafc3e29b,0c68ad15ad3cb6e86300,False,Memory & Software Safety,cisa_tipo:out-of-bounds write,alta,asignada,2022-06-27,fecha_fuente_no_verificada_como_incidente,registro_vulnerabilidad,red hat,,polkit,red hat,4,False
apple,multiple products,apple multiple products memory corruption vulnerability,27/06/2022,high,cisa,memory corruption,memory corruption,high,641,0327d227106d116bb2be,408c0255b2c35a435ecc,False,Memory & Software Safety,cisa_tipo:memory corruption,alta,asignada,2022-06-27,fecha_fuente_no_verificada_como_incidente,registro_vulnerabilidad,apple,,multiple products,apple,4,False
google,chromium popupblocker,google chromium popupblocker security bypass vulnerability,27/06/2022,medium/high,cisa,authentication issues,authentication issues,medium/high,635,1f051c25d2564e433483,075cec7e142cfd610c2a,False,"Identity, Access & Persistence",cisa_tipo:authentication issues,alta,asignada,2022-06-27,fecha_fuente_no_verificada_como_incidente,registro_vulnerabilidad,google,,chromium popupblocker,google,3,False
apple,multiple products,apple multiple products use-after-free vulnerability,27/06/2022,high,cisa,use-after-free,use-after-free,high,640,3d62ee1a6f337f42f56e,0dd047efab66e85c5823,False,Memory & Software Safety,cisa_tipo:use-after-free,alta,asignada,2022-06-27,fecha_fuente_no_verificada_como_incidente,registro_vulnerabilidad,apple,,multiple products,apple,4,False
apple,ios and ipados,apple ios and ipados buffer overflow vulnerability,27/06/2022,high,cisa,memory corruption,memory corruption,high,637,4c1beebbeb0d60f57ce9,66e3805925ab55acd28b,False,Memory & Software Safety,cisa_tipo:memory corruption,alta,asignada,2022-06-27,fecha_fuente_no_verificada_como_incidente,registro_vulnerabilidad,apple,,ios and ipados,apple,4,False
mitel,mivoice connect,mitel mivoice connect data validation vulnerability,27/06/2022,medium,cisa,generic vulnerability,generic vulnerability,medium,634,50b340f9c572a93bcc86,f022cf80a20f46a4adef,False,Memory & Software Safety,cisa_nombre:buffer overflow|memory corruption|out.of.bounds|use.after.free|type confusion|double.free|heap.based|stack.based|integer overflow|integer underflow|race condition|time.of.check|arbitrary read and write|uninitialized (memory|variable)|improper input validation|improper validation|improper resource (shutdown|release)|null pointer|memory initialization|memory leak|format string|untrusted pointer dereference|double dereference|out.of.range pointer|record corruption|insufficient (input|data) validation|invalid input|data validation|detection of error condition,media,asignada,2022-06-27,fecha_fuente_no_verificada_como_incidente,registro_vulnerabilidad,mitel,,mivoice connect,mitel,2,False
microsoft,windows,microsoft windows lsa spoofing vulnerability,01/07/2022,medium,cisa,generic vulnerability,generic vulnerability,medium,633,4be03698c2938a3463a9,830c1ea3862a69a068b7,False,"Identity, Access & Persistence",cisa_nombre:authentication|authorization|unauthorized access|privilege|credentials?|password|hard.coded|access control|permission|ownership|improper isolation|sandbox escape|session fixation|security feature bypass|protection mechanism|improper certificate|certificate validation|missing encryption|cryptographic|signature verification|integrity check|integrity verification|unprotected alternate channel|protection of alternate|spoofing|inadequate encryption strength|insecure direct object reference|dll side.loading|dll hijacking|uncontrolled search path,media,asignada,2022-07-01,fecha_fuente_no_verificada_como_incidente,registro_vulnerabilidad,microsoft,,windows,microsoft,2,False
"linux, office suite, windows, macos",,indicator removal: clear mailbox data,08/07/2022,medium/high,mitre,indicator removal: clear mailbox data,indicator removal: clear mailbox data,medium/high,1764,1568f034b28f273a7a80,148af6046e5f8c4d9f31,False,Reconnaissance & Attack Operations,mitre_parent:indicator removal,alta,asignada,2022-07-08,fecha_fuente_no_verificada_como_incidente,tecnica_mitre,,"linux, office suite, windows, macos",__NO_INFORMADO__,"linux, office suite, windows, macos",3,False
pre,,compromise infrastructure: serverless,08/07/2022,medium,mitre,compromise infrastructure: serverless,compromise infrastructure: serverless,medium,1542,d9855cbdccfa4f8d0eb4,daf0db92cac48c139b9d,False,Reconnaissance & Attack Operations,mitre_parent:compromise infrastructure,alta,asignada,2022-07-08,fecha_fuente_no_verificada_como_incidente,tecnica_mitre,,pre,__NO_INFORMADO__,pre,2,False
pre,,acquire infrastructure: serverless,08/07/2022,medium,mitre,acquire infrastructure: serverless,acquire infrastructure: serverless,medium,1453,f4d48b60e6acbb9a9a12,20ce13e7f409ab8fdfb0,False,Reconnaissance & Attack Operations,mitre_parent:acquire infrastructure,alta,asignada,2022-07-08,fecha_fuente_no_verificada_como_incidente,tecnica_mitre,,pre,__NO_INFORMADO__,pre,2,False
microsoft,windows,microsoft windows client server runtime subsystem (csrss) privilege escalation vulnerability,12/07/2022,high,cisa,privilege escalation,privilege escalation,high,632,4bfecc53462fc4f61393,e3950c868091226700fb,False,"Identity, Access & Persistence",cisa_tipo:privilege escalation,alta,asignada,2022-07-12,fecha_fuente_no_verificada_como_incidente,registro_vulnerabilidad,microsoft,,windows,microsoft,4,False
"esxi, linux, windows, macos",,indicator removal: clear persistence,29/07/2022,medium/high,mitre,indicator removal: clear persistence,indicator removal: clear persistence,medium/high,1766,d35d679f4f9084f3f7f5,7790af10af9061f69ebf,False,Reconnaissance & Attack Operations,mitre_parent:indicator removal,alta,asignada,2022-07-29,fecha_fuente_no_verificada_como_incidente,tecnica_mitre,,"esxi, linux, windows, macos",__NO_INFORMADO__,"esxi, linux, windows, macos",3,False
atlassian,confluence,atlassian questions for confluence app hard-coded credentials vulnerability,29/07/2022,medium,cisa,xss,cross_site_scripting,medium,631,fb6ebecf62cfdedcf037,013155d0b0933dead7ba,False,Code Execution & Injection,cisa_tipo:xss,alta,asignada,2022-07-29,fecha_fuente_no_verificada_como_incidente,registro_vulnerabilidad,atlassian,,confluence,atlassian,2,False
"identity provider, linux, windows, macos",,steal or forge authentication certificates,03/08/2022,medium/high,mitre,steal or forge authentication certificates,steal or forge authentication certificates,medium/high,1995,03ce81fc5320bd0b57ed,677cf0a0532b178eadef,False,"Identity, Access & Persistence",mitre_parent:steal or forge authentication certificates,alta,asignada,2022-08-03,fecha_fuente_no_verificada_como_incidente,tecnica_mitre,,"identity provider, linux, windows, macos",__NO_INFORMADO__,"identity provider, linux, windows, macos",3,False
synacor,zimbra collaboration suite (zcs),synacor zimbra collaboration suite (zcs) command injection vulnerability,04/08/2022,high,cisa,injection,other_injection,high,630,34782d259f633e05716e,1e820cae865a21f4ae4b,False,Code Execution & Injection,cisa_tipo:injection,alta,asignada,2022-08-04,fecha_fuente_no_verificada_como_incidente,registro_vulnerabilidad,synacor,,zimbra collaboration suite (zcs),synacor,4,False
rarlab,unrar,rarlab unrar directory traversal vulnerability,09/08/2022,high,cisa,path_traversal,path_traversal,high,629,4c19d09871f14ee06d5a,a11f2c35bb965669d69b,False,Data Collection & Exfiltration,cisa_tipo:path traversal,alta,asignada,2022-08-09,fecha_fuente_no_verificada_como_incidente,registro_vulnerabilidad,rarlab,,unrar,rarlab,4,False
microsoft,windows,microsoft windows support diagnostic tool (msdt) remote code execution vulnerability,09/08/2022,high,cisa,remote_code_execution,remote_code_execution,high,628,8475adeb5477dd14ffd4,03dd7aed045b8e3e3cd8,False,Code Execution & Injection,cisa_tipo:remote code execution,alta,asignada,2022-08-09,fecha_fuente_no_verificada_como_incidente,registro_vulnerabilidad,microsoft,,windows,microsoft,4,False
pre,,search open websites/domains: code repositories,09/08/2022,low/medium,mitre,search open websites/domains: code repositories,search open websites/domains: code repositories,low/medium,1966,b3fc964d7db16433f581,0e6a072c5496ae7bdbc1,False,Reconnaissance & Attack Operations,mitre_parent:search open websites/domains,alta,asignada,2022-08-09,fecha_fuente_no_verificada_como_incidente,tecnica_mitre,,pre,__NO_INFORMADO__,pre,1,False
synacor,zimbra collaboration suite (zcs),synacor zimbra collaboration suite (zcs) authentication bypass vulnerability,11/08/2022,medium/high,cisa,authentication issues,authentication issues,medium/high,627,5b03869cf6ef60b3c189,2d341b5c12c31ca3f7f3,False,"Identity, Access & Persistence",cisa_tipo:authentication issues,alta,asignada,2022-08-11,fecha_fuente_no_verificada_como_incidente,registro_vulnerabilidad,synacor,,zimbra collaboration suite (zcs),synacor,3,False
synacor,zimbra collaboration suite (zcs),synacor zimbra collaboration suite (zcs) arbitrary file upload vulnerability,11/08/2022,medium,cisa,generic vulnerability,generic vulnerability,medium,626,f07fd2f24e344e21934e,96999dc59765fe743abb,False,Code Execution & Injection,cisa_nombre:code execution|command execution|code injection|command injection|sql injection|injection|deserialization|cross.site scripting|xss|file upload|upload of|file type upload|embedded malicious code|download of code|arbitrary code|improper neutralization|improper escaping|server.side request forgery|request smuggling|http request splitting,media,asignada,2022-08-11,fecha_fuente_no_verificada_como_incidente,registro_vulnerabilidad,synacor,,zimbra collaboration suite (zcs),synacor,2,False
microsoft,windows,microsoft windows runtime remote code execution vulnerability,18/08/2022,high,cisa,remote_code_execution,remote_code_execution,high,624,05b20ad2d2043adb950a,c13a4fb2c26a705c20ae,False,Code Execution & Injection,cisa_tipo:remote code execution,alta,asignada,2022-08-18,fecha_fuente_no_verificada_como_incidente,registro_vulnerabilidad,microsoft,,windows,microsoft,4,False
sap,multiple products,sap multiple products http request smuggling vulnerability,18/08/2022,medium,cisa,generic vulnerability,generic vulnerability,medium,619,53e689731b0b4e9ce528,1b19da43bdafe071bea1,False,Code Execution & Injection,cisa_nombre:code execution|command execution|code injection|command injection|sql injection|injection|deserialization|cross.site scripting|xss|file upload|upload of|file type upload|embedded malicious code|download of code|arbitrary code|improper neutralization|improper escaping|server.side request forgery|request smuggling|http request splitting,media,asignada,2022-08-18,fecha_fuente_no_verificada_como_incidente,registro_vulnerabilidad,sap,,multiple products,sap,2,False
palo alto networks,pan-os,palo alto networks pan-os remote code execution vulnerability,18/08/2022,high,cisa,remote_code_execution,remote_code_execution,high,625,769181a5ede89cda8066,ebc61561ad7a76ec87f1,False,Code Execution & Injection,cisa_tipo:remote code execution,alta,asignada,2022-08-18,fecha_fuente_no_verificada_como_incidente,registro_vulnerabilidad,palo alto networks,,pan-os,palo alto networks,4,False
microsoft,active directory,microsoft active directory domain services privilege escalation vulnerability,18/08/2022,high,cisa,privilege escalation,privilege escalation,high,623,8e49aab49c151f75160e,c634bad688a3688d6c82,False,"Identity, Access & Persistence",cisa_tipo:privilege escalation,alta,asignada,2022-08-18,fecha_fuente_no_verificada_como_incidente,registro_vulnerabilidad,microsoft,,active directory,microsoft,4,False
apple,ios and macos,apple ios and macos out-of-bounds write vulnerability,18/08/2022,high,cisa,out-of-bounds write,out-of-bounds write,high,620,c02d126a45faaa75a125,6297f202626be5d1af91,False,Memory & Software Safety,cisa_tipo:out-of-bounds write,alta,asignada,2022-08-18,fecha_fuente_no_verificada_como_incidente,registro_vulnerabilidad,apple,,ios and macos,apple,4,False
google,chromium intents,google chromium intents insufficient input validation vulnerability,18/08/2022,medium,cisa,generic vulnerability,generic vulnerability,medium,622,fa22a7b5536111f4a322,e3c22fac1a103c3889dc,False,Memory & Software Safety,cisa_nombre:buffer overflow|memory corruption|out.of.bounds|use.after.free|type confusion|double.free|heap.based|stack.based|integer overflow|integer underflow|race condition|time.of.check|arbitrary read and write|uninitialized (memory|variable)|improper input validation|improper validation|improper resource (shutdown|release)|null pointer|memory initialization|memory leak|format string|untrusted pointer dereference|double dereference|out.of.range pointer|record corruption|insufficient (input|data) validation|invalid input|data validation|detection of error condition,media,asignada,2022-08-18,fecha_fuente_no_verificada_como_incidente,registro_vulnerabilidad,google,,chromium intents,google,2,False
windows,,obfuscated files or information: dynamic api resolution,22/08/2022,medium/high,mitre,obfuscated files or information: dynamic api resolution,obfuscated files or information: dynamic api resolution,medium/high,1849,0aa0e705a89f47718d32,3df821f29895585d87d6,False,Reconnaissance & Attack Operations,mitre_parent:obfuscated files or information,alta,asignada,2022-08-22,fecha_fuente_no_verificada_como_incidente,tecnica_mitre,,windows,__NO_INFORMADO__,windows,3,False
palo alto networks,pan-os,palo alto networks pan-os reflected amplification denial-of-service vulnerability,22/08/2022,medium,cisa,generic vulnerability,generic vulnerability,medium,618,17db71b009956ca3ee33,5f2c258343d61e5f22e0,False,Impact & Availability,cisa_nombre:denial.of.service|resource exhaustion|infinite loop|uncontrolled resource consumption|data destruction|arbitrary file deletion,media,asignada,2022-08-22,fecha_fuente_no_verificada_como_incidente,registro_vulnerabilidad,palo alto networks,,pan-os,palo alto networks,2,False
dotcms,dotcms,dotcms unrestricted upload of file vulnerability,25/08/2022,medium,cisa,generic vulnerability,generic vulnerability,medium,608,03d4050228c0c350ba5e,3d7159108b3977745fd4,False,Code Execution & Injection,cisa_nombre:code execution|command execution|code injection|command injection|sql injection|injection|deserialization|cross.site scripting|xss|file upload|upload of|file type upload|embedded malicious code|download of code|arbitrary code|improper neutralization|improper escaping|server.side request forgery|request smuggling|http request splitting,media,asignada,2022-08-25,fecha_fuente_no_verificada_como_incidente,registro_vulnerabilidad,dotcms,,dotcms,dotcms,2,False
vmware tanzu,spring cloud,vmware tanzu spring cloud function remote code execution vulnerability,25/08/2022,high,cisa,remote_code_execution,remote_code_execution,high,611,43993ce4ed7654826089,a6d1573f1253c6fdfba5,False,Code Execution & Injection,cisa_tipo:remote code execution,alta,asignada,2022-08-25,fecha_fuente_no_verificada_como_incidente,registro_vulnerabilidad,vmware tanzu,,spring cloud,vmware tanzu,4,False
pear,archive_tar,pear archive_tar improper link resolution vulnerability,25/08/2022,medium,cisa,generic vulnerability,generic vulnerability,medium,616,47f58adc484f04f2f36d,4ca7996b31a976e6a7ff,False,Data Collection & Exfiltration,cisa_nombre:information disclosure|information leak|disclosure|exposure of|directory traversal|path traversal|path transversal|file inclusion|external control of file name|link following|improper link resolution|arbitrary file (read|download)|file download|file read|sensitive information,media,asignada,2022-08-25,fecha_fuente_no_verificada_como_incidente,registro_vulnerabilidad,pear,,archive_tar,pear,2,False
apache,apisix,apache apisix authentication bypass vulnerability,25/08/2022,medium/high,cisa,authentication issues,authentication issues,medium/high,610,8dfc9e5a14befe7ee7e2,e9a4ab570aa2eadbc649,False,"Identity, Access & Persistence",cisa_tipo:authentication issues,alta,asignada,2022-08-25,fecha_fuente_no_verificada_como_incidente,registro_vulnerabilidad,apache,,apisix,apache,3,False
webrtc,webrtc,webrtc heap buffer overflow vulnerability,25/08/2022,high,cisa,memory_corruption,buffer_overflow,high,612,9f2477aa81b51a08b85b,fd0f4a40ef76274de51b,False,Memory & Software Safety,cisa_tipo:memory corruption,alta,asignada,2022-08-25,fecha_fuente_no_verificada_como_incidente,registro_vulnerabilidad,webrtc,,webrtc,webrtc,4,False
apple,"ios, macos, watchos","apple ios, macos, watchos sandbox bypass vulnerability",25/08/2022,high,cisa,insecure_deserialization,insecure_deserialization,high,615,c2f77b31310e8c653b3e,730a6f238f5092ad4023,False,Code Execution & Injection,cisa_tipo:insecure deserialization,alta,asignada,2022-08-25,fecha_fuente_no_verificada_como_incidente,registro_vulnerabilidad,apple,,"ios, macos, watchos",apple,4,False
grafana labs,grafana,grafana authentication bypass vulnerability,25/08/2022,medium,cisa,authentication issues,authentication issues,medium,613,d6daaa6c863655dfd558,e5e8ffda74ab7a36e707,False,"Identity, Access & Persistence",cisa_tipo:authentication issues,alta,asignada,2022-08-25,fecha_fuente_no_verificada_como_incidente,registro_vulnerabilidad,grafana labs,,grafana,grafana labs,2,False
pear,archive_tar,pear archive_tar deserialization of untrusted data vulnerability,25/08/2022,medium,cisa,generic vulnerability,generic vulnerability,medium,617,e3c1a7764a66e4d56053,9921972ed325a340658b,False,Code Execution & Injection,cisa_nombre:code execution|command execution|code injection|command injection|sql injection|injection|deserialization|cross.site scripting|xss|file upload|upload of|file type upload|embedded malicious code|download of code|arbitrary code|improper neutralization|improper escaping|server.side request forgery|request smuggling|http request splitting,media,asignada,2022-08-25,fecha_fuente_no_verificada_como_incidente,registro_vulnerabilidad,pear,,archive_tar,pear,2,False
apache,couchdb,apache couchdb insecure default initialization of resource vulnerability,25/08/2022,high,cisa,remote_code_execution,remote_code_execution,high,609,f7c79f3357e613ecee2d,74975184fbdb7c28e98b,False,Code Execution & Injection,cisa_tipo:remote code execution,alta,asignada,2022-08-25,fecha_fuente_no_verificada_como_incidente,registro_vulnerabilidad,apache,,couchdb,apache,4,False
delta electronics,dopsoft 2,delta electronics dopsoft 2 improper input validation vulnerability,25/08/2022,high,cisa,out-of-bounds write,out-of-bounds write,high,614,fb8d1daf6075e9ee8e8d,63a10a575e5f0fb27c96,False,Memory & Software Safety,cisa_tipo:out-of-bounds write,alta,asignada,2022-08-25,fecha_fuente_no_verificada_como_incidente,registro_vulnerabilidad,delta electronics,,dopsoft 2,delta electronics,4,False
netgear,multiple devices,netgear multiple devices exposure of sensitive information vulnerability,08/09/2022,medium,cisa,information disclosure,information disclosure,medium,605,05207f0d58fe11d98361,e8ce19c19a43415f47bd,False,Data Collection & Exfiltration,cisa_tipo:information disclosure,alta,asignada,2022-09-08,fecha_fuente_no_verificada_como_incidente,registro_vulnerabilidad,netgear,,multiple devices,netgear,2,False
d-link,dir-300 router,d-link dir-300 router cleartext storage of a password vulnerability,08/09/2022,medium,cisa,generic vulnerability,generic vulnerability,medium,606,078410b1c49f1a2e08d9,bb8093e27b6fc2fb25a0,False,"Identity, Access & Persistence",cisa_nombre:authentication|authorization|unauthorized access|privilege|credentials?|password|hard.coded|access control|permission|ownership|improper isolation|sandbox escape|session fixation|security feature bypass|protection mechanism|improper certificate|certificate validation|missing encryption|cryptographic|signature verification|integrity check|integrity verification|unprotected alternate channel|protection of alternate|spoofing|inadequate encryption strength|insecure direct object reference|dll side.loading|dll hijacking|uncontrolled search path,media,asignada,2022-09-08,fecha_fuente_no_verificada_como_incidente,registro_vulnerabilidad,d-link,,dir-300 router,d-link,2,False
google,chromium mojo,google chromium mojo insufficient data validation vulnerability,08/09/2022,medium,cisa,generic vulnerability,generic vulnerability,medium,597,1141e0c12323dcca7447,41e9be1fd43e8c7e8e9f,False,Memory & Software Safety,cisa_nombre:buffer overflow|memory corruption|out.of.bounds|use.after.free|type confusion|double.free|heap.based|stack.based|integer overflow|integer underflow|race condition|time.of.check|arbitrary read and write|uninitialized (memory|variable)|improper input validation|improper validation|improper resource (shutdown|release)|null pointer|memory initialization|memory leak|format string|untrusted pointer dereference|double dereference|out.of.range pointer|record corruption|insufficient (input|data) validation|invalid input|data validation|detection of error condition,media,asignada,2022-09-08,fecha_fuente_no_verificada_como_incidente,registro_vulnerabilidad,google,,chromium mojo,google,2,False
qnap,photo station,qnap photo station externally controlled reference vulnerability,08/09/2022,medium,cisa,generic vulnerability,generic vulnerability,medium,598,212d363c04ac897eb53e,0e5594ae8143e71fdd9b,False,,texto_insuficiente,pendiente,requiere_revision,2022-09-08,fecha_fuente_no_verificada_como_incidente,registro_vulnerabilidad,qnap,,photo station,qnap,2,False
apple,"ios, ipados, and macos","apple ios, ipados, and macos input validation vulnerability",08/09/2022,medium/high,cisa,dos,denial_of_service,medium/high,600,29998fd6f5ca1f182baa,875ff4ef94f33d60e59a,False,Impact & Availability,cisa_tipo:dos,alta,asignada,2022-09-08,fecha_fuente_no_verificada_como_incidente,registro_vulnerabilidad,apple,,"ios, ipados, and macos",apple,3,False
oracle,weblogic server,oracle weblogic server unspecified vulnerability,08/09/2022,high,cisa,insecure_deserialization,insecure_deserialization,high,603,689a1db52df970b83272,50f221ca2a16fae5eac7,False,Code Execution & Injection,cisa_tipo:insecure deserialization,alta,asignada,2022-09-08,fecha_fuente_no_verificada_como_incidente,registro_vulnerabilidad,oracle,,weblogic server,oracle,4,False
d-link,dir-820l,d-link dir-820l remote code execution vulnerability,08/09/2022,high,cisa,remote_code_execution,remote_code_execution,high,599,8e3bd070e5c1df3b3390,28a6483ba4265bba3f08,False,Code Execution & Injection,cisa_tipo:remote code execution,alta,asignada,2022-09-08,fecha_fuente_no_verificada_como_incidente,registro_vulnerabilidad,d-link,,dir-820l,d-link,4,False
mikrotik,routeros,mikrotik routeros stack-based buffer overflow vulnerability,08/09/2022,high,cisa,memory corruption,memory corruption,high,601,b7945ab119517d776160,a8ed2dbcb875b1ca57e4,False,Memory & Software Safety,cisa_tipo:memory corruption,alta,asignada,2022-09-08,fecha_fuente_no_verificada_como_incidente,registro_vulnerabilidad,mikrotik,,routeros,mikrotik,4,False
android,android os,android os privilege escalation vulnerability,08/09/2022,high,cisa,privilege escalation,privilege escalation,high,607,dbccc0ff9787e09663e3,087cd7fc539e6a116104,False,"Identity, Access & Persistence",cisa_tipo:privilege escalation,alta,asignada,2022-09-08,fecha_fuente_no_verificada_como_incidente,registro_vulnerabilidad,android,,android os,android,4,False
fortinet,fortios and fortiadc,fortinet fortios and fortiadc improper access control vulnerability,08/09/2022,medium,cisa,generic vulnerability,generic vulnerability,medium,604,dcdb69102f07911191b3,63d65562cad2e570dc59,False,"Identity, Access & Persistence",cisa_nombre:authentication|authorization|unauthorized access|privilege|credentials?|password|hard.coded|access control|permission|ownership|improper isolation|sandbox escape|session fixation|security feature bypass|protection mechanism|improper certificate|certificate validation|missing encryption|cryptographic|signature verification|integrity check|integrity verification|unprotected alternate channel|protection of alternate|spoofing|inadequate encryption strength|insecure direct object reference|dll side.loading|dll hijacking|uncontrolled search path,media,asignada,2022-09-08,fecha_fuente_no_verificada_como_incidente,registro_vulnerabilidad,fortinet,,fortios and fortiadc,fortinet,2,False
d-link,multiple routers,d-link multiple routers os command injection vulnerability,08/09/2022,high,cisa,injection,other_injection,high,602,f39bf7b5360d95622cc4,73cd1540df29160df351,False,Code Execution & Injection,cisa_tipo:injection,alta,asignada,2022-09-08,fecha_fuente_no_verificada_como_incidente,registro_vulnerabilidad,d-link,,multiple routers,d-link,4,False
apple,"ios, ipados, and macos","apple ios, ipados, and macos remote code execution vulnerability",14/09/2022,high,cisa,out-of-bounds write,out-of-bounds write,high,596,00f2bbcabfd1fcf31d70,be9e5e673baa9262dd0c,False,Memory & Software Safety,cisa_tipo:out-of-bounds write,alta,asignada,2022-09-14,fecha_fuente_no_verificada_como_incidente,registro_vulnerabilidad,apple,,"ios, ipados, and macos",apple,4,False
microsoft,windows,microsoft windows common log file system (clfs) driver privilege escalation vulnerability,14/09/2022,high,cisa,out-of-bounds write,out-of-bounds write,high,595,c7dcc12c5211bf6c2769,565f7cacfec487624047,False,Memory & Software Safety,cisa_tipo:out-of-bounds write,alta,asignada,2022-09-14,fecha_fuente_no_verificada_como_incidente,registro_vulnerabilidad,microsoft,,windows,microsoft,4,False
microsoft,windows,microsoft windows remote code execution vulnerability,15/09/2022,high,cisa,remote_code_execution,remote_code_execution,high,594,1b2c9d6eff58a4411b0e,1d9911818c089f3950f8,False,Code Execution & Injection,cisa_tipo:remote code execution,alta,asignada,2022-09-15,fecha_fuente_no_verificada_como_incidente,registro_vulnerabilidad,microsoft,,windows,microsoft,4,False
linux,kernel,linux kernel integer overflow vulnerability,15/09/2022,high,cisa,memory_corruption,buffer_overflow,high,592,3ffa001e335c112e368b,aad8c7f8da2d83c56ef4,False,Memory & Software Safety,cisa_tipo:memory corruption,alta,asignada,2022-09-15,fecha_fuente_no_verificada_como_incidente,registro_vulnerabilidad,linux,,kernel,linux,4,False
linux,kernel,linux kernel improper input validation vulnerability,15/09/2022,medium,cisa,generic vulnerability,generic vulnerability,medium,590,717c8f29da0d44f19f5d,1dca7b8e6df55ec7b04c,False,Memory & Software Safety,cisa_nombre:buffer overflow|memory corruption|out.of.bounds|use.after.free|type confusion|double.free|heap.based|stack.based|integer overflow|integer underflow|race condition|time.of.check|arbitrary read and write|uninitialized (memory|variable)|improper input validation|improper validation|improper resource (shutdown|release)|null pointer|memory initialization|memory leak|format string|untrusted pointer dereference|double dereference|out.of.range pointer|record corruption|insufficient (input|data) validation|invalid input|data validation|detection of error condition,media,asignada,2022-09-15,fecha_fuente_no_verificada_como_incidente,registro_vulnerabilidad,linux,,kernel,linux,2,False
code aurora,acdb audio driver,code aurora acdb audio driver stack-based buffer overflow vulnerability,15/09/2022,high,cisa,memory corruption,memory corruption,high,591,8faca3d0120057691258,461c9e29a528a5906804,False,Memory & Software Safety,cisa_tipo:memory corruption,alta,asignada,2022-09-15,fecha_fuente_no_verificada_como_incidente,registro_vulnerabilidad,code aurora,,acdb audio driver,code aurora,4,False
trend micro,apex one and apex one as a service,trend micro apex one and apex one as a service improper validation vulnerability,15/09/2022,medium,cisa,generic vulnerability,generic vulnerability,medium,589,99e92d314967ad82c4ce,a71e7e737708abcde76e,False,Memory & Software Safety,cisa_nombre:buffer overflow|memory corruption|out.of.bounds|use.after.free|type confusion|double.free|heap.based|stack.based|integer overflow|integer underflow|race condition|time.of.check|arbitrary read and write|uninitialized (memory|variable)|improper input validation|improper validation|improper resource (shutdown|release)|null pointer|memory initialization|memory leak|format string|untrusted pointer dereference|double dereference|out.of.range pointer|record corruption|insufficient (input|data) validation|invalid input|data validation|detection of error condition,media,asignada,2022-09-15,fecha_fuente_no_verificada_como_incidente,registro_vulnerabilidad,trend micro,,apex one and apex one as a service,trend micro,2,False
linux,kernel,linux kernel privilege escalation vulnerability,15/09/2022,high,cisa,privilege escalation,privilege escalation,high,593,de6c63398e0efc94e22b,404f6ef4a99fa95df205,False,"Identity, Access & Persistence",cisa_tipo:privilege escalation,alta,asignada,2022-09-15,fecha_fuente_no_verificada_como_incidente,registro_vulnerabilidad,linux,,kernel,linux,4,False
zoho,manageengine,zoho manageengine multiple products remote code execution vulnerability,22/09/2022,high,cisa,insecure_deserialization,insecure_deserialization,high,588,f62395ef09352b046800,342b3f28f3a0e2fb8314,False,Code Execution & Injection,cisa_tipo:insecure deserialization,alta,asignada,2022-09-22,fecha_fuente_no_verificada_como_incidente,registro_vulnerabilidad,zoho,,manageengine,zoho,4,False
sophos,firewall,sophos firewall code injection vulnerability,23/09/2022,high,cisa,injection,other_injection,high,587,6c8ff301e680bbe2d703,349909c3b0c02348ee95,False,Code Execution & Injection,cisa_tipo:injection,alta,asignada,2022-09-23,fecha_fuente_no_verificada_como_incidente,registro_vulnerabilidad,sophos,,firewall,sophos,4,False
"linux, windows, macos",,event triggered execution: installer packages,27/09/2022,medium/high,mitre,event triggered execution: installer packages,event triggered execution: installer packages,medium/high,1650,e70bcdf0a85ed2b03f36,462a742ec573255a9653,False,"Identity, Access & Persistence",mitre_parent:event triggered execution,alta,asignada,2022-09-27,fecha_fuente_no_verificada_como_incidente,tecnica_mitre,,"linux, windows, macos",__NO_INFORMADO__,"linux, windows, macos",3,False
"iaas, identity provider, office suite, saas, windows",,modify authentication process: hybrid identity,28/09/2022,medium/high,mitre,modify authentication process: hybrid identity,modify authentication process: hybrid identity,medium/high,1803,5ce4739362679aaccd76,f30576da1f14a4b46c58,False,"Identity, Access & Persistence",mitre_parent:modify authentication process,alta,asignada,2022-09-28,fecha_fuente_no_verificada_como_incidente,tecnica_mitre,,"iaas, identity provider, office suite, saas, windows",__NO_INFORMADO__,"iaas, identity provider, office suite, saas, windows",3,False
"linux, network devices, windows, macos",,obfuscated files or information: stripped payloads,29/09/2022,medium/high,mitre,obfuscated files or information: stripped payloads,obfuscated files or information: stripped payloads,medium/high,1861,17fb73d53be2fc76d057,a30f60bb9b5d3bcbd1ce,False,Reconnaissance & Attack Operations,mitre_parent:obfuscated files or information,alta,asignada,2022-09-29,fecha_fuente_no_verificada_como_incidente,tecnica_mitre,,"linux, network devices, windows, macos",__NO_INFORMADO__,"linux, network devices, windows, macos",3,False
microsoft,exchange server,microsoft exchange server server-side request forgery vulnerability,30/09/2022,medium,cisa,generic vulnerability,generic vulnerability,medium,585,24c7725e0912998d12b0,93e8c39d0b3189c66267,False,Code Execution & Injection,cisa_nombre:code execution|command execution|code injection|command injection|sql injection|injection|deserialization|cross.site scripting|xss|file upload|upload of|file type upload|embedded malicious code|download of code|arbitrary code|improper neutralization|improper escaping|server.side request forgery|request smuggling|http request splitting,media,asignada,2022-09-30,fecha_fuente_no_verificada_como_incidente,registro_vulnerabilidad,microsoft,,exchange server,microsoft,2,False
pre,,stage capabilities: seo poisoning,30/09/2022,medium,mitre,stage capabilities: seo poisoning,stage capabilities: seo poisoning,medium,1990,4911db900fcd9ec872b1,2cbe204c0535d82f2e9a,False,Reconnaissance & Attack Operations,mitre_parent:stage capabilities,alta,asignada,2022-09-30,fecha_fuente_no_verificada_como_incidente,tecnica_mitre,,pre,__NO_INFORMADO__,pre,2,False
"linux, windows, macos",,traffic signaling: socket filters,30/09/2022,medium/high,mitre,traffic signaling: socket filters,traffic signaling: socket filters,medium/high,2050,77f1650b03cdb271e4c5,5a54c42d13468c76d2b1,False,Reconnaissance & Attack Operations,mitre_parent:traffic signaling,alta,asignada,2022-09-30,fecha_fuente_no_verificada_como_incidente,tecnica_mitre,,"linux, windows, macos",__NO_INFORMADO__,"linux, windows, macos",3,False
microsoft,exchange server,microsoft exchange server remote code execution vulnerability,30/09/2022,high,cisa,insecure_deserialization,insecure_deserialization,high,584,8994955a8c8976fb1c18,2b21f82a2a649137da69,False,Code Execution & Injection,cisa_tipo:insecure deserialization,alta,asignada,2022-09-30,fecha_fuente_no_verificada_como_incidente,registro_vulnerabilidad,microsoft,,exchange server,microsoft,4,False
atlassian,bitbucket server and data center,atlassian bitbucket server and data center command injection vulnerability,30/09/2022,high,cisa,injection,other_injection,high,586,a76f827243229b79e0c8,2b0e5dba155713430e68,False,Code Execution & Injection,cisa_tipo:injection,alta,asignada,2022-09-30,fecha_fuente_no_verificada_como_incidente,registro_vulnerabilidad,atlassian,,bitbucket server and data center,atlassian,4,False
"linux, windows, macos",,obfuscated files or information: embedded payloads,30/09/2022,medium/high,mitre,obfuscated files or information: embedded payloads,obfuscated files or information: embedded payloads,medium/high,1850,c3ad21feabead9b0077e,7fca96e055c31d79f0b1,False,Reconnaissance & Attack Operations,mitre_parent:obfuscated files or information,alta,asignada,2022-09-30,fecha_fuente_no_verificada_como_incidente,tecnica_mitre,,"linux, windows, macos",__NO_INFORMADO__,"linux, windows, macos",3,False
fortinet,multiple products,fortinet multiple products authentication bypass vulnerability,11/10/2022,medium/high,cisa,authentication issues,authentication issues,medium/high,582,5c31bb8c19cf242dd3ed,08df47820c3ba952d290,False,"Identity, Access & Persistence",cisa_tipo:authentication issues,alta,asignada,2022-10-11,fecha_fuente_no_verificada_como_incidente,registro_vulnerabilidad,fortinet,,multiple products,fortinet,3,False
microsoft,windows com+ event system service,microsoft windows com+ event system service privilege escalation vulnerability,11/10/2022,high,cisa,type confusion,type confusion,high,583,9c772b19366ec092b2bf,70332f38813a576ad05b,False,Memory & Software Safety,cisa_tipo:type confusion,alta,asignada,2022-10-11,fecha_fuente_no_verificada_como_incidente,registro_vulnerabilidad,microsoft,,windows com+ event system service,microsoft,4,False
synacor,zimbra collaboration suite (zcs),synacor zimbra collaboration suite (zcs) arbitrary file upload vulnerability,20/10/2022,medium,cisa,generic vulnerability,generic vulnerability,medium,580,08d84c72979d377179ef,96999dc59765fe743abb,False,Code Execution & Injection,cisa_nombre:code execution|command execution|code injection|command injection|sql injection|injection|deserialization|cross.site scripting|xss|file upload|upload of|file type upload|embedded malicious code|download of code|arbitrary code|improper neutralization|improper escaping|server.side request forgery|request smuggling|http request splitting,media,asignada,2022-10-20,fecha_fuente_no_verificada_como_incidente,registro_vulnerabilidad,synacor,,zimbra collaboration suite (zcs),synacor,2,False
linux,kernel,linux kernel privilege escalation vulnerability,20/10/2022,medium,cisa,authorization issues,authorization issues,medium,581,cc9519d6db79a284a92b,404f6ef4a99fa95df205,False,"Identity, Access & Persistence",cisa_tipo:authorization issues,alta,asignada,2022-10-20,fecha_fuente_no_verificada_como_incidente,registro_vulnerabilidad,linux,,kernel,linux,2,False
gigabyte,multiple products,gigabyte multiple products code execution vulnerability,24/10/2022,high,cisa,remote_code_execution,remote_code_execution,high,577,31df59d86dc47486079d,ae5c667c5eee508cf634,False,Code Execution & Injection,cisa_tipo:remote code execution,alta,asignada,2022-10-24,fecha_fuente_no_verificada_como_incidente,registro_vulnerabilidad,gigabyte,,multiple products,gigabyte,4,False
gigabyte,multiple products,gigabyte multiple products privilege escalation vulnerability,24/10/2022,high,cisa,privilege escalation,privilege escalation,high,576,32413e79d9f2fdc36d14,7e5dacccecf750a60703,False,"Identity, Access & Persistence",cisa_tipo:privilege escalation,alta,asignada,2022-10-24,fecha_fuente_no_verificada_como_incidente,registro_vulnerabilidad,gigabyte,,multiple products,gigabyte,4,False
gigabyte,multiple products,gigabyte multiple products unspecified vulnerability,24/10/2022,medium,cisa,unspecified,unspecified,medium,579,61da49b0481c07e8eb73,85c7ab381042920f6ac2,False,,texto_insuficiente,pendiente,requiere_revision,2022-10-24,fecha_fuente_no_verificada_como_incidente,registro_vulnerabilidad,gigabyte,,multiple products,gigabyte,2,False
cisco,anyconnect secure,cisco anyconnect secure mobility client for windows uncontrolled search path vulnerability,24/10/2022,medium,cisa,generic vulnerability,generic vulnerability,medium,575,76383b253dbd1b1e5105,0ae6e31fba3148116e75,False,"Identity, Access & Persistence",cisa_nombre:authentication|authorization|unauthorized access|privilege|credentials?|password|hard.coded|access control|permission|ownership|improper isolation|sandbox escape|session fixation|security feature bypass|protection mechanism|improper certificate|certificate validation|missing encryption|cryptographic|signature verification|integrity check|integrity verification|unprotected alternate channel|protection of alternate|spoofing|inadequate encryption strength|insecure direct object reference|dll side.loading|dll hijacking|uncontrolled search path,media,asignada,2022-10-24,fecha_fuente_no_verificada_como_incidente,registro_vulnerabilidad,cisco,,anyconnect secure,cisco,2,False
cisco,anyconnect secure,cisco anyconnect secure mobility client for windows dll hijacking vulnerability,24/10/2022,medium,cisa,generic vulnerability,generic vulnerability,medium,574,86ce2cc880c8ce4cbbd7,2db1dfdfbd39d32842a0,False,"Identity, Access & Persistence",cisa_nombre:authentication|authorization|unauthorized access|privilege|credentials?|password|hard.coded|access control|permission|ownership|improper isolation|sandbox escape|session fixation|security feature bypass|protection mechanism|improper certificate|certificate validation|missing encryption|cryptographic|signature verification|integrity check|integrity verification|unprotected alternate channel|protection of alternate|spoofing|inadequate encryption strength|insecure direct object reference|dll side.loading|dll hijacking|uncontrolled search path,media,asignada,2022-10-24,fecha_fuente_no_verificada_como_incidente,registro_vulnerabilidad,cisco,,anyconnect secure,cisco,2,False
apple,ios and ipados,apple ios and ipados out-of-bounds write vulnerability,25/10/2022,high,cisa,out-of-bounds write,out-of-bounds write,high,573,b09480bfc525d46bcd50,65c694f119fb266630fb,False,Memory & Software Safety,cisa_tipo:out-of-bounds write,alta,asignada,2022-10-25,fecha_fuente_no_verificada_como_incidente,registro_vulnerabilidad,apple,,ios and ipados,apple,4,False
google,chromium v8,google chromium v8 type confusion vulnerability,28/10/2022,high,cisa,type confusion,type confusion,high,572,af32f3845441884b5829,71182e2b82bca2d33474,False,Memory & Software Safety,cisa_tipo:type confusion,alta,asignada,2022-10-28,fecha_fuente_no_verificada_como_incidente,registro_vulnerabilidad,google,,chromium v8,google,4,False
microsoft,windows,microsoft windows mark of the web (motw) security feature bypass vulnerability,08/11/2022,medium/high,cisa,authentication issues,authentication issues,medium/high,565,1f41ac2f77f8090f573d,7d503880db66b4d5aa29,False,"Identity, Access & Persistence",cisa_tipo:authentication issues,alta,asignada,2022-11-08,fecha_fuente_no_verificada_como_incidente,registro_vulnerabilidad,microsoft,,windows,microsoft,3,False
samsung,mobile devices,samsung mobile devices memory corruption vulnerability,08/11/2022,high,cisa,use-after-free,use-after-free,high,571,53ee8fe5a427d9e1cf9b,8a3a472467b3d723eb00,False,Memory & Software Safety,cisa_tipo:use-after-free,alta,asignada,2022-11-08,fecha_fuente_no_verificada_como_incidente,registro_vulnerabilidad,samsung,,mobile devices,samsung,4,False
microsoft,windows,microsoft windows scripting languages remote code execution vulnerability,08/11/2022,high,cisa,out-of-bounds write,out-of-bounds write,high,568,9074246436fac358c0af,868a81280ca40b978f53,False,Memory & Software Safety,cisa_tipo:out-of-bounds write,alta,asignada,2022-11-08,fecha_fuente_no_verificada_como_incidente,registro_vulnerabilidad,microsoft,,windows,microsoft,4,False
samsung,mobile devices,samsung mobile devices improper access control vulnerability,08/11/2022,medium,cisa,generic vulnerability,generic vulnerability,medium,569,95171cac436bae89f495,197c4759a5a1ad016211,False,"Identity, Access & Persistence",cisa_nombre:authentication|authorization|unauthorized access|privilege|credentials?|password|hard.coded|access control|permission|ownership|improper isolation|sandbox escape|session fixation|security feature bypass|protection mechanism|improper certificate|certificate validation|missing encryption|cryptographic|signature verification|integrity check|integrity verification|unprotected alternate channel|protection of alternate|spoofing|inadequate encryption strength|insecure direct object reference|dll side.loading|dll hijacking|uncontrolled search path,media,asignada,2022-11-08,fecha_fuente_no_verificada_como_incidente,registro_vulnerabilidad,samsung,,mobile devices,samsung,2,False
samsung,mobile devices,samsung mobile devices improper access control vulnerability,08/11/2022,medium,cisa,information disclosure,information disclosure,medium,570,b980948e95e7acd476ba,197c4759a5a1ad016211,False,Data Collection & Exfiltration,cisa_tipo:information disclosure,alta,asignada,2022-11-08,fecha_fuente_no_verificada_como_incidente,registro_vulnerabilidad,samsung,,mobile devices,samsung,2,False
microsoft,windows,microsoft windows cng key isolation service privilege escalation vulnerability,08/11/2022,high,cisa,out-of-bounds write,out-of-bounds write,high,567,c8db2d25fcecada59049,6064f7ecf0c043dd23e9,False,Memory & Software Safety,cisa_tipo:out-of-bounds write,alta,asignada,2022-11-08,fecha_fuente_no_verificada_como_incidente,registro_vulnerabilidad,microsoft,,windows,microsoft,4,False
microsoft,windows,microsoft windows print spooler privilege escalation vulnerability,08/11/2022,high,cisa,out-of-bounds write,out-of-bounds write,high,566,f62bfa19b2a166e18247,f3de0dd8ffb820a43a49,False,Memory & Software Safety,cisa_tipo:out-of-bounds write,alta,asignada,2022-11-08,fecha_fuente_no_verificada_como_incidente,registro_vulnerabilidad,microsoft,,windows,microsoft,4,False
microsoft,windows,microsoft windows mark of the web (motw) security feature bypass vulnerability,14/11/2022,medium/high,cisa,authentication issues,authentication issues,medium/high,564,6202e6029696bc6ab797,7d503880db66b4d5aa29,False,"Identity, Access & Persistence",cisa_tipo:authentication issues,alta,asignada,2022-11-14,fecha_fuente_no_verificada_como_incidente,registro_vulnerabilidad,microsoft,,windows,microsoft,3,False
oracle,fusion middleware,oracle fusion middleware unspecified vulnerability,28/11/2022,medium,cisa,xss,cross_site_scripting,medium,562,5de8ce14c0368dc25181,b29f4002942b1199dfbb,False,Code Execution & Injection,cisa_tipo:xss,alta,asignada,2022-11-28,fecha_fuente_no_verificada_como_incidente,registro_vulnerabilidad,oracle,,fusion middleware,oracle,2,False
google,chromium gpu,google chromium gpu heap buffer overflow vulnerability,28/11/2022,high,cisa,out-of-bounds write,out-of-bounds write,high,563,e27ab1c6e283fb415098,f2df6048fd54456841ba,False,Memory & Software Safety,cisa_tipo:out-of-bounds write,alta,asignada,2022-11-28,fecha_fuente_no_verificada_como_incidente,registro_vulnerabilidad,google,,chromium gpu,google,4,False
google,chromium v8,google chromium v8 type confusion vulnerability,05/12/2022,high,cisa,type confusion,type confusion,high,561,a541654ce0e6eeab8fd5,71182e2b82bca2d33474,False,Memory & Software Safety,cisa_tipo:type confusion,alta,asignada,2022-12-05,fecha_fuente_no_verificada_como_incidente,registro_vulnerabilidad,google,,chromium v8,google,4,False
veeam,backup & replication,veeam backup & replication remote code execution vulnerability,13/12/2022,high,cisa,remote_code_execution,remote_code_execution,high,559,176f5e4e6c5cad9a5521,a11b9a2d849ffc8caa69,False,Code Execution & Injection,cisa_tipo:remote code execution,alta,asignada,2022-12-13,fecha_fuente_no_verificada_como_incidente,registro_vulnerabilidad,veeam,,backup & replication,veeam,4,False
citrix,application delivery controller (adc) and gateway,citrix application delivery controller (adc) and gateway authentication bypass vulnerability,13/12/2022,medium/high,cisa,authentication issues,authentication issues,medium/high,558,4429516f549a2f31febd,6144a9672cbfc86d11e6,False,"Identity, Access & Persistence",cisa_tipo:authentication issues,alta,asignada,2022-12-13,fecha_fuente_no_verificada_como_incidente,registro_vulnerabilidad,citrix,,application delivery controller (adc) and gateway,citrix,3,False
microsoft,defender,microsoft defender smartscreen security feature bypass vulnerability,13/12/2022,medium/high,cisa,authentication issues,authentication issues,medium/high,557,74c165aa3c02bf99feed,5ea12c3cfd508471fb3b,False,"Identity, Access & Persistence",cisa_tipo:authentication issues,alta,asignada,2022-12-13,fecha_fuente_no_verificada_como_incidente,registro_vulnerabilidad,microsoft,,defender,microsoft,3,False
fortinet,fortios,fortinet fortios heap-based buffer overflow vulnerability,13/12/2022,high,cisa,memory_corruption,buffer_overflow,high,556,d2be3d58e3bacfc0db21,9114b8f47484a59875f2,False,Memory & Software Safety,cisa_tipo:memory corruption,alta,asignada,2022-12-13,fecha_fuente_no_verificada_como_incidente,registro_vulnerabilidad,fortinet,,fortios,fortinet,4,False
apple,ios,apple ios type confusion vulnerability,14/12/2022,high,cisa,type confusion,type confusion,high,555,ff1bbbd5c32eba4809de,8aa8fdb9f3cc759d59fb,False,Memory & Software Safety,cisa_tipo:type confusion,alta,asignada,2022-12-14,fecha_fuente_no_verificada_como_incidente,registro_vulnerabilidad,apple,,ios,apple,4,False
tibco,jasperreports,tibco jasperreports server information disclosure vulnerability,29/12/2022,medium,cisa,generic vulnerability,generic vulnerability,medium,553,2fad3932f1f2f4772136,35bc40c55836d25ba416,False,Data Collection & Exfiltration,cisa_nombre:information disclosure|information leak|disclosure|exposure of|directory traversal|path traversal|path transversal|file inclusion|external control of file name|link following|improper link resolution|arbitrary file (read|download)|file download|file read|sensitive information,media,asignada,2022-12-29,fecha_fuente_no_verificada_como_incidente,registro_vulnerabilidad,tibco,,jasperreports,tibco,2,False
tibco,jasperreports,tibco jasperreports library directory traversal vulnerability,29/12/2022,high,cisa,path_traversal,path_traversal,high,554,c1cac11bf0007018feb3,12e6fcd3fb117ae9beee,False,Data Collection & Exfiltration,cisa_tipo:path traversal,alta,asignada,2022-12-29,fecha_fuente_no_verificada_como_incidente,registro_vulnerabilidad,tibco,,jasperreports,tibco,4,False
microsoft,exchange server,microsoft exchange server privilege escalation vulnerability,10/01/2023,high,cisa,privilege escalation,privilege escalation,high,551,0d4b4abe71a8c2efd0a6,352b16020d396d8b8e0b,False,"Identity, Access & Persistence",cisa_tipo:privilege escalation,alta,asignada,2023-01-10,fecha_fuente_no_verificada_como_incidente,registro_vulnerabilidad,microsoft,,exchange server,microsoft,4,False
microsoft,windows,microsoft windows advanced local procedure call (alpc) privilege escalation vulnerability,10/01/2023,high,cisa,use-after-free,use-after-free,high,552,c7fdc5ef231650fc3d4e,71d8a18627cb74091fc6,False,Memory & Software Safety,cisa_tipo:use-after-free,alta,asignada,2023-01-10,fecha_fuente_no_verificada_como_incidente,registro_vulnerabilidad,microsoft,,windows,microsoft,4,False
cwp,control web panel,cwp control web panel os command injection vulnerability,17/01/2023,high,cisa,injection,other_injection,high,550,5dc7cd337f96d693c0e7,f33a6b86a47c2e89e5b1,False,Code Execution & Injection,cisa_tipo:injection,alta,asignada,2023-01-17,fecha_fuente_no_verificada_como_incidente,registro_vulnerabilidad,cwp,,control web panel,cwp,4,False
zoho,manageengine,zoho manageengine multiple products remote code execution vulnerability,23/01/2023,high,cisa,remote_code_execution,remote_code_execution,high,549,87c3c266ef1b535a5364,342b3f28f3a0e2fb8314,False,Code Execution & Injection,cisa_tipo:remote code execution,alta,asignada,2023-01-23,fecha_fuente_no_verificada_como_incidente,registro_vulnerabilidad,zoho,,manageengine,zoho,4,False
telerik,user interface (ui) for asp.net ajax,telerik ui for asp.net ajax insecure direct object reference vulnerability,26/01/2023,medium,cisa,generic vulnerability,generic vulnerability,medium,548,b9778dc6f25b0c7fd5fb,e37731cf06ea776baea4,False,"Identity, Access & Persistence",cisa_nombre:authentication|authorization|unauthorized access|privilege|credentials?|password|hard.coded|access control|permission|ownership|improper isolation|sandbox escape|session fixation|security feature bypass|protection mechanism|improper certificate|certificate validation|missing encryption|cryptographic|signature verification|integrity check|integrity verification|unprotected alternate channel|protection of alternate|spoofing|inadequate encryption strength|insecure direct object reference|dll side.loading|dll hijacking|uncontrolled search path,media,asignada,2023-01-26,fecha_fuente_no_verificada_como_incidente,registro_vulnerabilidad,telerik,,user interface (ui) for asp.net ajax,telerik,2,False
sugarcrm,multiple products,multiple sugarcrm products remote code execution vulnerability,02/02/2023,high,cisa,remote_code_execution,remote_code_execution,high,547,7a150097c31eeba42601,81e60dcb8187405bd492,False,Code Execution & Injection,cisa_tipo:remote code execution,alta,asignada,2023-02-02,fecha_fuente_no_verificada_como_incidente,registro_vulnerabilidad,sugarcrm,,multiple products,sugarcrm,4,False
oracle,e-business suite,oracle e-business suite unspecified vulnerability,02/02/2023,medium,cisa,generic vulnerability,generic vulnerability,medium,546,c025bedd595b8fdceaf2,e4ccdbe0e64bceb74862,False,,texto_insuficiente,pendiente,requiere_revision,2023-02-02,fecha_fuente_no_verificada_como_incidente,registro_vulnerabilidad,oracle,,e-business suite,oracle,2,False
intel,ethernet diagnostics driver for windows,intel ethernet diagnostics driver for windows denial-of-service vulnerability,10/02/2023,medium,cisa,generic vulnerability,generic vulnerability,medium,543,c3df415169cfd2de120b,7afd43bb99dbb22492dc,False,Impact & Availability,cisa_nombre:denial.of.service|resource exhaustion|infinite loop|uncontrolled resource consumption|data destruction|arbitrary file deletion,media,asignada,2023-02-10,fecha_fuente_no_verificada_como_incidente,registro_vulnerabilidad,intel,,ethernet diagnostics driver for windows,intel,2,False
terramaster,terramaster os,terramaster os remote command execution vulnerability,10/02/2023,medium,cisa,generic vulnerability,generic vulnerability,medium,544,d1e2910cee125d82147c,d1aa5aa3f68bfbd818d6,False,Code Execution & Injection,cisa_nombre:code execution|command execution|code injection|command injection|sql injection|injection|deserialization|cross.site scripting|xss|file upload|upload of|file type upload|embedded malicious code|download of code|arbitrary code|improper neutralization|improper escaping|server.side request forgery|request smuggling|http request splitting,media,asignada,2023-02-10,fecha_fuente_no_verificada_como_incidente,registro_vulnerabilidad,terramaster,,terramaster os,terramaster,2,False
fortra,goanywhere mft,fortra goanywhere mft remote code execution vulnerability,10/02/2023,high,cisa,insecure_deserialization,insecure_deserialization,high,545,f777e8722606561e4d10,f863d08f60c9495ed895,False,Code Execution & Injection,cisa_tipo:insecure deserialization,alta,asignada,2023-02-10,fecha_fuente_no_verificada_como_incidente,registro_vulnerabilidad,fortra,,goanywhere mft,fortra,4,False
microsoft,windows,microsoft windows graphic component privilege escalation vulnerability,14/02/2023,high,cisa,privilege escalation,privilege escalation,high,542,25d9f4200ccc7d126d95,3ed8d06bccf4b9aa293e,False,"Identity, Access & Persistence",cisa_tipo:privilege escalation,alta,asignada,2023-02-14,fecha_fuente_no_verificada_como_incidente,registro_vulnerabilidad,microsoft,,windows,microsoft,4,False
apple,multiple products,apple multiple products webkit type confusion vulnerability,14/02/2023,high,cisa,type confusion,type confusion,high,541,7d97a6d2f0b233238b3f,ac01c63661926a83a2f6,False,Memory & Software Safety,cisa_tipo:type confusion,alta,asignada,2023-02-14,fecha_fuente_no_verificada_como_incidente,registro_vulnerabilidad,apple,,multiple products,apple,4,False
microsoft,office,microsoft office publisher security feature bypass vulnerability,14/02/2023,medium/high,cisa,authentication issues,authentication issues,medium/high,539,83a0d00c0aa2b236129d,82a30ccf2371e907abe5,False,"Identity, Access & Persistence",cisa_tipo:authentication issues,alta,asignada,2023-02-14,fecha_fuente_no_verificada_como_incidente,registro_vulnerabilidad,microsoft,,office,microsoft,3,False
microsoft,windows,microsoft windows common log file system (clfs) driver privilege escalation vulnerability,14/02/2023,high,cisa,privilege escalation,privilege escalation,high,540,99370803844f3ac49117,565f7cacfec487624047,False,"Identity, Access & Persistence",cisa_tipo:privilege escalation,alta,asignada,2023-02-14,fecha_fuente_no_verificada_como_incidente,registro_vulnerabilidad,microsoft,,windows,microsoft,4,False
cacti,cacti,cacti command injection vulnerability,16/02/2023,high,cisa,injection,other_injection,high,538,6e86c5bed77da45c02dc,949ba32174825bd059ed,False,Code Execution & Injection,cisa_tipo:injection,alta,asignada,2023-02-16,fecha_fuente_no_verificada_como_incidente,registro_vulnerabilidad,cacti,,cacti,cacti,4,False
mitel,mivoice connect,mitel mivoice connect command injection vulnerability,21/02/2023,high,cisa,injection,other_injection,high,537,0659cebcd16a14b689d7,74754d837f9f2c5454b6,False,Code Execution & Injection,cisa_tipo:injection,alta,asignada,2023-02-21,fecha_fuente_no_verificada_como_incidente,registro_vulnerabilidad,mitel,,mivoice connect,mitel,4,False
"iaas, identity provider, office suite, saas",,remote services: cloud services,21/02/2023,medium/high,mitre,remote services: cloud services,remote services: cloud services,medium/high,1931,890f253c015755ff3990,6b345569ab46c869f521,False,"Identity, Access & Persistence",mitre_parent:remote services,alta,asignada,2023-02-21,fecha_fuente_no_verificada_como_incidente,tecnica_mitre,,"iaas, identity provider, office suite, saas",__NO_INFORMADO__,"iaas, identity provider, office suite, saas",3,False
ibm,aspera faspex,ibm aspera faspex code execution vulnerability,21/02/2023,high,cisa,insecure_deserialization,insecure_deserialization,high,535,acda84ecc95873acd16d,87b85232521ad8bf106a,False,Code Execution & Injection,cisa_tipo:insecure deserialization,alta,asignada,2023-02-21,fecha_fuente_no_verificada_como_incidente,registro_vulnerabilidad,ibm,,aspera faspex,ibm,4,False
pre,,acquire infrastructure: malvertising,21/02/2023,medium,mitre,acquire infrastructure: malvertising,acquire infrastructure: malvertising,medium,1451,dcfca83ebe02606cc60c,3614e83c0a92e6dedd23,False,Reconnaissance & Attack Operations,mitre_parent:acquire infrastructure,alta,asignada,2023-02-21,fecha_fuente_no_verificada_como_incidente,tecnica_mitre,,pre,__NO_INFORMADO__,pre,2,False
mitel,mivoice connect,mitel mivoice connect code injection vulnerability,21/02/2023,high,cisa,injection,other_injection,high,536,f7bf0512f5adfd7c6834,780106dfa96d4b9fc2bc,False,Code Execution & Injection,cisa_tipo:injection,alta,asignada,2023-02-21,fecha_fuente_no_verificada_como_incidente,registro_vulnerabilidad,mitel,,mivoice connect,mitel,4,False
"esxi, linux, windows, macos",,exfiltration over web service: exfiltration to text storage sites,27/02/2023,low,mitre,exfiltration over web service: exfiltration to text storage sites,exfiltration over web service: exfiltration to text storage sites,low,1676,2d4c86c076301e25b1ca,f43f204837ba5e17cfb3,False,Data Collection & Exfiltration,mitre_parent:exfiltration over web service,alta,asignada,2023-02-27,fecha_fuente_no_verificada_como_incidente,tecnica_mitre,,"esxi, linux, windows, macos",__NO_INFORMADO__,"esxi, linux, windows, macos",0,False
zk framework,auuploader,zk framework auuploader unspecified vulnerability,27/02/2023,medium,cisa,generic vulnerability,generic vulnerability,medium,534,ab0470080919a83eba9e,b6381e6d61737b59e61d,False,,texto_insuficiente,pendiente,requiere_revision,2023-02-27,fecha_fuente_no_verificada_como_incidente,registro_vulnerabilidad,zk framework,,auuploader,zk framework,2,False
apache,spark,apache spark command injection vulnerability,07/03/2023,high,cisa,injection,other_injection,high,532,25fc4965c056021f10a7,2a1664d42e3a90b6f8a3,False,Code Execution & Injection,cisa_tipo:injection,alta,asignada,2023-03-07,fecha_fuente_no_verificada_como_incidente,registro_vulnerabilidad,apache,,spark,apache,4,False
teclib,glpi,teclib glpi remote code execution vulnerability,07/03/2023,high,cisa,remote_code_execution,remote_code_execution,high,533,beba2b2d0840e9ac5e52,591029b957ac55a270d8,False,Code Execution & Injection,cisa_tipo:remote code execution,alta,asignada,2023-03-07,fecha_fuente_no_verificada_como_incidente,registro_vulnerabilidad,teclib,,glpi,teclib,4,False
zoho,manageengine,zoho manageengine adselfservice plus remote code execution vulnerability,07/03/2023,high,cisa,remote_code_execution,remote_code_execution,high,531,ed7f0ef12056f1f11b5e,8adf0e7ed25ce07bb5d1,False,Code Execution & Injection,cisa_tipo:remote code execution,alta,asignada,2023-03-07,fecha_fuente_no_verificada_como_incidente,registro_vulnerabilidad,zoho,,manageengine,zoho,4,False
"linux, windows, macos",,masquerading: masquerade file type,08/03/2023,medium/high,mitre,masquerading: masquerade file type,masquerading: masquerade file type,medium/high,1793,6ac89a398272a8b51152,44132116bf3b92ed64fd,False,Reconnaissance & Attack Operations,mitre_parent:masquerading,alta,asignada,2023-03-08,fecha_fuente_no_verificada_como_incidente,tecnica_mitre,,"linux, windows, macos",__NO_INFORMADO__,"linux, windows, macos",3,False
xstream,xstream,xstream remote code execution vulnerability,10/03/2023,high,cisa,insecure_deserialization,insecure_deserialization,high,529,11b80f9f9637065778e5,786d45cd3f6ec59a9027,False,Code Execution & Injection,cisa_tipo:insecure deserialization,alta,asignada,2023-03-10,fecha_fuente_no_verificada_como_incidente,registro_vulnerabilidad,xstream,,xstream,xstream,4,False
plex,media server,plex media server remote code execution vulnerability,10/03/2023,high,cisa,insecure_deserialization,insecure_deserialization,high,530,be84f922713f7b2843da,54bd9647838ddc7e63fb,False,Code Execution & Injection,cisa_tipo:insecure deserialization,alta,asignada,2023-03-10,fecha_fuente_no_verificada_como_incidente,registro_vulnerabilidad,plex,,media server,plex,4,False
pre,,acquire access,10/03/2023,medium,mitre,acquire access,acquire access,medium,1446,da047d3e95532af77bb1,e29870650dda6bb4c984,False,Reconnaissance & Attack Operations,mitre_parent:acquire access,alta,asignada,2023-03-10,fecha_fuente_no_verificada_como_incidente,tecnica_mitre,,pre,__NO_INFORMADO__,pre,2,False
iaas,,cloud administration command,13/03/2023,high,mitre,cloud administration command,cloud administration command,high,1511,3bf5680850c0bdf28a3d,ae39a0ff073193ffef52,False,Code Execution & Injection,mitre_parent:cloud administration command,alta,asignada,2023-03-13,fecha_fuente_no_verificada_como_incidente,tecnica_mitre,,iaas,__NO_INFORMADO__,iaas,4,False
"office suite, saas",,unsecured credentials: chat messages,14/03/2023,medium/high,mitre,unsecured credentials: chat messages,unsecured credentials: chat messages,medium/high,2059,10f097f1505c4fbebede,40b92b9d519cb61c9044,False,"Identity, Access & Persistence",mitre_parent:unsecured credentials,alta,asignada,2023-03-14,fecha_fuente_no_verificada_como_incidente,tecnica_mitre,,"office suite, saas",__NO_INFORMADO__,"office suite, saas",3,False
microsoft,windows,microsoft windows smartscreen security feature bypass vulnerability,14/03/2023,medium/high,cisa,authentication issues,authentication issues,medium/high,527,2a8af94b011e977f607c,fc2b12212ef5af1089d8,False,"Identity, Access & Persistence",cisa_tipo:authentication issues,alta,asignada,2023-03-14,fecha_fuente_no_verificada_como_incidente,registro_vulnerabilidad,microsoft,,windows,microsoft,3,False
"linux, windows, macos",,obfuscated files or information: command obfuscation,14/03/2023,medium/high,mitre,obfuscated files or information: command obfuscation,obfuscated files or information: command obfuscation,medium/high,1846,662348b1f1d31befc8ff,65cf2efe80ee64541577,False,Reconnaissance & Attack Operations,mitre_parent:obfuscated files or information,alta,asignada,2023-03-14,fecha_fuente_no_verificada_como_incidente,tecnica_mitre,,"linux, windows, macos",__NO_INFORMADO__,"linux, windows, macos",3,False
microsoft,office,microsoft office outlook privilege escalation vulnerability,14/03/2023,high,cisa,privilege escalation,privilege escalation,high,526,99ecc076987790d7ad7d,41cd44d69fa1d4d06c00,False,"Identity, Access & Persistence",cisa_tipo:privilege escalation,alta,asignada,2023-03-14,fecha_fuente_no_verificada_como_incidente,registro_vulnerabilidad,microsoft,,office,microsoft,4,False
fortinet,fortios,fortinet fortios path traversal vulnerability,14/03/2023,high,cisa,path_traversal,path_traversal,high,528,ade220ce5e669f57ec85,9d29284e96f23e34ed80,False,Data Collection & Exfiltration,cisa_tipo:path traversal,alta,asignada,2023-03-14,fecha_fuente_no_verificada_como_incidente,registro_vulnerabilidad,fortinet,,fortios,fortinet,4,False
"linux, windows, macos",,impair defenses: spoof security alerting,14/03/2023,medium/high,mitre,impair defenses: spoof security alerting,impair defenses: spoof security alerting,medium/high,1758,ccb075d6329df498585f,f38fa43e89abe83176c1,False,Reconnaissance & Attack Operations,mitre_parent:impair defenses,alta,asignada,2023-03-14,fecha_fuente_no_verificada_como_incidente,tecnica_mitre,,"linux, windows, macos",__NO_INFORMADO__,"linux, windows, macos",3,False
adobe,coldfusion,adobe coldfusion deserialization of untrusted data vulnerability,15/03/2023,medium,cisa,generic vulnerability,generic vulnerability,medium,525,d239185f5584fd42ee27,96606c85c76191b448b6,False,Code Execution & Injection,cisa_nombre:code execution|command execution|code injection|command injection|sql injection|injection|deserialization|cross.site scripting|xss|file upload|upload of|file type upload|embedded malicious code|download of code|arbitrary code|improper neutralization|improper escaping|server.side request forgery|request smuggling|http request splitting,media,asignada,2023-03-15,fecha_fuente_no_verificada_como_incidente,registro_vulnerabilidad,adobe,,coldfusion,adobe,2,False
"linux, windows",,obfuscated files or information: fileless storage,23/03/2023,medium/high,mitre,obfuscated files or information: fileless storage,obfuscated files or information: fileless storage,medium/high,1852,cfbd6021702e5f7ca06b,1ad04a208ad26802b243,False,Reconnaissance & Attack Operations,mitre_parent:obfuscated files or information,alta,asignada,2023-03-23,fecha_fuente_no_verificada_como_incidente,tecnica_mitre,,"linux, windows",__NO_INFORMADO__,"linux, windows",3,False
"linux, windows, macos",,device driver discovery,28/03/2023,medium,mitre,device driver discovery,device driver discovery,medium,1607,6a1fde8dea3e40d9dffd,1bcdf0b502848967a849,False,Reconnaissance & Attack Operations,mitre_parent:device driver discovery,alta,asignada,2023-03-28,fecha_fuente_no_verificada_como_incidente,tecnica_mitre,,"linux, windows, macos",__NO_INFORMADO__,"linux, windows, macos",2,False
arm,mali graphics processing unit (gpu),arm mali gpu kernel driver unspecified vulnerability,30/03/2023,high,cisa,memory corruption,memory corruption,high,524,39cc42f2057fe53fd6fb,d827e21baf0bf70b8763,False,Memory & Software Safety,cisa_tipo:memory corruption,alta,asignada,2023-03-30,fecha_fuente_no_verificada_como_incidente,registro_vulnerabilidad,arm,,mali graphics processing unit (gpu),arm,4,False
arm,mali graphics processing unit (gpu),arm mali gpu kernel driver use-after-free vulnerability,30/03/2023,high,cisa,use-after-free,use-after-free,high,521,5ef8f1d9e629822c23be,ab2101900700ef1bb44e,False,Memory & Software Safety,cisa_tipo:use-after-free,alta,asignada,2023-03-30,fecha_fuente_no_verificada_como_incidente,registro_vulnerabilidad,arm,,mali graphics processing unit (gpu),arm,4,False
linux,kernel,linux kernel use-after-free vulnerability,30/03/2023,high,cisa,use-after-free,use-after-free,high,522,71bb9dd9b0125a1ee5ab,ac5520649b3050b24705,False,Memory & Software Safety,cisa_tipo:use-after-free,alta,asignada,2023-03-30,fecha_fuente_no_verificada_como_incidente,registro_vulnerabilidad,linux,,kernel,linux,4,False
microsoft,internet explorer,microsoft internet explorer memory corruption vulnerability,30/03/2023,medium,cisa,generic vulnerability,generic vulnerability,medium,516,7f41b1aa87392b63410b,b490036b53f509dfe8ff,False,Memory & Software Safety,cisa_nombre:buffer overflow|memory corruption|out.of.bounds|use.after.free|type confusion|double.free|heap.based|stack.based|integer overflow|integer underflow|race condition|time.of.check|arbitrary read and write|uninitialized (memory|variable)|improper input validation|improper validation|improper resource (shutdown|release)|null pointer|memory initialization|memory leak|format string|untrusted pointer dereference|double dereference|out.of.range pointer|record corruption|insufficient (input|data) validation|invalid input|data validation|detection of error condition,media,asignada,2023-03-30,fecha_fuente_no_verificada_como_incidente,registro_vulnerabilidad,microsoft,,internet explorer,microsoft,2,False
apple,"ios, ipados, and macos","apple ios, ipados, and macos out-of-bounds write vulnerability",30/03/2023,high,cisa,out-of-bounds write,out-of-bounds write,high,520,96ce3203105967509ef9,0011ed5af7f43868a857,False,Memory & Software Safety,cisa_tipo:out-of-bounds write,alta,asignada,2023-03-30,fecha_fuente_no_verificada_como_incidente,registro_vulnerabilidad,apple,,"ios, ipados, and macos",apple,4,False
google,chromium network service,google chromium network service use-after-free vulnerability,30/03/2023,high,cisa,use-after-free,use-after-free,high,523,b586d129d2b8fd9140d8,e3f42b0a143736bc24c7,False,Memory & Software Safety,cisa_tipo:use-after-free,alta,asignada,2023-03-30,fecha_fuente_no_verificada_como_incidente,registro_vulnerabilidad,google,,chromium network service,google,4,False
samba,samba,samba remote code execution vulnerability,30/03/2023,high,cisa,remote_code_execution,remote_code_execution,high,517,c5fdb20cb38435c68528,5ac4b2ba9a5fbae0830f,False,Code Execution & Injection,cisa_tipo:remote code execution,alta,asignada,2023-03-30,fecha_fuente_no_verificada_como_incidente,registro_vulnerabilidad,samba,,samba,samba,4,False
fortra,cobalt strike,fortra cobalt strike user interface remote code execution vulnerability,30/03/2023,medium,cisa,xss,cross_site_scripting,medium,518,f21c2296f5eb0701dd53,d97f457c9f9be5ce9652,False,Code Execution & Injection,cisa_tipo:xss,alta,asignada,2023-03-30,fecha_fuente_no_verificada_como_incidente,registro_vulnerabilidad,fortra,,cobalt strike,fortra,2,False
fortra,cobalt strike,fortra cobalt strike teamserver cross-site scripting (xss) vulnerability,30/03/2023,medium,cisa,xss,cross_site_scripting,medium,519,f45a75657096dba5aea9,c97cb6207a4b0188ac96,False,Code Execution & Injection,cisa_tipo:xss,alta,asignada,2023-03-30,fecha_fuente_no_verificada_como_incidente,registro_vulnerabilidad,fortra,,cobalt strike,fortra,2,False
windows,,modify authentication process: network provider dll,30/03/2023,medium/high,mitre,modify authentication process: network provider dll,modify authentication process: network provider dll,medium/high,1806,f7044d2374dacea01990,92712f01cda0cbcadfbe,False,"Identity, Access & Persistence",mitre_parent:modify authentication process,alta,asignada,2023-03-30,fecha_fuente_no_verificada_como_incidente,tecnica_mitre,,windows,__NO_INFORMADO__,windows,3,False
synacor,zimbra collaboration suite (zcs),synacor zimbra collaboration suite (zcs) cross-site scripting (xss) vulnerability,03/04/2023,medium,cisa,xss,cross_site_scripting,medium,515,afbc6b217b1b5494c8ca,61932a6b342c12fdb2a9,False,Code Execution & Injection,cisa_tipo:xss,alta,asignada,2023-04-03,fecha_fuente_no_verificada_como_incidente,registro_vulnerabilidad,synacor,,zimbra collaboration suite (zcs),synacor,2,False
microsoft,windows,microsoft windows certificate dialog privilege escalation vulnerability,07/04/2023,high,cisa,privilege escalation,privilege escalation,high,513,1bc227cc2b53d1df1959,2e568df1f1d10cf3de1c,False,"Identity, Access & Persistence",cisa_tipo:privilege escalation,alta,asignada,2023-04-07,fecha_fuente_no_verificada_como_incidente,registro_vulnerabilidad,microsoft,,windows,microsoft,4,False
veritas,backup exec agent,veritas backup exec agent file access vulnerability,07/04/2023,medium,cisa,authentication issues,authentication issues,medium,510,3aba6d78a2947314ce15,633d8ec2fec73d8adc2d,False,"Identity, Access & Persistence",cisa_tipo:authentication issues,alta,asignada,2023-04-07,fecha_fuente_no_verificada_como_incidente,registro_vulnerabilidad,veritas,,backup exec agent,veritas,2,False
arm,mali graphics processing unit (gpu),arm mali gpu kernel driver information disclosure vulnerability,07/04/2023,medium,cisa,generic vulnerability,generic vulnerability,medium,514,48af4b4d9cab9c9133f3,325195ac27d80ccf69af,False,Data Collection & Exfiltration,cisa_nombre:information disclosure|information leak|disclosure|exposure of|directory traversal|path traversal|path transversal|file inclusion|external control of file name|link following|improper link resolution|arbitrary file (read|download)|file download|file read|sensitive information,media,asignada,2023-04-07,fecha_fuente_no_verificada_como_incidente,registro_vulnerabilidad,arm,,mali graphics processing unit (gpu),arm,2,False
veritas,backup exec agent,veritas backup exec agent command execution vulnerability,07/04/2023,medium,cisa,authentication issues,authentication issues,medium,512,7ea79e99e9d82bd1db3a,f4f0b8a97f6f96f52a8a,False,"Identity, Access & Persistence",cisa_tipo:authentication issues,alta,asignada,2023-04-07,fecha_fuente_no_verificada_como_incidente,registro_vulnerabilidad,veritas,,backup exec agent,veritas,2,False
veritas,backup exec agent,veritas backup exec agent improper authentication vulnerability,07/04/2023,medium,cisa,authentication issues,authentication issues,medium,511,f512871aa99097b416b5,7af6753464ae74280cc5,False,"Identity, Access & Persistence",cisa_tipo:authentication issues,alta,asignada,2023-04-07,fecha_fuente_no_verificada_como_incidente,registro_vulnerabilidad,veritas,,backup exec agent,veritas,2,False
apple,multiple products,apple multiple products webkit use-after-free vulnerability,10/04/2023,high,cisa,use-after-free,use-after-free,high,508,0e3022ba56d8a0092a25,3e7d6d06c0132ead9ea0,False,Memory & Software Safety,cisa_tipo:use-after-free,alta,asignada,2023-04-10,fecha_fuente_no_verificada_como_incidente,registro_vulnerabilidad,apple,,multiple products,apple,4,False
apple,"ios, ipados, and macos","apple ios, ipados, and macos iosurfaceaccelerator out-of-bounds write vulnerability",10/04/2023,high,cisa,out-of-bounds write,out-of-bounds write,high,509,94ff9c7a143241cd7024,59c444f842b3367fafef,False,Memory & Software Safety,cisa_tipo:out-of-bounds write,alta,asignada,2023-04-10,fecha_fuente_no_verificada_como_incidente,registro_vulnerabilidad,apple,,"ios, ipados, and macos",apple,4,False
microsoft,windows,microsoft windows common log file system (clfs) driver privilege escalation vulnerability,11/04/2023,high,cisa,privilege escalation,privilege escalation,high,507,1667e3cf72c7e5905c64,565f7cacfec487624047,False,"Identity, Access & Persistence",cisa_tipo:privilege escalation,alta,asignada,2023-04-11,fecha_fuente_no_verificada_como_incidente,registro_vulnerabilidad,microsoft,,windows,microsoft,4,False
android,framework,android framework privilege escalation vulnerability,13/04/2023,high,cisa,privilege escalation,privilege escalation,high,505,54dd3365a571b8d3731e,e99c0160e465c7ae0fb0,False,"Identity, Access & Persistence",cisa_tipo:privilege escalation,alta,asignada,2023-04-13,fecha_fuente_no_verificada_como_incidente,registro_vulnerabilidad,android,,framework,android,4,False
novi survey,novi survey,novi survey insecure deserialization vulnerability,13/04/2023,medium,cisa,generic vulnerability,generic vulnerability,medium,506,d2c3de45ede7b49fa520,f8d2d0f4fbf0553784c7,False,Code Execution & Injection,cisa_nombre:code execution|command execution|code injection|command injection|sql injection|injection|deserialization|cross.site scripting|xss|file upload|upload of|file type upload|embedded malicious code|download of code|arbitrary code|improper neutralization|improper escaping|server.side request forgery|request smuggling|http request splitting,media,asignada,2023-04-13,fecha_fuente_no_verificada_como_incidente,registro_vulnerabilidad,novi survey,,novi survey,novi survey,2,False
google,chromium v8,google chromium v8 type confusion vulnerability,17/04/2023,high,cisa,type confusion,type confusion,high,504,1ec072df3adcd77b7e19,71182e2b82bca2d33474,False,Memory & Software Safety,cisa_tipo:type confusion,alta,asignada,2023-04-17,fecha_fuente_no_verificada_como_incidente,registro_vulnerabilidad,google,,chromium v8,google,4,False
apple,macos,apple macos use-after-free vulnerability,17/04/2023,high,cisa,use-after-free,use-after-free,high,503,5ff1f7166a08c098c261,02065246bbf149f03ded,False,Memory & Software Safety,cisa_tipo:use-after-free,alta,asignada,2023-04-17,fecha_fuente_no_verificada_como_incidente,registro_vulnerabilidad,apple,,macos,apple,4,False
cisco,ios and ios xe software,cisco ios and ios xe software snmp remote code execution vulnerability,19/04/2023,high,cisa,memory corruption,memory corruption,high,502,febf84b2da3100760de9,3427bb97e661beec2b48,False,Memory & Software Safety,cisa_tipo:memory corruption,alta,asignada,2023-04-19,fecha_fuente_no_verificada_como_incidente,registro_vulnerabilidad,cisco,,ios and ios xe software,cisco,4,False
minio,minio,minio information disclosure vulnerability,21/04/2023,medium,cisa,information disclosure,information disclosure,medium,499,0653cc1a034d89a39966,7e7ea406be44bc9d9d60,False,Data Collection & Exfiltration,cisa_tipo:information disclosure,alta,asignada,2023-04-21,fecha_fuente_no_verificada_como_incidente,registro_vulnerabilidad,minio,,minio,minio,2,False
papercut,mf/ng,papercut mf/ng improper access control vulnerability,21/04/2023,medium,cisa,generic vulnerability,generic vulnerability,medium,500,8768285ebe07cbfbd688,c2562b30b811ab9c13ca,False,"Identity, Access & Persistence",cisa_nombre:authentication|authorization|unauthorized access|privilege|credentials?|password|hard.coded|access control|permission|ownership|improper isolation|sandbox escape|session fixation|security feature bypass|protection mechanism|improper certificate|certificate validation|missing encryption|cryptographic|signature verification|integrity check|integrity verification|unprotected alternate channel|protection of alternate|spoofing|inadequate encryption strength|insecure direct object reference|dll side.loading|dll hijacking|uncontrolled search path,media,asignada,2023-04-21,fecha_fuente_no_verificada_como_incidente,registro_vulnerabilidad,papercut,,mf/ng,papercut,2,False
google,chromium skia,google chrome skia integer overflow vulnerability,21/04/2023,high,cisa,memory_corruption,buffer_overflow,high,501,d47c75d491ad0e5fa19e,ee95bdf911ae8169e103,False,Memory & Software Safety,cisa_tipo:memory corruption,alta,asignada,2023-04-21,fecha_fuente_no_verificada_como_incidente,registro_vulnerabilidad,google,,chromium skia,google,4,False
tp-link,archer ax21,tp-link archer ax-21 command injection vulnerability,01/05/2023,high,cisa,injection,other_injection,high,496,d70fdd15b218919c4910,dac00752d370b89e1393,False,Code Execution & Injection,cisa_tipo:injection,alta,asignada,2023-05-01,fecha_fuente_no_verificada_como_incidente,registro_vulnerabilidad,tp-link,,archer ax21,tp-link,4,False
oracle,weblogic server,oracle weblogic server unspecified vulnerability,01/05/2023,medium,cisa,unspecified,unspecified,medium,498,ee6940e87706b2b58f80,50f221ca2a16fae5eac7,False,,texto_insuficiente,pendiente,requiere_revision,2023-05-01,fecha_fuente_no_verificada_como_incidente,registro_vulnerabilidad,oracle,,weblogic server,oracle,2,False
apache,log4j2,apache log4j2 deserialization of untrusted data vulnerability,01/05/2023,medium,cisa,generic vulnerability,generic vulnerability,medium,497,f71a6d0b45c943d903e1,781df616e7a2d442c811,False,Code Execution & Injection,cisa_nombre:code execution|command execution|code injection|command injection|sql injection|injection|deserialization|cross.site scripting|xss|file upload|upload of|file type upload|embedded malicious code|download of code|arbitrary code|improper neutralization|improper escaping|server.side request forgery|request smuggling|http request splitting,media,asignada,2023-05-01,fecha_fuente_no_verificada_como_incidente,registro_vulnerabilidad,apache,,log4j2,apache,2,False
microsoft,win32k,microsoft win32k privilege escalation vulnerability,09/05/2023,high,cisa,use-after-free,use-after-free,high,495,e0437c77c4e65f048636,8d34dc759203c076820a,False,Memory & Software Safety,cisa_tipo:use-after-free,alta,asignada,2023-05-09,fecha_fuente_no_verificada_como_incidente,registro_vulnerabilidad,microsoft,,win32k,microsoft,4,False
ruckus wireless,multiple products,multiple ruckus wireless products csrf and rce vulnerability,12/05/2023,high,cisa,remote_code_execution,remote_code_execution,high,488,22a067e99ca5c9e08012,4eeae4f602cb30f64e90,False,Code Execution & Injection,cisa_tipo:remote code execution,alta,asignada,2023-05-12,fecha_fuente_no_verificada_como_incidente,registro_vulnerabilidad,ruckus wireless,,multiple products,ruckus wireless,4,False
oracle,java se and jrockit,oracle java se and jrockit unspecified vulnerability,12/05/2023,medium,cisa,unspecified,unspecified,medium,493,29c6e5c185a911fd3697,365324eaf1163429cff1,False,,texto_insuficiente,pendiente,requiere_revision,2023-05-12,fecha_fuente_no_verificada_como_incidente,registro_vulnerabilidad,oracle,,java se and jrockit,oracle,2,False
jenkins,jenkins user interface (ui),jenkins user interface (ui) information disclosure vulnerability,12/05/2023,medium,cisa,information disclosure,information disclosure,medium,492,42e7e280a07c117a27ad,51f1d8caec57b1a59df9,False,Data Collection & Exfiltration,cisa_tipo:information disclosure,alta,asignada,2023-05-12,fecha_fuente_no_verificada_como_incidente,registro_vulnerabilidad,jenkins,,jenkins user interface (ui),jenkins,2,False
linux,kernel,linux kernel improper input validation vulnerability,12/05/2023,medium,cisa,generic vulnerability,generic vulnerability,medium,491,7905f0edec8d31298226,1dca7b8e6df55ec7b04c,False,Memory & Software Safety,cisa_nombre:buffer overflow|memory corruption|out.of.bounds|use.after.free|type confusion|double.free|heap.based|stack.based|integer overflow|integer underflow|race condition|time.of.check|arbitrary read and write|uninitialized (memory|variable)|improper input validation|improper validation|improper resource (shutdown|release)|null pointer|memory initialization|memory leak|format string|untrusted pointer dereference|double dereference|out.of.range pointer|record corruption|insufficient (input|data) validation|invalid input|data validation|detection of error condition,media,asignada,2023-05-12,fecha_fuente_no_verificada_como_incidente,registro_vulnerabilidad,linux,,kernel,linux,2,False
linux,kernel,linux kernel race condition vulnerability,12/05/2023,medium,cisa,generic vulnerability,generic vulnerability,medium,490,bca1c9d9acdf846a9bcd,1930b1cf1e316e80db6b,False,Memory & Software Safety,cisa_nombre:buffer overflow|memory corruption|out.of.bounds|use.after.free|type confusion|double.free|heap.based|stack.based|integer overflow|integer underflow|race condition|time.of.check|arbitrary read and write|uninitialized (memory|variable)|improper input validation|improper validation|improper resource (shutdown|release)|null pointer|memory initialization|memory leak|format string|untrusted pointer dereference|double dereference|out.of.range pointer|record corruption|insufficient (input|data) validation|invalid input|data validation|detection of error condition,media,asignada,2023-05-12,fecha_fuente_no_verificada_como_incidente,registro_vulnerabilidad,linux,,kernel,linux,2,False
red hat,polkit,red hat polkit incorrect authorization vulnerability,12/05/2023,medium,cisa,generic vulnerability,generic vulnerability,medium,489,c8b203b3f3ebeb365b33,371169c89f03e54bc730,False,"Identity, Access & Persistence",cisa_nombre:authentication|authorization|unauthorized access|privilege|credentials?|password|hard.coded|access control|permission|ownership|improper isolation|sandbox escape|session fixation|security feature bypass|protection mechanism|improper certificate|certificate validation|missing encryption|cryptographic|signature verification|integrity check|integrity verification|unprotected alternate channel|protection of alternate|spoofing|inadequate encryption strength|insecure direct object reference|dll side.loading|dll hijacking|uncontrolled search path,media,asignada,2023-05-12,fecha_fuente_no_verificada_como_incidente,registro_vulnerabilidad,red hat,,polkit,red hat,2,False
apache,tomcat,apache tomcat remote code execution vulnerability,12/05/2023,high,cisa,remote_code_execution,remote_code_execution,high,494,dce8f2e6a09b3a309eff,666723a8b707b1ff4baa,False,Code Execution & Injection,cisa_tipo:remote code execution,alta,asignada,2023-05-12,fecha_fuente_no_verificada_como_incidente,registro_vulnerabilidad,apache,,tomcat,apache,4,False
samsung,mobile devices,samsung mobile devices insertion of sensitive information into log file vulnerability,19/05/2023,medium,cisa,generic vulnerability,generic vulnerability,medium,487,048defd3d0ed57c78e75,12ca31ca3874440d16fc,False,Data Collection & Exfiltration,cisa_nombre:information disclosure|information leak|disclosure|exposure of|directory traversal|path traversal|path transversal|file inclusion|external control of file name|link following|improper link resolution|arbitrary file (read|download)|file download|file read|sensitive information,media,asignada,2023-05-19,fecha_fuente_no_verificada_como_incidente,registro_vulnerabilidad,samsung,,mobile devices,samsung,2,False
cisco,"ios, ios xr, and ios xe","cisco ios, ios xr, and ios xe ikev1 information disclosure vulnerability",19/05/2023,medium,cisa,information disclosure,information disclosure,medium,486,4906a2042cd49b17d5d4,40f7c2f6ed4609964d53,False,Data Collection & Exfiltration,cisa_tipo:information disclosure,alta,asignada,2023-05-19,fecha_fuente_no_verificada_como_incidente,registro_vulnerabilidad,cisco,,"ios, ios xr, and ios xe",cisco,2,False
cisco,ios,cisco ios denial-of-service vulnerability,19/05/2023,medium,cisa,unspecified,unspecified,medium,485,c306e7c0e94dd7f987bf,0fd310d308deca3b1e00,False,Impact & Availability,cisa_nombre:denial.of.service|resource exhaustion|infinite loop|uncontrolled resource consumption|data destruction|arbitrary file deletion,media,asignada,2023-05-19,fecha_fuente_no_verificada_como_incidente,registro_vulnerabilidad,cisco,,ios,cisco,2,False
apple,multiple products,apple multiple products webkit use-after-free vulnerability,22/05/2023,high,cisa,use-after-free,use-after-free,high,484,3a5e04091c47b884d10d,3e7d6d06c0132ead9ea0,False,Memory & Software Safety,cisa_tipo:use-after-free,alta,asignada,2023-05-22,fecha_fuente_no_verificada_como_incidente,registro_vulnerabilidad,apple,,multiple products,apple,4,False
apple,multiple products,apple multiple products webkit out-of-bounds read vulnerability,22/05/2023,medium,cisa,generic vulnerability,generic vulnerability,medium,483,3cea03bafc6a8032bec1,839b3e54c0985e5672a8,False,Memory & Software Safety,cisa_nombre:buffer overflow|memory corruption|out.of.bounds|use.after.free|type confusion|double.free|heap.based|stack.based|integer overflow|integer underflow|race condition|time.of.check|arbitrary read and write|uninitialized (memory|variable)|improper input validation|improper validation|improper resource (shutdown|release)|null pointer|memory initialization|memory leak|format string|untrusted pointer dereference|double dereference|out.of.range pointer|record corruption|insufficient (input|data) validation|invalid input|data validation|detection of error condition,media,asignada,2023-05-22,fecha_fuente_no_verificada_como_incidente,registro_vulnerabilidad,apple,,multiple products,apple,2,False
apple,multiple products,apple multiple products webkit sandbox escape vulnerability,22/05/2023,medium,cisa,unspecified,unspecified,medium,482,62f872806e5e4ff03000,f4a369be883a97e0fa32,False,"Identity, Access & Persistence",cisa_nombre:authentication|authorization|unauthorized access|privilege|credentials?|password|hard.coded|access control|permission|ownership|improper isolation|sandbox escape|session fixation|security feature bypass|protection mechanism|improper certificate|certificate validation|missing encryption|cryptographic|signature verification|integrity check|integrity verification|unprotected alternate channel|protection of alternate|spoofing|inadequate encryption strength|insecure direct object reference|dll side.loading|dll hijacking|uncontrolled search path,media,asignada,2023-05-22,fecha_fuente_no_verificada_como_incidente,registro_vulnerabilidad,apple,,multiple products,apple,2,False
linux,,impair defenses: disable or modify linux audit system,24/05/2023,medium/high,mitre,impair defenses: disable or modify linux audit system,impair defenses: disable or modify linux audit system,medium/high,1751,aeb8ea10b413977d6a07,643de5215b703da06f6d,False,Reconnaissance & Attack Operations,mitre_parent:impair defenses,alta,asignada,2023-05-24,fecha_fuente_no_verificada_como_incidente,tecnica_mitre,,linux,__NO_INFORMADO__,linux,3,False
barracuda networks,email security gateway (esg) appliance,barracuda networks esg appliance improper input validation vulnerability,26/05/2023,medium,cisa,generic vulnerability,generic vulnerability,medium,481,54a263e7234e2e7dc6d5,b73894947b924db0382e,False,Memory & Software Safety,cisa_nombre:buffer overflow|memory corruption|out.of.bounds|use.after.free|type confusion|double.free|heap.based|stack.based|integer overflow|integer underflow|race condition|time.of.check|arbitrary read and write|uninitialized (memory|variable)|improper input validation|improper validation|improper resource (shutdown|release)|null pointer|memory initialization|memory leak|format string|untrusted pointer dereference|double dereference|out.of.range pointer|record corruption|insufficient (input|data) validation|invalid input|data validation|detection of error condition,media,asignada,2023-05-26,fecha_fuente_no_verificada_como_incidente,registro_vulnerabilidad,barracuda networks,,email security gateway (esg) appliance,barracuda networks,2,False
zyxel,multiple firewalls,zyxel multiple firewalls os command injection vulnerability,31/05/2023,high,cisa,injection,other_injection,high,480,153ad7c6d6d43bf90c49,4747af7665c81276ccf4,False,Code Execution & Injection,cisa_tipo:injection,alta,asignada,2023-05-31,fecha_fuente_no_verificada_como_incidente,registro_vulnerabilidad,zyxel,,multiple firewalls,zyxel,4,False
iaas,,remote services: direct cloud vm connections,02/06/2023,medium/high,mitre,remote services: direct cloud vm connections,remote services: direct cloud vm connections,medium/high,1932,60be084967a5a11a098f,521abdf5b8899791b66f,False,"Identity, Access & Persistence",mitre_parent:remote services,alta,asignada,2023-06-02,fecha_fuente_no_verificada_como_incidente,tecnica_mitre,,iaas,__NO_INFORMADO__,iaas,3,False
progress,moveit transfer,progress moveit transfer sql injection vulnerability,02/06/2023,high,cisa,injection,other_injection,high,479,bc08f13126f81cb02b58,bff6ec29c921244a81d8,False,Code Execution & Injection,cisa_tipo:injection,alta,asignada,2023-06-02,fecha_fuente_no_verificada_como_incidente,registro_vulnerabilidad,progress,,moveit transfer,progress,4,False
"linux, network devices, windows, macos",,power settings,05/06/2023,medium/high,mitre,power settings,power settings,medium/high,1894,6940c196d6dea9540bb9,f2e2dce89d0089cf76c4,False,Impact & Availability,mitre_parent:power settings,alta,asignada,2023-06-05,fecha_fuente_no_verificada_como_incidente,tecnica_mitre,,"linux, network devices, windows, macos",__NO_INFORMADO__,"linux, network devices, windows, macos",3,False
zyxel,multiple firewalls,zyxel multiple firewalls buffer overflow vulnerability,05/06/2023,high,cisa,memory_corruption,buffer_overflow,high,477,91211347733518d86a20,a7f32d719f861b58c103,False,Memory & Software Safety,cisa_tipo:memory corruption,alta,asignada,2023-06-05,fecha_fuente_no_verificada_como_incidente,registro_vulnerabilidad,zyxel,,multiple firewalls,zyxel,4,False
google,chromium v8,google chromium v8 type confusion vulnerability,07/06/2023,high,cisa,type confusion,type confusion,high,476,d7b38eb2a724e69552d0,71182e2b82bca2d33474,False,Memory & Software Safety,cisa_tipo:type confusion,alta,asignada,2023-06-07,fecha_fuente_no_verificada_como_incidente,registro_vulnerabilidad,google,,chromium v8,google,4,False
fortinet,fortios and fortiproxy ssl-vpn,fortinet fortios and fortiproxy ssl-vpn heap-based buffer overflow vulnerability,13/06/2023,high,cisa,memory_corruption,buffer_overflow,high,475,4d186986aa3925f7ea01,fe84c286e157e30d8a06,False,Memory & Software Safety,cisa_tipo:memory corruption,alta,asignada,2023-06-13,fecha_fuente_no_verificada_como_incidente,registro_vulnerabilidad,fortinet,,fortios and fortiproxy ssl-vpn,fortinet,4,False
microsoft,win32k,microsoft win32k privilege escalation vulnerability,22/06/2023,high,cisa,privilege escalation,privilege escalation,high,474,1f0c8cb843f687569979,8d34dc759203c076820a,False,"Identity, Access & Persistence",cisa_tipo:privilege escalation,alta,asignada,2023-06-22,fecha_fuente_no_verificada_como_incidente,registro_vulnerabilidad,microsoft,,win32k,microsoft,4,False
vmware,aria operations for networks,vmware aria operations for networks command injection vulnerability,22/06/2023,high,cisa,injection,other_injection,high,469,385a5942d199cdd3e55c,4684661a180ff8ece3f2,False,Code Execution & Injection,cisa_tipo:injection,alta,asignada,2023-06-22,fecha_fuente_no_verificada_como_incidente,registro_vulnerabilidad,vmware,,aria operations for networks,vmware,4,False
mozilla,"firefox, firefox esr, and thunderbird","mozilla firefox, firefox esr, and thunderbird use-after-free vulnerability",22/06/2023,high,cisa,use-after-free,use-after-free,high,473,4f3dbdd56c9f55963279,a49630f7e7b9db5d3827,False,Memory & Software Safety,cisa_tipo:use-after-free,alta,asignada,2023-06-22,fecha_fuente_no_verificada_como_incidente,registro_vulnerabilidad,mozilla,,"firefox, firefox esr, and thunderbird",mozilla,4,False
roundcube,roundcube webmail,roundcube webmail cross-site scripting (xss) vulnerability,22/06/2023,medium,cisa,xss,cross_site_scripting,medium,470,519aefa473faf270c932,e46a0fbd5c724f7449ee,False,Code Execution & Injection,cisa_tipo:xss,alta,asignada,2023-06-22,fecha_fuente_no_verificada_como_incidente,registro_vulnerabilidad,roundcube,,roundcube webmail,roundcube,2,False
roundcube,roundcube webmail,roundcube webmail remote code execution vulnerability,22/06/2023,high,cisa,remote_code_execution,remote_code_execution,high,471,f51c763940675c3da1c2,562722e2bd033d45eda4,False,Code Execution & Injection,cisa_tipo:remote code execution,alta,asignada,2023-06-22,fecha_fuente_no_verificada_como_incidente,registro_vulnerabilidad,roundcube,,roundcube webmail,roundcube,4,False
roundcube,roundcube webmail,roundcube webmail sql injection vulnerability,22/06/2023,high,cisa,injection,other_injection,high,472,fdc8c7a3a772625e4d86,0dc3591df6ced4eb8e4e,False,Code Execution & Injection,cisa_tipo:injection,alta,asignada,2023-06-22,fecha_fuente_no_verificada_como_incidente,registro_vulnerabilidad,roundcube,,roundcube webmail,roundcube,4,False
apple,multiple products,apple multiple products webkit type confusion vulnerability,23/06/2023,high,cisa,type confusion,type confusion,high,466,00ca60d4ef5b797b87e0,ac01c63661926a83a2f6,False,Memory & Software Safety,cisa_tipo:type confusion,alta,asignada,2023-06-23,fecha_fuente_no_verificada_como_incidente,registro_vulnerabilidad,apple,,multiple products,apple,4,False
apple,multiple products,apple multiple products webkit memory corruption vulnerability,23/06/2023,high,cisa,out-of-bounds write,out-of-bounds write,high,465,028094c12ddd9c9ad557,b073e2d08a3b183a16fe,False,Memory & Software Safety,cisa_tipo:out-of-bounds write,alta,asignada,2023-06-23,fecha_fuente_no_verificada_como_incidente,registro_vulnerabilidad,apple,,multiple products,apple,4,False
vmware,tools,vmware tools authentication bypass vulnerability,23/06/2023,medium,cisa,authentication issues,authentication issues,medium,467,31a913e020eb0960bb88,5e0cddd828b2e6ce171f,False,"Identity, Access & Persistence",cisa_tipo:authentication issues,alta,asignada,2023-06-23,fecha_fuente_no_verificada_como_incidente,registro_vulnerabilidad,vmware,,tools,vmware,2,False
zyxel,multiple network-attached storage (nas) devices,zyxel multiple nas devices command injection vulnerability,23/06/2023,high,cisa,injection,other_injection,high,468,7aa17d3b23528b14f6c4,423f0fd10d78f79c2e24,False,Code Execution & Injection,cisa_tipo:injection,alta,asignada,2023-06-23,fecha_fuente_no_verificada_como_incidente,registro_vulnerabilidad,zyxel,,multiple network-attached storage (nas) devices,zyxel,4,False
apple,multiple products,apple multiple products integer overflow vulnerability,23/06/2023,high,cisa,memory_corruption,buffer_overflow,high,464,f72d60527891407af39f,e19b6e8a0389b5e0d89b,False,Memory & Software Safety,cisa_tipo:memory corruption,alta,asignada,2023-06-23,fecha_fuente_no_verificada_como_incidente,registro_vulnerabilidad,apple,,multiple products,apple,4,False
d-link,dwl-2600ap access point,d-link dwl-2600ap access point command injection vulnerability,29/06/2023,high,cisa,injection,other_injection,high,457,195f77705e71409ff3a7,3cef0dd8ab28ed618c14,False,Code Execution & Injection,cisa_tipo:injection,alta,asignada,2023-06-29,fecha_fuente_no_verificada_como_incidente,registro_vulnerabilidad,d-link,,dwl-2600ap access point,d-link,4,False
samsung,mobile devices,samsung mobile devices improper input validation vulnerability,29/06/2023,medium,cisa,generic vulnerability,generic vulnerability,medium,459,7bc3de92c9b1e9b31185,ff440697db79ffd8fcbe,False,Memory & Software Safety,cisa_nombre:buffer overflow|memory corruption|out.of.bounds|use.after.free|type confusion|double.free|heap.based|stack.based|integer overflow|integer underflow|race condition|time.of.check|arbitrary read and write|uninitialized (memory|variable)|improper input validation|improper validation|improper resource (shutdown|release)|null pointer|memory initialization|memory leak|format string|untrusted pointer dereference|double dereference|out.of.range pointer|record corruption|insufficient (input|data) validation|invalid input|data validation|detection of error condition,media,asignada,2023-06-29,fecha_fuente_no_verificada_como_incidente,registro_vulnerabilidad,samsung,,mobile devices,samsung,2,False
samsung,mobile devices,samsung mobile devices improper boundary check vulnerability,29/06/2023,high,cisa,out-of-bounds write,out-of-bounds write,high,463,88b23cb923d9e7dcf783,b38b84af4d807382c0d1,False,Memory & Software Safety,cisa_tipo:out-of-bounds write,alta,asignada,2023-06-29,fecha_fuente_no_verificada_como_incidente,registro_vulnerabilidad,samsung,,mobile devices,samsung,4,False
d-link,dir-859 router,d-link dir-859 router command execution vulnerability,29/06/2023,medium,cisa,generic vulnerability,generic vulnerability,medium,456,9aee86033dad4b7f5edf,382db00b57436e2b83c6,False,Code Execution & Injection,cisa_nombre:code execution|command execution|code injection|command injection|sql injection|injection|deserialization|cross.site scripting|xss|file upload|upload of|file type upload|embedded malicious code|download of code|arbitrary code|improper neutralization|improper escaping|server.side request forgery|request smuggling|http request splitting,media,asignada,2023-06-29,fecha_fuente_no_verificada_como_incidente,registro_vulnerabilidad,d-link,,dir-859 router,d-link,2,False
samsung,mobile devices,samsung mobile devices out-of-bounds read vulnerability,29/06/2023,medium,cisa,generic vulnerability,generic vulnerability,medium,458,c26a553eb028ffc8e516,105c548ad37484a7a02f,False,Memory & Software Safety,cisa_nombre:buffer overflow|memory corruption|out.of.bounds|use.after.free|type confusion|double.free|heap.based|stack.based|integer overflow|integer underflow|race condition|time.of.check|arbitrary read and write|uninitialized (memory|variable)|improper input validation|improper validation|improper resource (shutdown|release)|null pointer|memory initialization|memory leak|format string|untrusted pointer dereference|double dereference|out.of.range pointer|record corruption|insufficient (input|data) validation|invalid input|data validation|detection of error condition,media,asignada,2023-06-29,fecha_fuente_no_verificada_como_incidente,registro_vulnerabilidad,samsung,,mobile devices,samsung,2,False
samsung,mobile devices,samsung mobile devices race condition vulnerability,29/06/2023,medium,cisa,generic vulnerability,generic vulnerability,medium,461,f088654d5004754ec3d7,dad4ac9eed0f1539c61a,False,Memory & Software Safety,cisa_nombre:buffer overflow|memory corruption|out.of.bounds|use.after.free|type confusion|double.free|heap.based|stack.based|integer overflow|integer underflow|race condition|time.of.check|arbitrary read and write|uninitialized (memory|variable)|improper input validation|improper validation|improper resource (shutdown|release)|null pointer|memory initialization|memory leak|format string|untrusted pointer dereference|double dereference|out.of.range pointer|record corruption|insufficient (input|data) validation|invalid input|data validation|detection of error condition,media,asignada,2023-06-29,fecha_fuente_no_verificada_como_incidente,registro_vulnerabilidad,samsung,,mobile devices,samsung,2,False
samsung,mobile devices,samsung mobile devices race condition vulnerability,29/06/2023,high,cisa,use-after-free,use-after-free,high,460,f229713ebc9c4eacbd76,dad4ac9eed0f1539c61a,False,Memory & Software Safety,cisa_tipo:use-after-free,alta,asignada,2023-06-29,fecha_fuente_no_verificada_como_incidente,registro_vulnerabilidad,samsung,,mobile devices,samsung,4,False
samsung,mobile devices,samsung mobile devices unspecified vulnerability,29/06/2023,medium,cisa,generic vulnerability,generic vulnerability,medium,462,f637653f0033fdcd2d47,2e0502461e3464fa8001,False,,texto_insuficiente,pendiente,requiere_revision,2023-06-29,fecha_fuente_no_verificada_como_incidente,registro_vulnerabilidad,samsung,,mobile devices,samsung,2,False
arm,mali graphics processing unit (gpu),arm mali gpu kernel driver use-after-free vulnerability,07/07/2023,high,cisa,use-after-free,use-after-free,high,455,abb0e23fc03643c35686,ab2101900700ef1bb44e,False,Memory & Software Safety,cisa_tipo:use-after-free,alta,asignada,2023-07-07,fecha_fuente_no_verificada_como_incidente,registro_vulnerabilidad,arm,,mali graphics processing unit (gpu),arm,4,False
"esxi, iaas, linux, windows, macos",,log enumeration,10/07/2023,medium,mitre,log enumeration,log enumeration,medium,1787,2b0ab30337571c088711,640b0d6be0c1a6d1df95,False,Reconnaissance & Attack Operations,mitre_parent:log enumeration,alta,asignada,2023-07-10,fecha_fuente_no_verificada_como_incidente,tecnica_mitre,,"esxi, iaas, linux, windows, macos",__NO_INFORMADO__,"esxi, iaas, linux, windows, macos",2,False
"iaas, identity provider, office suite",,abuse elevation control mechanism: temporary elevated cloud access,10/07/2023,medium/high,mitre,abuse elevation control mechanism: temporary elevated cloud access,abuse elevation control mechanism: temporary elevated cloud access,medium/high,1425,42d9c4ecf9c4b2cf6746,efbfdacb08b3a01373e2,False,"Identity, Access & Persistence",mitre_parent:abuse elevation control mechanism,alta,asignada,2023-07-10,fecha_fuente_no_verificada_como_incidente,tecnica_mitre,,"iaas, identity provider, office suite",__NO_INFORMADO__,"iaas, identity provider, office suite",3,False
microsoft,windows,microsoft windows error reporting service privilege escalation vulnerability,11/07/2023,high,cisa,privilege escalation,privilege escalation,high,453,32fb0ce301e9d5aeb182,bcedf729e684de1e2967,False,"Identity, Access & Persistence",cisa_tipo:privilege escalation,alta,asignada,2023-07-11,fecha_fuente_no_verificada_como_incidente,registro_vulnerabilidad,microsoft,,windows,microsoft,4,False
microsoft,windows,microsoft windows defender smartscreen security feature bypass vulnerability,11/07/2023,medium/high,cisa,authentication issues,authentication issues,medium/high,451,39e253c5954cb46f46d4,edf8c118bb684a5fee5e,False,"Identity, Access & Persistence",cisa_tipo:authentication issues,alta,asignada,2023-07-11,fecha_fuente_no_verificada_como_incidente,registro_vulnerabilidad,microsoft,,windows,microsoft,3,False
microsoft,outlook,microsoft outlook security feature bypass vulnerability,11/07/2023,medium/high,cisa,authentication issues,authentication issues,medium/high,452,5206e514f7502ddc2086,7e49bf413f33ea479a23,False,"Identity, Access & Persistence",cisa_tipo:authentication issues,alta,asignada,2023-07-11,fecha_fuente_no_verificada_como_incidente,registro_vulnerabilidad,microsoft,,outlook,microsoft,3,False
netwrix,auditor,netwrix auditor insecure object deserialization vulnerability,11/07/2023,high,cisa,insecure_deserialization,insecure_deserialization,high,454,baec371444295cec907b,079f464cf5cad4cc9de8,False,Code Execution & Injection,cisa_tipo:insecure deserialization,alta,asignada,2023-07-11,fecha_fuente_no_verificada_como_incidente,registro_vulnerabilidad,netwrix,,auditor,netwrix,4,False
microsoft,windows,microsoft windows mshtml platform privilege escalation vulnerability,11/07/2023,high,cisa,privilege escalation,privilege escalation,high,450,c2074c7a5882c0deeb97,c08f756710d6c167eec7,False,"Identity, Access & Persistence",cisa_tipo:privilege escalation,alta,asignada,2023-07-11,fecha_fuente_no_verificada_como_incidente,registro_vulnerabilidad,microsoft,,windows,microsoft,4,False
solarview,compact,solarview compact command injection vulnerability,13/07/2023,high,cisa,injection,other_injection,high,448,bbf48d58d96b32169596,476f92273e5271cfa881,False,Code Execution & Injection,cisa_tipo:injection,alta,asignada,2023-07-13,fecha_fuente_no_verificada_como_incidente,registro_vulnerabilidad,solarview,,compact,solarview,4,False
apple,multiple products,apple multiple products webkit code execution vulnerability,13/07/2023,high,cisa,remote_code_execution,remote_code_execution,high,449,c847555c7db348d52cb8,d447de999f8c0dbf0737,False,Code Execution & Injection,cisa_tipo:remote code execution,alta,asignada,2023-07-13,fecha_fuente_no_verificada_como_incidente,registro_vulnerabilidad,apple,,multiple products,apple,4,False
containers,,account manipulation: additional container cluster roles,14/07/2023,medium/high,mitre,account manipulation: additional container cluster roles,account manipulation: additional container cluster roles,medium/high,1441,f92d8aee46327b364296,03806833421982a3ff41,False,"Identity, Access & Persistence",mitre_parent:account manipulation,alta,asignada,2023-07-14,fecha_fuente_no_verificada_como_incidente,tecnica_mitre,,containers,__NO_INFORMADO__,containers,3,False
microsoft,windows,microsoft windows search remote code execution vulnerability,17/07/2023,high,cisa,remote_code_execution,remote_code_execution,high,447,31c6929e728cb1bbb5c1,6ec783c62e070da7cfc3,False,Code Execution & Injection,cisa_tipo:remote code execution,alta,asignada,2023-07-17,fecha_fuente_no_verificada_como_incidente,registro_vulnerabilidad,microsoft,,windows,microsoft,4,False
citrix,netscaler adc and netscaler gateway,citrix netscaler adc and netscaler gateway code injection vulnerability,19/07/2023,high,cisa,injection,other_injection,high,446,92345048e7524c95f97b,69afe56596a81abe042e,False,Code Execution & Injection,cisa_tipo:injection,alta,asignada,2023-07-19,fecha_fuente_no_verificada_como_incidente,registro_vulnerabilidad,citrix,,netscaler adc and netscaler gateway,citrix,4,False
adobe,coldfusion,adobe coldfusion improper access control vulnerability,20/07/2023,medium,cisa,generic vulnerability,generic vulnerability,medium,444,50151706e17bff2d7073,3c31e912b4fde04778f4,False,"Identity, Access & Persistence",cisa_nombre:authentication|authorization|unauthorized access|privilege|credentials?|password|hard.coded|access control|permission|ownership|improper isolation|sandbox escape|session fixation|security feature bypass|protection mechanism|improper certificate|certificate validation|missing encryption|cryptographic|signature verification|integrity check|integrity verification|unprotected alternate channel|protection of alternate|spoofing|inadequate encryption strength|insecure direct object reference|dll side.loading|dll hijacking|uncontrolled search path,media,asignada,2023-07-20,fecha_fuente_no_verificada_como_incidente,registro_vulnerabilidad,adobe,,coldfusion,adobe,2,False
"esxi, linux, office suite, saas, windows, macos",,exfiltration over web service: exfiltration over webhook,20/07/2023,low,mitre,exfiltration over web service: exfiltration over webhook,exfiltration over web service: exfiltration over webhook,low,1673,fc949998d45cc7d0ae7d,db627ceaba9564ccc3fe,False,Data Collection & Exfiltration,mitre_parent:exfiltration over web service,alta,asignada,2023-07-20,fecha_fuente_no_verificada_como_incidente,tecnica_mitre,,"esxi, linux, office suite, saas, windows, macos",__NO_INFORMADO__,"esxi, linux, office suite, saas, windows, macos",0,False
ivanti,endpoint manager mobile (epmm),ivanti endpoint manager mobile authentication bypass vulnerability,25/07/2023,medium,cisa,authentication issues,authentication issues,medium,443,334f51fa37e6d4c038c2,553b33ff925fd51eec5c,False,"Identity, Access & Persistence",cisa_tipo:authentication issues,alta,asignada,2023-07-25,fecha_fuente_no_verificada_como_incidente,registro_vulnerabilidad,ivanti,,endpoint manager mobile (epmm),ivanti,2,False
apple,multiple products,apple multiple products kernel unspecified vulnerability,26/07/2023,medium,cisa,unspecified,unspecified,medium,442,6cf3090d793fdef7b088,b3d6e18b7a7b39b745f4,False,,texto_insuficiente,pendiente,requiere_revision,2023-07-26,fecha_fuente_no_verificada_como_incidente,registro_vulnerabilidad,apple,,multiple products,apple,2,False
synacor,zimbra collaboration suite (zcs),synacor zimbra collaboration suite (zcs) cross-site scripting (xss) vulnerability,27/07/2023,medium,cisa,xss,cross_site_scripting,medium,441,0ae34a1ce08e1480470d,61932a6b342c12fdb2a9,False,Code Execution & Injection,cisa_tipo:xss,alta,asignada,2023-07-27,fecha_fuente_no_verificada_como_incidente,registro_vulnerabilidad,synacor,,zimbra collaboration suite (zcs),synacor,2,False
ivanti,endpoint manager mobile (epmm),ivanti endpoint manager mobile (epmm) path traversal vulnerability,31/07/2023,high,cisa,path_traversal,path_traversal,high,440,e38ecbf412fe5ad2e1f6,12ef5740f181fe612d41,False,Data Collection & Exfiltration,cisa_tipo:path traversal,alta,asignada,2023-07-31,fecha_fuente_no_verificada_como_incidente,registro_vulnerabilidad,ivanti,,endpoint manager mobile (epmm),ivanti,4,False
zyxel,p660hn-t1a routers,zyxel p660hn-t1a routers command injection vulnerability,07/08/2023,high,cisa,injection,other_injection,high,439,e46572b72b8c598347b6,7003114ac830c7fe4779,False,Code Execution & Injection,cisa_tipo:injection,alta,asignada,2023-08-07,fecha_fuente_no_verificada_como_incidente,registro_vulnerabilidad,zyxel,,p660hn-t1a routers,zyxel,4,False
"linux, office suite, saas, windows, macos",,impersonation,08/08/2023,medium/high,mitre,impersonation,impersonation,medium/high,1759,c0c68bd3bc91429a10a1,f14c341eab33f2e30724,False,"Identity, Access & Persistence",mitre_parent:impersonation,alta,asignada,2023-08-08,fecha_fuente_no_verificada_como_incidente,tecnica_mitre,,"linux, office suite, saas, windows, macos",__NO_INFORMADO__,"linux, office suite, saas, windows, macos",3,False
microsoft,net core and visual studio,microsoft .net core and visual studio denial-of-service vulnerability,09/08/2023,medium,cisa,unspecified,unspecified,medium,438,c7805a8e3a1a3b7d7c6e,45efd6cc56d65c3a4edb,False,Impact & Availability,cisa_nombre:denial.of.service|resource exhaustion|infinite loop|uncontrolled resource consumption|data destruction|arbitrary file deletion,media,asignada,2023-08-09,fecha_fuente_no_verificada_como_incidente,registro_vulnerabilidad,microsoft,,net core and visual studio,microsoft,2,False
citrix,content collaboration,citrix content collaboration sharefile improper access control vulnerability,16/08/2023,medium,cisa,generic vulnerability,generic vulnerability,medium,437,9f219ecd8371dc49b233,be8c9e8ca316ed7955c0,False,"Identity, Access & Persistence",cisa_nombre:authentication|authorization|unauthorized access|privilege|credentials?|password|hard.coded|access control|permission|ownership|improper isolation|sandbox escape|session fixation|security feature bypass|protection mechanism|improper certificate|certificate validation|missing encryption|cryptographic|signature verification|integrity check|integrity verification|unprotected alternate channel|protection of alternate|spoofing|inadequate encryption strength|insecure direct object reference|dll side.loading|dll hijacking|uncontrolled search path,media,asignada,2023-08-16,fecha_fuente_no_verificada_como_incidente,registro_vulnerabilidad,citrix,,content collaboration,citrix,2,False
"linux, office suite, saas, windows, macos",,financial theft,18/08/2023,critical,mitre,financial theft,financial theft,critical,1689,3a021fe31faba376adcd,d4243d2808e069a97a79,False,Impact & Availability,mitre_parent:financial theft,alta,asignada,2023-08-18,fecha_fuente_no_verificada_como_incidente,tecnica_mitre,,"linux, office suite, saas, windows, macos",__NO_INFORMADO__,"linux, office suite, saas, windows, macos",5,False
adobe,coldfusion,adobe coldfusion deserialization of untrusted data vulnerability,21/08/2023,high,cisa,insecure_deserialization,insecure_deserialization,high,436,9626bdf000728c3e5758,96606c85c76191b448b6,False,Code Execution & Injection,cisa_tipo:insecure deserialization,alta,asignada,2023-08-21,fecha_fuente_no_verificada_como_incidente,registro_vulnerabilidad,adobe,,coldfusion,adobe,4,False
ivanti,sentry,ivanti sentry authentication bypass vulnerability,22/08/2023,medium/high,cisa,authentication issues,authentication issues,medium/high,434,6496db7ae57cd84cb7ff,4fa2a91c8b3baec070f4,False,"Identity, Access & Persistence",cisa_tipo:authentication issues,alta,asignada,2023-08-22,fecha_fuente_no_verificada_como_incidente,registro_vulnerabilidad,ivanti,,sentry,ivanti,3,False
veeam,backup & replication,veeam backup & replication cloud connect missing authentication for critical function vulnerability,22/08/2023,medium/high,cisa,authentication issues,authentication issues,medium/high,435,74c10df30993cd89afae,002c88f00fef66b3d7fc,False,"Identity, Access & Persistence",cisa_tipo:authentication issues,alta,asignada,2023-08-22,fecha_fuente_no_verificada_como_incidente,registro_vulnerabilidad,veeam,,backup & replication,veeam,3,False
ignite realtime,openfire,ignite realtime openfire path traversal vulnerability,24/08/2023,high,cisa,path_traversal,path_traversal,high,433,22dc830db93bd026a1bf,9b0b2a12a7c6f8cf719a,False,Data Collection & Exfiltration,cisa_tipo:path traversal,alta,asignada,2023-08-24,fecha_fuente_no_verificada_como_incidente,registro_vulnerabilidad,ignite realtime,,openfire,ignite realtime,4,False
"linux, windows, macos",,hide artifacts: ignore process interrupts,24/08/2023,medium/high,mitre,hide artifacts: ignore process interrupts,hide artifacts: ignore process interrupts,medium/high,1727,31f4a98182f844f05e74,a34adbceb450a6c9f22a,False,Reconnaissance & Attack Operations,mitre_parent:hide artifacts,alta,asignada,2023-08-24,fecha_fuente_no_verificada_como_incidente,tecnica_mitre,,"linux, windows, macos",__NO_INFORMADO__,"linux, windows, macos",3,False
rarlab,winrar,rarlab winrar code execution vulnerability,24/08/2023,high,cisa,remote_code_execution,remote_code_execution,high,432,ac4ee0d1429ceb882c29,c0c0a0817f1780810cee,False,Code Execution & Injection,cisa_tipo:remote code execution,alta,asignada,2023-08-24,fecha_fuente_no_verificada_como_incidente,registro_vulnerabilidad,rarlab,,winrar,rarlab,4,False
"linux, windows, macos",,content injection,01/09/2023,high,mitre,injection,other_injection,high,1547,b769519ead4877bb7b6e,a48b38697b3631cc4010,False,Code Execution & Injection,mitre_parent:content injection,alta,asignada,2023-09-01,fecha_fuente_no_verificada_como_incidente,tecnica_mitre,,"linux, windows, macos",__NO_INFORMADO__,"linux, windows, macos",4,False
iaas,,modify cloud compute infrastructure: modify cloud compute configurations,05/09/2023,medium/high,mitre,modify cloud compute infrastructure: modify cloud compute configurations,modify cloud compute infrastructure: modify cloud compute configurations,medium/high,1814,367f962bb003d7dd6e74,f98d69471bbb8b905f61,False,"Identity, Access & Persistence",mitre_parent:modify cloud compute infrastructure,alta,asignada,2023-09-05,fecha_fuente_no_verificada_como_incidente,tecnica_mitre,,iaas,__NO_INFORMADO__,iaas,3,False
apache,rocketmq,apache rocketmq command execution vulnerability,06/09/2023,medium,cisa,generic vulnerability,generic vulnerability,medium,431,0ecb50673fa59dbbb878,c8ba6520deccc8716b69,False,Code Execution & Injection,cisa_nombre:code execution|command execution|code injection|command injection|sql injection|injection|deserialization|cross.site scripting|xss|file upload|upload of|file type upload|embedded malicious code|download of code|arbitrary code|improper neutralization|improper escaping|server.side request forgery|request smuggling|http request splitting,media,asignada,2023-09-06,fecha_fuente_no_verificada_como_incidente,registro_vulnerabilidad,apache,,rocketmq,apache,2,False
pre,,phishing for information: spearphishing voice,07/09/2023,low/medium,mitre,phishing,phishing,low/medium,1888,567b93919d3eb47b413c,240724d4b74af1308972,False,Data Collection & Exfiltration,mitre_parent:phishing for information,alta,asignada,2023-09-07,fecha_fuente_no_verificada_como_incidente,tecnica_mitre,,pre,__NO_INFORMADO__,pre,1,False
"identity provider, linux, windows, macos",,phishing: spearphishing voice,07/09/2023,high,mitre,phishing,phishing,high,1891,a7f48c98601c0f812196,b961c5024c0fc527c5ed,False,"Identity, Access & Persistence",mitre_parent:phishing,alta,asignada,2023-09-07,fecha_fuente_no_verificada_como_incidente,tecnica_mitre,,"identity provider, linux, windows, macos",__NO_INFORMADO__,"identity provider, linux, windows, macos",4,False
"linux, windows, macos",,system network configuration discovery: wi-fi discovery,08/09/2023,medium,mitre,system network configuration discovery: wi-fi discovery,system network configuration discovery: wi-fi discovery,medium,2033,92378ef466eaf93a60a8,c68056f665a7fcbc4035,False,Reconnaissance & Attack Operations,mitre_parent:system network configuration discovery,alta,asignada,2023-09-08,fecha_fuente_no_verificada_como_incidente,tecnica_mitre,,"linux, windows, macos",__NO_INFORMADO__,"linux, windows, macos",2,False
apple,"ios, ipados, and macos","apple ios, ipados, and macos imageio buffer overflow vulnerability",11/09/2023,high,cisa,memory_corruption,buffer_overflow,high,429,3a57368b88b1adb9d96f,3c2fa5b4d726ebefd832,False,Memory & Software Safety,cisa_tipo:memory corruption,alta,asignada,2023-09-11,fecha_fuente_no_verificada_como_incidente,registro_vulnerabilidad,apple,,"ios, ipados, and macos",apple,4,False
apple,"ios, ipados, and watchos","apple ios, ipados, and watchos wallet code execution vulnerability",11/09/2023,medium/high,cisa,dos,denial_of_service,medium/high,430,d78a668c153da2c4a420,1faacca7328dd34eee20,False,Impact & Availability,cisa_tipo:dos,alta,asignada,2023-09-11,fecha_fuente_no_verificada_como_incidente,registro_vulnerabilidad,apple,,"ios, ipados, and watchos",apple,3,False
microsoft,streaming service proxy,microsoft streaming service proxy privilege escalation vulnerability,12/09/2023,high,cisa,use-after-free,use-after-free,high,428,332a8cff74cee9a645ad,a49a70747e77b5566c80,False,Memory & Software Safety,cisa_tipo:use-after-free,alta,asignada,2023-09-12,fecha_fuente_no_verificada_como_incidente,registro_vulnerabilidad,microsoft,,streaming service proxy,microsoft,4,False
microsoft,word,microsoft word information disclosure vulnerability,12/09/2023,medium,cisa,generic vulnerability,generic vulnerability,medium,427,d7a63ece76682b2fd9f1,b3288c59e89c28ceb788,False,Data Collection & Exfiltration,cisa_nombre:information disclosure|information leak|disclosure|exposure of|directory traversal|path traversal|path transversal|file inclusion|external control of file name|link following|improper link resolution|arbitrary file (read|download)|file download|file read|sensitive information,media,asignada,2023-09-12,fecha_fuente_no_verificada_como_incidente,registro_vulnerabilidad,microsoft,,word,microsoft,2,False
google,chromium webp,google chromium webp heap-based buffer overflow vulnerability,13/09/2023,high,cisa,out-of-bounds write,out-of-bounds write,high,426,22ec24803a4dbdfe6b19,2496f38695ebb70697ca,False,Memory & Software Safety,cisa_tipo:out-of-bounds write,alta,asignada,2023-09-13,fecha_fuente_no_verificada_como_incidente,registro_vulnerabilidad,google,,chromium webp,google,4,False
android,framework,android framework privilege escalation vulnerability,13/09/2023,high,cisa,privilege escalation,privilege escalation,high,424,757d3d9150a86345108e,e99c0160e465c7ae0fb0,False,"Identity, Access & Persistence",cisa_tipo:privilege escalation,alta,asignada,2023-09-13,fecha_fuente_no_verificada_como_incidente,registro_vulnerabilidad,android,,framework,android,4,False
cisco,adaptive security appliance and firepower threat defense,cisco adaptive security appliance and firepower threat defense unauthorized access vulnerability,13/09/2023,medium,cisa,generic vulnerability,generic vulnerability,medium,425,ce073104ade5b3bdaed9,24bd1cdfd8d69d7beeff,False,"Identity, Access & Persistence",cisa_nombre:authentication|authorization|unauthorized access|privilege|credentials?|password|hard.coded|access control|permission|ownership|improper isolation|sandbox escape|session fixation|security feature bypass|protection mechanism|improper certificate|certificate validation|missing encryption|cryptographic|signature verification|integrity check|integrity verification|unprotected alternate channel|protection of alternate|spoofing|inadequate encryption strength|insecure direct object reference|dll side.loading|dll hijacking|uncontrolled search path,media,asignada,2023-09-13,fecha_fuente_no_verificada_como_incidente,registro_vulnerabilidad,cisco,,adaptive security appliance and firepower threat defense,cisco,2,False
adobe,acrobat and reader,adobe acrobat and reader out-of-bounds write vulnerability,14/09/2023,high,cisa,out-of-bounds write,out-of-bounds write,high,423,4ca820699ac240c2a0e4,e7b51c2a1d3ed733a940,False,Memory & Software Safety,cisa_tipo:out-of-bounds write,alta,asignada,2023-09-14,fecha_fuente_no_verificada_como_incidente,registro_vulnerabilidad,adobe,,acrobat and reader,adobe,4,False
samsung,mobile devices,samsung mobile devices use-after-free vulnerability,18/09/2023,medium,cisa,generic vulnerability,generic vulnerability,medium,419,10e2665d171b5030ccf7,8525dbd3da0ab6d1696d,False,Memory & Software Safety,cisa_nombre:buffer overflow|memory corruption|out.of.bounds|use.after.free|type confusion|double.free|heap.based|stack.based|integer overflow|integer underflow|race condition|time.of.check|arbitrary read and write|uninitialized (memory|variable)|improper input validation|improper validation|improper resource (shutdown|release)|null pointer|memory initialization|memory leak|format string|untrusted pointer dereference|double dereference|out.of.range pointer|record corruption|insufficient (input|data) validation|invalid input|data validation|detection of error condition,media,asignada,2023-09-18,fecha_fuente_no_verificada_como_incidente,registro_vulnerabilidad,samsung,,mobile devices,samsung,2,False
laravel,ignition,laravel ignition file upload vulnerability,18/09/2023,medium,cisa,unspecified,unspecified,medium,422,5f96ca045a43ac829705,a0b00d4bbed100b08826,False,Code Execution & Injection,cisa_nombre:code execution|command execution|code injection|command injection|sql injection|injection|deserialization|cross.site scripting|xss|file upload|upload of|file type upload|embedded malicious code|download of code|arbitrary code|improper neutralization|improper escaping|server.side request forgery|request smuggling|http request splitting,media,asignada,2023-09-18,fecha_fuente_no_verificada_como_incidente,registro_vulnerabilidad,laravel,,ignition,laravel,2,False
realtek,sdk,realtek sdk improper input validation vulnerability,18/09/2023,medium,cisa,generic vulnerability,generic vulnerability,medium,420,d0b1a18b42a3852e077a,415b907458a305dfaa13,False,Memory & Software Safety,cisa_nombre:buffer overflow|memory corruption|out.of.bounds|use.after.free|type confusion|double.free|heap.based|stack.based|integer overflow|integer underflow|race condition|time.of.check|arbitrary read and write|uninitialized (memory|variable)|improper input validation|improper validation|improper resource (shutdown|release)|null pointer|memory initialization|memory leak|format string|untrusted pointer dereference|double dereference|out.of.range pointer|record corruption|insufficient (input|data) validation|invalid input|data validation|detection of error condition,media,asignada,2023-09-18,fecha_fuente_no_verificada_como_incidente,registro_vulnerabilidad,realtek,,sdk,realtek,2,False
zyxel,emg2926 routers,zyxel emg2926 routers command injection vulnerability,18/09/2023,high,cisa,injection,other_injection,high,421,e00ff72573c6bfac93d7,e286a2c792038e6c1b5b,False,Code Execution & Injection,cisa_tipo:injection,alta,asignada,2023-09-18,fecha_fuente_no_verificada_como_incidente,registro_vulnerabilidad,zyxel,,emg2926 routers,zyxel,4,False
minio,minio,minio security feature bypass vulnerability,19/09/2023,medium/high,cisa,authentication issues,authentication issues,medium/high,418,8b1862bbef2c72cf0ca2,18294dbff9e37e3b7ff4,False,"Identity, Access & Persistence",cisa_tipo:authentication issues,alta,asignada,2023-09-19,fecha_fuente_no_verificada_como_incidente,registro_vulnerabilidad,minio,,minio,minio,3,False
trend micro,apex one and worry-free business security,trend micro apex one and worry-free business security remote code execution vulnerability,21/09/2023,high,cisa,remote_code_execution,remote_code_execution,high,417,bceca6b23c10de5c5823,99b18dcc44856d7b5429,False,Code Execution & Injection,cisa_tipo:remote code execution,alta,asignada,2023-09-21,fecha_fuente_no_verificada_como_incidente,registro_vulnerabilidad,trend micro,,apex one and worry-free business security,trend micro,4,False
apple,multiple products,apple multiple products webkit code execution vulnerability,25/09/2023,high,cisa,remote_code_execution,remote_code_execution,high,416,548d3295ae5da42a9064,d447de999f8c0dbf0737,False,Code Execution & Injection,cisa_tipo:remote code execution,alta,asignada,2023-09-25,fecha_fuente_no_verificada_como_incidente,registro_vulnerabilidad,apple,,multiple products,apple,4,False
apple,multiple products,apple multiple products kernel privilege escalation vulnerability,25/09/2023,high,cisa,privilege escalation,privilege escalation,high,415,9c9a4942335985d57df9,a8590791d737d437bb5f,False,"Identity, Access & Persistence",cisa_tipo:privilege escalation,alta,asignada,2023-09-25,fecha_fuente_no_verificada_como_incidente,registro_vulnerabilidad,apple,,multiple products,apple,4,False
iaas,,credentials from password stores: cloud secrets management stores,25/09/2023,medium/high,mitre,credentials from password stores: cloud secrets management stores,credentials from password stores: cloud secrets management stores,medium/high,1559,b1400a077bf03aa7bd2f,7b3c3da6bb26d4e6a5f4,False,"Identity, Access & Persistence",mitre_parent:credentials from password stores,alta,asignada,2023-09-25,fecha_fuente_no_verificada_como_incidente,tecnica_mitre,,iaas,__NO_INFORMADO__,iaas,3,False
apple,multiple products,apple multiple products improper certificate validation vulnerability,25/09/2023,medium,cisa,generic vulnerability,generic vulnerability,medium,414,b904945179cb1979b7c3,20491517adaafa1ec186,False,"Identity, Access & Persistence",cisa_nombre:authentication|authorization|unauthorized access|privilege|credentials?|password|hard.coded|access control|permission|ownership|improper isolation|sandbox escape|session fixation|security feature bypass|protection mechanism|improper certificate|certificate validation|missing encryption|cryptographic|signature verification|integrity check|integrity verification|unprotected alternate channel|protection of alternate|spoofing|inadequate encryption strength|insecure direct object reference|dll side.loading|dll hijacking|uncontrolled search path,media,asignada,2023-09-25,fecha_fuente_no_verificada_como_incidente,registro_vulnerabilidad,apple,,multiple products,apple,2,False
"linux, macos",,masquerading: break process trees,27/09/2023,medium/high,mitre,masquerading: break process trees,masquerading: break process trees,medium/high,1789,c6cad6fc57cb7b9cf369,951710ba8bddda2cbf97,False,Reconnaissance & Attack Operations,mitre_parent:masquerading,alta,asignada,2023-09-27,fecha_fuente_no_verificada_como_incidente,tecnica_mitre,,"linux, macos",__NO_INFORMADO__,"linux, macos",3,False
red hat,jboss richfaces framework,red hat jboss richfaces framework expression language injection vulnerability,28/09/2023,high,cisa,injection,other_injection,high,413,35b50fa2b23c5c56dc46,344b03316bfabee39f0f,False,Code Execution & Injection,cisa_tipo:injection,alta,asignada,2023-09-28,fecha_fuente_no_verificada_como_incidente,registro_vulnerabilidad,red hat,,jboss richfaces framework,red hat,4,False
windows,,obfuscated files or information: lnk icon smuggling,29/09/2023,medium/high,mitre,obfuscated files or information: lnk icon smuggling,obfuscated files or information: lnk icon smuggling,medium/high,1856,5abd0d340c59fe88aa4b,a768f286f9b915d4a7c4,False,Reconnaissance & Attack Operations,mitre_parent:obfuscated files or information,alta,asignada,2023-09-29,fecha_fuente_no_verificada_como_incidente,tecnica_mitre,,windows,__NO_INFORMADO__,windows,3,False
google,chromium libvpx,google chromium libvpx heap buffer overflow vulnerability,02/10/2023,high,cisa,out-of-bounds write,out-of-bounds write,high,412,e331bdce76be918f9db4,1fee9411587e32e0dcdd,False,Memory & Software Safety,cisa_tipo:out-of-bounds write,alta,asignada,2023-10-02,fecha_fuente_no_verificada_como_incidente,registro_vulnerabilidad,google,,chromium libvpx,google,4,False
arm,mali gpu kernel driver,arm mali gpu kernel driver use-after-free vulnerability,03/10/2023,high,cisa,use-after-free,use-after-free,high,411,417dbd72231be61f2b0f,ab2101900700ef1bb44e,False,Memory & Software Safety,cisa_tipo:use-after-free,alta,asignada,2023-10-03,fecha_fuente_no_verificada_como_incidente,registro_vulnerabilidad,arm,,mali gpu kernel driver,arm,4,False
microsoft,windows cng key isolation service,microsoft windows cng key isolation service privilege escalation vulnerability,04/10/2023,high,cisa,privilege escalation,privilege escalation,high,410,57616e7cb3702e55c3d7,6064f7ecf0c043dd23e9,False,"Identity, Access & Persistence",cisa_tipo:privilege escalation,alta,asignada,2023-10-04,fecha_fuente_no_verificada_como_incidente,registro_vulnerabilidad,microsoft,,windows cng key isolation service,microsoft,4,False
jetbrains,teamcity,jetbrains teamcity authentication bypass vulnerability,04/10/2023,medium/high,cisa,authentication issues,authentication issues,medium/high,409,c8ade37c63ca1d352577,327633e4e7f8ccc561d6,False,"Identity, Access & Persistence",cisa_tipo:authentication issues,alta,asignada,2023-10-04,fecha_fuente_no_verificada_como_incidente,registro_vulnerabilidad,jetbrains,,teamcity,jetbrains,3,False
progress,ws_ftp server,progress ws_ftp server deserialization of untrusted data vulnerability,05/10/2023,high,cisa,insecure_deserialization,insecure_deserialization,high,407,0c45c690e0926527b905,2bb4b5a764f284451ea0,False,Code Execution & Injection,cisa_tipo:insecure deserialization,alta,asignada,2023-10-05,fecha_fuente_no_verificada_como_incidente,registro_vulnerabilidad,progress,,ws_ftp server,progress,4,False
atlassian,confluence data center and server,atlassian confluence data center and server broken access control vulnerability,05/10/2023,medium,cisa,unspecified,unspecified,medium,406,c040b54d91c7b02c283e,f153c665ea5ec03718b1,False,"Identity, Access & Persistence",cisa_nombre:authentication|authorization|unauthorized access|privilege|credentials?|password|hard.coded|access control|permission|ownership|improper isolation|sandbox escape|session fixation|security feature bypass|protection mechanism|improper certificate|certificate validation|missing encryption|cryptographic|signature verification|integrity check|integrity verification|unprotected alternate channel|protection of alternate|spoofing|inadequate encryption strength|insecure direct object reference|dll side.loading|dll hijacking|uncontrolled search path,media,asignada,2023-10-05,fecha_fuente_no_verificada_como_incidente,registro_vulnerabilidad,atlassian,,confluence data center and server,atlassian,2,False
apple,ios and ipados,apple ios and ipados kernel privilege escalation vulnerability,05/10/2023,medium/high,cisa,dos,denial_of_service,medium/high,408,fb77d7bd6e3e1d413fd4,b81bc0cb9198c8158d72,False,Impact & Availability,cisa_tipo:dos,alta,asignada,2023-10-05,fecha_fuente_no_verificada_como_incidente,registro_vulnerabilidad,apple,,ios and ipados,apple,3,False
adobe,acrobat and reader,adobe acrobat and reader use-after-free vulnerability,10/10/2023,high,cisa,use-after-free,use-after-free,high,401,2f5bff359b5e87c7a2d9,b20e5fc9c7d6dfb6bca4,False,Memory & Software Safety,cisa_tipo:use-after-free,alta,asignada,2023-10-10,fecha_fuente_no_verificada_como_incidente,registro_vulnerabilidad,adobe,,acrobat and reader,adobe,4,False
microsoft,skype for business,microsoft skype for business privilege escalation vulnerability,10/10/2023,high,cisa,privilege escalation,privilege escalation,high,403,56386e37b3b4df59e379,2fe33b9196244984a1c4,False,"Identity, Access & Persistence",cisa_tipo:privilege escalation,alta,asignada,2023-10-10,fecha_fuente_no_verificada_como_incidente,registro_vulnerabilidad,microsoft,,skype for business,microsoft,4,False
cisco,ios and ios xe,cisco ios and ios xe group encrypted transport vpn out-of-bounds write vulnerability,10/10/2023,high,cisa,out-of-bounds write,out-of-bounds write,high,402,bedf37d5ea718f25406a,7496043a2be581d37aae,False,Memory & Software Safety,cisa_tipo:out-of-bounds write,alta,asignada,2023-10-10,fecha_fuente_no_verificada_como_incidente,registro_vulnerabilidad,cisco,,ios and ios xe,cisco,4,False
ietf,http/2,http/2 rapid reset attack vulnerability,10/10/2023,medium/high,cisa,dos,denial_of_service,medium/high,405,eb4e056806f890780ab0,6a6a350dca609b009da8,False,Impact & Availability,cisa_tipo:dos,alta,asignada,2023-10-10,fecha_fuente_no_verificada_como_incidente,registro_vulnerabilidad,ietf,,http/2,ietf,3,False
microsoft,wordpad,microsoft wordpad information disclosure vulnerability,10/10/2023,medium,cisa,generic vulnerability,generic vulnerability,medium,404,f5722ef9e509513a7972,f52aecde656e0d6ca200,False,Data Collection & Exfiltration,cisa_nombre:information disclosure|information leak|disclosure|exposure of|directory traversal|path traversal|path transversal|file inclusion|external control of file name|link following|improper link resolution|arbitrary file (read|download)|file download|file read|sensitive information,media,asignada,2023-10-10,fecha_fuente_no_verificada_como_incidente,registro_vulnerabilidad,microsoft,,wordpad,microsoft,2,False
cisco,ios xe web ui,cisco ios xe web ui privilege escalation vulnerability,16/10/2023,high,cisa,privilege escalation,privilege escalation,high,400,bd0625bd16752b5f043c,8c366b0dd06a6e56a8bd,False,"Identity, Access & Persistence",cisa_tipo:privilege escalation,alta,asignada,2023-10-16,fecha_fuente_no_verificada_como_incidente,registro_vulnerabilidad,cisco,,ios xe web ui,cisco,4,False
citrix,netscaler adc and netscaler gateway,citrix netscaler adc and netscaler gateway buffer overflow vulnerability,18/10/2023,high,cisa,memory corruption,memory corruption,high,399,2c1be49784ebd7a720bd,8da49dc9b2cd94136a31,False,Memory & Software Safety,cisa_tipo:memory corruption,alta,asignada,2023-10-18,fecha_fuente_no_verificada_como_incidente,registro_vulnerabilidad,citrix,,netscaler adc and netscaler gateway,citrix,4,False
cisco,cisco ios xe web ui,cisco ios xe web ui command injection vulnerability,23/10/2023,high,cisa,injection,other_injection,high,398,3dc1e79563f11362b10b,494897efad1b0ae4a7d4,False,Code Execution & Injection,cisa_tipo:injection,alta,asignada,2023-10-23,fecha_fuente_no_verificada_como_incidente,registro_vulnerabilidad,cisco,,cisco ios xe web ui,cisco,4,False
roundcube,webmail,roundcube webmail persistent cross-site scripting (xss) vulnerability,26/10/2023,medium,cisa,xss,cross_site_scripting,medium,397,600dd8ad3cb6c1f698cf,011743d41ef9b290a771,False,Code Execution & Injection,cisa_tipo:xss,alta,asignada,2023-10-26,fecha_fuente_no_verificada_como_incidente,registro_vulnerabilidad,roundcube,,webmail,roundcube,2,False
f5,big-ip configuration utility,f5 big-ip configuration utility authentication bypass vulnerability,31/10/2023,medium/high,cisa,authentication issues,authentication issues,medium/high,396,31de48b4282e778b5d4b,834c9c4c7d296107a08c,False,"Identity, Access & Persistence",cisa_tipo:authentication issues,alta,asignada,2023-10-31,fecha_fuente_no_verificada_como_incidente,registro_vulnerabilidad,f5,,big-ip configuration utility,f5,3,False
f5,big-ip configuration utility,f5 big-ip configuration utility sql injection vulnerability,31/10/2023,high,cisa,injection,other_injection,high,395,b733690c6634af9589c5,97992d002b5b8e768c62,False,Code Execution & Injection,cisa_tipo:injection,alta,asignada,2023-10-31,fecha_fuente_no_verificada_como_incidente,registro_vulnerabilidad,f5,,big-ip configuration utility,f5,4,False
apache,activemq,apache activemq deserialization of untrusted data vulnerability,02/11/2023,high,cisa,insecure_deserialization,insecure_deserialization,high,394,17771e094153a720996b,4636faa0367216adcd38,False,Code Execution & Injection,cisa_tipo:insecure deserialization,alta,asignada,2023-11-02,fecha_fuente_no_verificada_como_incidente,registro_vulnerabilidad,apache,,activemq,apache,4,False
atlassian,confluence data center and server,atlassian confluence data center and server improper authorization vulnerability,07/11/2023,medium,cisa,generic vulnerability,generic vulnerability,medium,393,4c7e9536383894298bad,1bca5af508b99879e130,False,"Identity, Access & Persistence",cisa_nombre:authentication|authorization|unauthorized access|privilege|credentials?|password|hard.coded|access control|permission|ownership|improper isolation|sandbox escape|session fixation|security feature bypass|protection mechanism|improper certificate|certificate validation|missing encryption|cryptographic|signature verification|integrity check|integrity verification|unprotected alternate channel|protection of alternate|spoofing|inadequate encryption strength|insecure direct object reference|dll side.loading|dll hijacking|uncontrolled search path,media,asignada,2023-11-07,fecha_fuente_no_verificada_como_incidente,registro_vulnerabilidad,atlassian,,confluence data center and server,atlassian,2,False
ietf,service location protocol (slp),service location protocol (slp) denial-of-service vulnerability,08/11/2023,medium,cisa,unspecified,unspecified,medium,392,9f0ada3a14a0797e391f,4f996c61eb18bdace167,False,Impact & Availability,cisa_nombre:denial.of.service|resource exhaustion|infinite loop|uncontrolled resource consumption|data destruction|arbitrary file deletion,media,asignada,2023-11-08,fecha_fuente_no_verificada_como_incidente,registro_vulnerabilidad,ietf,,service location protocol (slp),ietf,2,False
juniper,junos os,juniper junos os ex series missing authentication for critical function vulnerability,13/11/2023,medium/high,cisa,authentication issues,authentication issues,medium/high,390,268f8fe8e661cdee30e0,3005d69e10e267109cce,False,"Identity, Access & Persistence",cisa_tipo:authentication issues,alta,asignada,2023-11-13,fecha_fuente_no_verificada_como_incidente,registro_vulnerabilidad,juniper,,junos os,juniper,3,False
juniper,junos os,juniper junos os ex series php external variable modification vulnerability,13/11/2023,medium,cisa,generic vulnerability,generic vulnerability,medium,387,822003c80cc0d94f8ab4,f506f1e3113515480e1f,False,,texto_insuficiente,pendiente,requiere_revision,2023-11-13,fecha_fuente_no_verificada_como_incidente,registro_vulnerabilidad,juniper,,junos os,juniper,2,False
sysaid,sysaid server,sysaid server path traversal vulnerability,13/11/2023,high,cisa,path_traversal,path_traversal,high,386,9b9a5ad19120e69f5da7,fc3844f29d617636296a,False,Data Collection & Exfiltration,cisa_tipo:path traversal,alta,asignada,2023-11-13,fecha_fuente_no_verificada_como_incidente,registro_vulnerabilidad,sysaid,,sysaid server,sysaid,4,False
juniper,junos os,juniper junos os ex series and srx series php external variable modification vulnerability,13/11/2023,medium,cisa,generic vulnerability,generic vulnerability,medium,388,ab90fd5c165ca542512d,d029d3f2754c9e911b29,False,,texto_insuficiente,pendiente,requiere_revision,2023-11-13,fecha_fuente_no_verificada_como_incidente,registro_vulnerabilidad,juniper,,junos os,juniper,2,False
juniper,junos os,juniper junos os srx series missing authentication for critical function vulnerability,13/11/2023,medium/high,cisa,authentication issues,authentication issues,medium/high,389,e366dd0ee12e26b63548,49a7d8b403451c7c9776,False,"Identity, Access & Persistence",cisa_tipo:authentication issues,alta,asignada,2023-11-13,fecha_fuente_no_verificada_como_incidente,registro_vulnerabilidad,juniper,,junos os,juniper,3,False
microsoft,windows,microsoft windows cloud files mini filter driver privilege escalation vulnerability,14/11/2023,high,cisa,privilege escalation,privilege escalation,high,385,5a774963d40cd7decc76,96f31d116995c2a32b3d,False,"Identity, Access & Persistence",cisa_tipo:privilege escalation,alta,asignada,2023-11-14,fecha_fuente_no_verificada_como_incidente,registro_vulnerabilidad,microsoft,,windows,microsoft,4,False
microsoft,windows,microsoft windows smartscreen security feature bypass vulnerability,14/11/2023,medium/high,cisa,authentication issues,authentication issues,medium/high,384,7d3768577e59cc1141d9,fc2b12212ef5af1089d8,False,"Identity, Access & Persistence",cisa_tipo:authentication issues,alta,asignada,2023-11-14,fecha_fuente_no_verificada_como_incidente,registro_vulnerabilidad,microsoft,,windows,microsoft,3,False
microsoft,windows,microsoft windows desktop window manager (dwm) core library privilege escalation vulnerability,14/11/2023,high,cisa,privilege escalation,privilege escalation,high,383,ae173ca379a9ae54f4a3,c81701bb2afec3022f10,False,"Identity, Access & Persistence",cisa_tipo:privilege escalation,alta,asignada,2023-11-14,fecha_fuente_no_verificada_como_incidente,registro_vulnerabilidad,microsoft,,windows,microsoft,4,False
microsoft,windows,microsoft windows mark of the web (motw) security feature bypass vulnerability,16/11/2023,medium/high,cisa,authentication issues,authentication issues,medium/high,380,04c151e3a3d40ab7d810,7d503880db66b4d5aa29,False,"Identity, Access & Persistence",cisa_tipo:authentication issues,alta,asignada,2023-11-16,fecha_fuente_no_verificada_como_incidente,registro_vulnerabilidad,microsoft,,windows,microsoft,3,False
sophos,web appliance,sophos web appliance command injection vulnerability,16/11/2023,high,cisa,injection,other_injection,high,381,50c58c8e756c9b0a4d0f,8ea87b918270dca93429,False,Code Execution & Injection,cisa_tipo:injection,alta,asignada,2023-11-16,fecha_fuente_no_verificada_como_incidente,registro_vulnerabilidad,sophos,,web appliance,sophos,4,False
oracle,fusion middleware,oracle fusion middleware unspecified vulnerability,16/11/2023,medium,cisa,unspecified,unspecified,medium,382,7652a2b9bec6a17612cd,b29f4002942b1199dfbb,False,,texto_insuficiente,pendiente,requiere_revision,2023-11-16,fecha_fuente_no_verificada_como_incidente,registro_vulnerabilidad,oracle,,fusion middleware,oracle,2,False
gnu,gnu c library,gnu c library buffer overflow vulnerability,21/11/2023,high,cisa,memory_corruption,buffer_overflow,high,379,ef41cdb708e060915eca,fa99a75fa3123e09a509,False,Memory & Software Safety,cisa_tipo:memory corruption,alta,asignada,2023-11-21,fecha_fuente_no_verificada_como_incidente,registro_vulnerabilidad,gnu,,gnu c library,gnu,4,False
owncloud,owncloud graphapi,owncloud graphapi information disclosure vulnerability,30/11/2023,medium,cisa,unspecified,unspecified,medium,378,22449aa026c692ffa273,000eb584369158a88c3d,False,Data Collection & Exfiltration,cisa_nombre:information disclosure|information leak|disclosure|exposure of|directory traversal|path traversal|path transversal|file inclusion|external control of file name|link following|improper link resolution|arbitrary file (read|download)|file download|file read|sensitive information,media,asignada,2023-11-30,fecha_fuente_no_verificada_como_incidente,registro_vulnerabilidad,owncloud,,owncloud graphapi,owncloud,2,False
google,chromium skia,google skia integer overflow vulnerability,30/11/2023,high,cisa,memory_corruption,buffer_overflow,high,377,b1916063a5a97c809260,35ecc33ba46e49555891,False,Memory & Software Safety,cisa_tipo:memory corruption,alta,asignada,2023-11-30,fecha_fuente_no_verificada_como_incidente,registro_vulnerabilidad,google,,chromium skia,google,4,False
apple,multiple products,apple multiple products webkit out-of-bounds read vulnerability,04/12/2023,medium,cisa,generic vulnerability,generic vulnerability,medium,376,472635c94f5ac88792c9,839b3e54c0985e5672a8,False,Memory & Software Safety,cisa_nombre:buffer overflow|memory corruption|out.of.bounds|use.after.free|type confusion|double.free|heap.based|stack.based|integer overflow|integer underflow|race condition|time.of.check|arbitrary read and write|uninitialized (memory|variable)|improper input validation|improper validation|improper resource (shutdown|release)|null pointer|memory initialization|memory leak|format string|untrusted pointer dereference|double dereference|out.of.range pointer|record corruption|insufficient (input|data) validation|invalid input|data validation|detection of error condition,media,asignada,2023-12-04,fecha_fuente_no_verificada_como_incidente,registro_vulnerabilidad,apple,,multiple products,apple,2,False
apple,multiple products,apple multiple products webkit memory corruption vulnerability,04/12/2023,high,cisa,out-of-bounds write,out-of-bounds write,high,375,eb67cf489337053d140a,b073e2d08a3b183a16fe,False,Memory & Software Safety,cisa_tipo:out-of-bounds write,alta,asignada,2023-12-04,fecha_fuente_no_verificada_como_incidente,registro_vulnerabilidad,apple,,multiple products,apple,4,False
qualcomm,multiple chipsets,qualcomm multiple chipsets use of out-of-range pointer offset vulnerability,05/12/2023,medium,cisa,generic vulnerability,generic vulnerability,medium,372,0ecf5ac2d59361058b9c,11db3f0ab905bc82b4fd,False,Memory & Software Safety,cisa_nombre:buffer overflow|memory corruption|out.of.bounds|use.after.free|type confusion|double.free|heap.based|stack.based|integer overflow|integer underflow|race condition|time.of.check|arbitrary read and write|uninitialized (memory|variable)|improper input validation|improper validation|improper resource (shutdown|release)|null pointer|memory initialization|memory leak|format string|untrusted pointer dereference|double dereference|out.of.range pointer|record corruption|insufficient (input|data) validation|invalid input|data validation|detection of error condition,media,asignada,2023-12-05,fecha_fuente_no_verificada_como_incidente,registro_vulnerabilidad,qualcomm,,multiple chipsets,qualcomm,2,False
qualcomm,multiple chipsets,qualcomm multiple chipsets use-after-free vulnerability,05/12/2023,high,cisa,use-after-free,use-after-free,high,373,5e87ea033d02d903bc3c,93a07cf9d17d5e170bf7,False,Memory & Software Safety,cisa_tipo:use-after-free,alta,asignada,2023-12-05,fecha_fuente_no_verificada_como_incidente,registro_vulnerabilidad,qualcomm,,multiple chipsets,qualcomm,4,False
qualcomm,multiple chipsets,qualcomm multiple chipsets integer overflow vulnerability,05/12/2023,high,cisa,memory_corruption,buffer_overflow,high,371,8254dc380a19b97f28d5,2142cc224005f2d237d0,False,Memory & Software Safety,cisa_tipo:memory corruption,alta,asignada,2023-12-05,fecha_fuente_no_verificada_como_incidente,registro_vulnerabilidad,qualcomm,,multiple chipsets,qualcomm,4,False
qlik,sense,qlik sense http tunneling vulnerability,07/12/2023,medium,cisa,generic vulnerability,generic vulnerability,medium,370,74862590a1847894a484,b75e9bb47fbb5b4dc7d1,False,Reconnaissance & Attack Operations,cisa_nombre:http tunneling,media,asignada,2023-12-07,fecha_fuente_no_verificada_como_incidente,registro_vulnerabilidad,qlik,,sense,qlik,2,False
qlik,sense,qlik sense path traversal vulnerability,07/12/2023,high,cisa,path_traversal,path_traversal,high,369,fe31a30b965ae6721b37,dbeacda8e3f9783e8fe4,False,Data Collection & Exfiltration,cisa_tipo:path traversal,alta,asignada,2023-12-07,fecha_fuente_no_verificada_como_incidente,registro_vulnerabilidad,qlik,,sense,qlik,4,False
unitronics,vision plc and hmi,unitronics vision plc and hmi insecure default password vulnerability,11/12/2023,medium,cisa,generic vulnerability,generic vulnerability,medium,368,0633d0cad8ca801e48a7,a0f5857fd6c44f972c28,False,"Identity, Access & Persistence",cisa_nombre:authentication|authorization|unauthorized access|privilege|credentials?|password|hard.coded|access control|permission|ownership|improper isolation|sandbox escape|session fixation|security feature bypass|protection mechanism|improper certificate|certificate validation|missing encryption|cryptographic|signature verification|integrity check|integrity verification|unprotected alternate channel|protection of alternate|spoofing|inadequate encryption strength|insecure direct object reference|dll side.loading|dll hijacking|uncontrolled search path,media,asignada,2023-12-11,fecha_fuente_no_verificada_como_incidente,registro_vulnerabilidad,unitronics,,vision plc and hmi,unitronics,2,False
fxc,"ae1021, ae1021pe","fxc ae1021, ae1021pe os command injection vulnerability",21/12/2023,high,cisa,injection,other_injection,high,366,0afaf78d3fc6085bada1,5b153665415f88f6eac7,False,Code Execution & Injection,cisa_tipo:injection,alta,asignada,2023-12-21,fecha_fuente_no_verificada_como_incidente,registro_vulnerabilidad,fxc,,"ae1021, ae1021pe",fxc,4,False
qnap,viostor nvr,qnap viostor nvr os command injection vulnerability,21/12/2023,high,cisa,injection,other_injection,high,367,e1691378d48b39f9e029,1c32b75e3940f1879f6d,False,Code Execution & Injection,cisa_tipo:injection,alta,asignada,2023-12-21,fecha_fuente_no_verificada_como_incidente,registro_vulnerabilidad,qnap,,viostor nvr,qnap,4,False
google,chromium webrtc,google chromium webrtc heap buffer overflow vulnerability,02/01/2024,high,cisa,out-of-bounds write,out-of-bounds write,high,365,6fa614509d66d837d124,760b882e58289cead5bc,False,Memory & Software Safety,cisa_tipo:out-of-bounds write,alta,asignada,2024-01-02,fecha_fuente_no_verificada_como_incidente,registro_vulnerabilidad,google,,chromium webrtc,google,4,False
spreadsheet::parseexcel,spreadsheet::parseexcel,spreadsheet::parseexcel remote code execution vulnerability,02/01/2024,high,cisa,injection,code_injection,high,364,85cf5fe002321aeee789,e4fbd3aec8c7c9fcadf2,False,Code Execution & Injection,cisa_tipo:injection,alta,asignada,2024-01-02,fecha_fuente_no_verificada_como_incidente,registro_vulnerabilidad,spreadsheet::parseexcel,,spreadsheet::parseexcel,spreadsheet::parseexcel,4,False
"iaas, identity provider",,modify authentication process: conditional access policies,02/01/2024,medium/high,mitre,modify authentication process: conditional access policies,modify authentication process: conditional access policies,medium/high,1801,b584123c69b16380c89e,2424f9559245b634a658,False,"Identity, Access & Persistence",mitre_parent:modify authentication process,alta,asignada,2024-01-02,fecha_fuente_no_verificada_como_incidente,tecnica_mitre,,"iaas, identity provider",__NO_INFORMADO__,"iaas, identity provider",3,False
d-link,dsl-2750b devices,d-link dsl-2750b devices command injection vulnerability,08/01/2024,high,cisa,injection,other_injection,high,359,368f27965defe34b2b3b,144970dc4910b4c5a2d9,False,Code Execution & Injection,cisa_tipo:injection,alta,asignada,2024-01-08,fecha_fuente_no_verificada_como_incidente,registro_vulnerabilidad,d-link,,dsl-2750b devices,d-link,4,False
adobe,coldfusion,adobe coldfusion deserialization of untrusted data vulnerability,08/01/2024,high,cisa,insecure_deserialization,insecure_deserialization,high,362,598325c2db1d53f14f67,96606c85c76191b448b6,False,Code Execution & Injection,cisa_tipo:insecure deserialization,alta,asignada,2024-01-08,fecha_fuente_no_verificada_como_incidente,registro_vulnerabilidad,adobe,,coldfusion,adobe,4,False
apple,multiple products,apple multiple products code execution vulnerability,08/01/2024,high,cisa,remote_code_execution,remote_code_execution,high,360,7c5700709a1385458f41,e1a2dc522fce063d3c2c,False,Code Execution & Injection,cisa_tipo:remote code execution,alta,asignada,2024-01-08,fecha_fuente_no_verificada_como_incidente,registro_vulnerabilidad,apple,,multiple products,apple,4,False
joomla!,joomla!,joomla! improper access control vulnerability,08/01/2024,medium,cisa,generic vulnerability,generic vulnerability,medium,358,7dbdf5769ced74b2af71,8e5fd34256a0a78cd1b4,False,"Identity, Access & Persistence",cisa_nombre:authentication|authorization|unauthorized access|privilege|credentials?|password|hard.coded|access control|permission|ownership|improper isolation|sandbox escape|session fixation|security feature bypass|protection mechanism|improper certificate|certificate validation|missing encryption|cryptographic|signature verification|integrity check|integrity verification|unprotected alternate channel|protection of alternate|spoofing|inadequate encryption strength|insecure direct object reference|dll side.loading|dll hijacking|uncontrolled search path,media,asignada,2024-01-08,fecha_fuente_no_verificada_como_incidente,registro_vulnerabilidad,joomla!,,joomla!,joomla!,2,False
apache,superset,apache superset insecure default initialization of resource vulnerability,08/01/2024,high,cisa,remote_code_execution,remote_code_execution,high,361,fd06ea32f5ef13d3758a,3a0d46580f2b526783c5,False,Code Execution & Injection,cisa_tipo:remote code execution,alta,asignada,2024-01-08,fecha_fuente_no_verificada_como_incidente,registro_vulnerabilidad,apache,,superset,apache,4,False
microsoft,sharepoint server,microsoft sharepoint server privilege escalation vulnerability,10/01/2024,high,cisa,privilege escalation,privilege escalation,high,355,1e2a996f64ea9d565f7a,4fa51e043f3dc3d0f4f1,False,"Identity, Access & Persistence",cisa_tipo:privilege escalation,alta,asignada,2024-01-10,fecha_fuente_no_verificada_como_incidente,registro_vulnerabilidad,microsoft,,sharepoint server,microsoft,4,False
ivanti,connect secure and policy secure,ivanti connect secure and policy secure command injection vulnerability,10/01/2024,high,cisa,injection,other_injection,high,357,4feee9631d8903e8bb4d,49ee0b6d865a82e320b8,False,Code Execution & Injection,cisa_tipo:injection,alta,asignada,2024-01-10,fecha_fuente_no_verificada_como_incidente,registro_vulnerabilidad,ivanti,,connect secure and policy secure,ivanti,4,False
ivanti,connect secure and policy secure,ivanti connect secure and policy secure authentication bypass vulnerability,10/01/2024,medium,cisa,authentication issues,authentication issues,medium,356,d7b9d74e8c65f3385a94,7a09fb1a47add98c5a85,False,"Identity, Access & Persistence",cisa_tipo:authentication issues,alta,asignada,2024-01-10,fecha_fuente_no_verificada_como_incidente,registro_vulnerabilidad,ivanti,,connect secure and policy secure,ivanti,2,False
laravel,laravel framework,laravel deserialization of untrusted data vulnerability,16/01/2024,high,cisa,insecure_deserialization,insecure_deserialization,high,354,8760202044d5fdc27788,27dd2fc189eec11e1378,False,Code Execution & Injection,cisa_tipo:insecure deserialization,alta,asignada,2024-01-16,fecha_fuente_no_verificada_como_incidente,registro_vulnerabilidad,laravel,,laravel framework,laravel,4,False
citrix,netscaler adc and netscaler gateway,citrix netscaler adc and netscaler gateway buffer overflow vulnerability,17/01/2024,high,cisa,memory corruption,memory corruption,high,352,451b989011910a4b07cb,8da49dc9b2cd94136a31,False,Memory & Software Safety,cisa_tipo:memory corruption,alta,asignada,2024-01-17,fecha_fuente_no_verificada_como_incidente,registro_vulnerabilidad,citrix,,netscaler adc and netscaler gateway,citrix,4,False
google,chromium v8,google chromium v8 out-of-bounds memory access vulnerability,17/01/2024,high,cisa,out-of-bounds write,out-of-bounds write,high,351,5586f16bf125d2569689,83d5816f271fe8f4c7a6,False,Memory & Software Safety,cisa_tipo:out-of-bounds write,alta,asignada,2024-01-17,fecha_fuente_no_verificada_como_incidente,registro_vulnerabilidad,google,,chromium v8,google,4,False
citrix,netscaler adc and netscaler gateway,citrix netscaler adc and netscaler gateway code injection vulnerability,17/01/2024,high,cisa,injection,other_injection,high,353,ff87bdf81ade3d85953a,69afe56596a81abe042e,False,Code Execution & Injection,cisa_tipo:injection,alta,asignada,2024-01-17,fecha_fuente_no_verificada_como_incidente,registro_vulnerabilidad,citrix,,netscaler adc and netscaler gateway,citrix,4,False
ivanti,endpoint manager mobile (epmm) and mobileiron core,ivanti endpoint manager mobile (epmm) and mobileiron core authentication bypass vulnerability,18/01/2024,medium,cisa,authentication issues,authentication issues,medium,350,21cf05561b177cf5b128,6628381824260a8de5da,False,"Identity, Access & Persistence",cisa_tipo:authentication issues,alta,asignada,2024-01-18,fecha_fuente_no_verificada_como_incidente,registro_vulnerabilidad,ivanti,,endpoint manager mobile (epmm) and mobileiron core,ivanti,2,False
vmware,vcenter server,vmware vcenter server out-of-bounds write vulnerability,22/01/2024,high,cisa,out-of-bounds write,out-of-bounds write,high,349,a555e0eb69500388b42b,913b4ee023169e21bada,False,Memory & Software Safety,cisa_tipo:out-of-bounds write,alta,asignada,2024-01-22,fecha_fuente_no_verificada_como_incidente,registro_vulnerabilidad,vmware,,vcenter server,vmware,4,False
apple,multiple products,apple multiple products webkit type confusion vulnerability,23/01/2024,high,cisa,type confusion,type confusion,high,348,d93412dad50dfcc1ba6a,ac01c63661926a83a2f6,False,Memory & Software Safety,cisa_tipo:type confusion,alta,asignada,2024-01-23,fecha_fuente_no_verificada_como_incidente,registro_vulnerabilidad,apple,,multiple products,apple,4,False
atlassian,confluence data center and server,atlassian confluence data center and server template injection vulnerability,24/01/2024,high,cisa,injection,other_injection,high,347,69118c195467bcaa6bee,40f9857451ceb39b4bac,False,Code Execution & Injection,cisa_tipo:injection,alta,asignada,2024-01-24,fecha_fuente_no_verificada_como_incidente,registro_vulnerabilidad,atlassian,,confluence data center and server,atlassian,4,False
ivanti,"connect secure, policy secure, and neurons","ivanti connect secure, policy secure, and neurons server-side request forgery (ssrf) vulnerability",31/01/2024,medium,cisa,generic vulnerability,generic vulnerability,medium,346,a8269f26e55d8538c87a,dbdbb05792c32c487529,False,Code Execution & Injection,cisa_nombre:code execution|command execution|code injection|command injection|sql injection|injection|deserialization|cross.site scripting|xss|file upload|upload of|file type upload|embedded malicious code|download of code|arbitrary code|improper neutralization|improper escaping|server.side request forgery|request smuggling|http request splitting,media,asignada,2024-01-31,fecha_fuente_no_verificada_como_incidente,registro_vulnerabilidad,ivanti,,"connect secure, policy secure, and neurons",ivanti,2,False
apple,multiple products,apple multiple products memory corruption vulnerability,31/01/2024,medium,cisa,generic vulnerability,generic vulnerability,medium,345,da66ddc7341463e6940e,408c0255b2c35a435ecc,False,Memory & Software Safety,cisa_nombre:buffer overflow|memory corruption|out.of.bounds|use.after.free|type confusion|double.free|heap.based|stack.based|integer overflow|integer underflow|race condition|time.of.check|arbitrary read and write|uninitialized (memory|variable)|improper input validation|improper validation|improper resource (shutdown|release)|null pointer|memory initialization|memory leak|format string|untrusted pointer dereference|double dereference|out.of.range pointer|record corruption|insufficient (input|data) validation|invalid input|data validation|detection of error condition,media,asignada,2024-01-31,fecha_fuente_no_verificada_como_incidente,registro_vulnerabilidad,apple,,multiple products,apple,2,False
google,chromium v8,google chromium v8 type confusion vulnerability,06/02/2024,high,cisa,type confusion,type confusion,high,344,7baacad807ab87090e0c,71182e2b82bca2d33474,False,Memory & Software Safety,cisa_tipo:type confusion,alta,asignada,2024-02-06,fecha_fuente_no_verificada_como_incidente,registro_vulnerabilidad,google,,chromium v8,google,4,False
windows,,system script proxy execution: syncappvpublishingserver,06/02/2024,medium/high,mitre,system script proxy execution: syncappvpublishingserver,system script proxy execution: syncappvpublishingserver,medium/high,2038,f6239553fda1f02b3402,a52a822996d336699698,False,Code Execution & Injection,mitre_parent:system script proxy execution,alta,asignada,2024-02-06,fecha_fuente_no_verificada_como_incidente,tecnica_mitre,,windows,__NO_INFORMADO__,windows,3,False
fortinet,fortios,fortinet fortios out-of-bound write vulnerability,09/02/2024,high,cisa,out-of-bounds write,out-of-bounds write,high,343,cd2f58e734da30548bb4,d6212b7658da400aa934,False,Memory & Software Safety,cisa_tipo:out-of-bounds write,alta,asignada,2024-02-09,fecha_fuente_no_verificada_como_incidente,registro_vulnerabilidad,fortinet,,fortios,fortinet,4,False
roundcube,webmail,roundcube webmail persistent cross-site scripting (xss) vulnerability,12/02/2024,medium,cisa,xss,cross_site_scripting,medium,342,1ac7667f220f2dc677a6,011743d41ef9b290a771,False,Code Execution & Injection,cisa_tipo:xss,alta,asignada,2024-02-12,fecha_fuente_no_verificada_como_incidente,registro_vulnerabilidad,roundcube,,webmail,roundcube,2,False
microsoft,windows,microsoft windows smartscreen security feature bypass vulnerability,13/02/2024,medium/high,cisa,authentication issues,authentication issues,medium/high,341,9143fbe609774f9a45ae,fc2b12212ef5af1089d8,False,"Identity, Access & Persistence",cisa_tipo:authentication issues,alta,asignada,2024-02-13,fecha_fuente_no_verificada_como_incidente,registro_vulnerabilidad,microsoft,,windows,microsoft,3,False
microsoft,windows,microsoft windows internet shortcut files security feature bypass vulnerability,13/02/2024,medium/high,cisa,authentication issues,authentication issues,medium/high,340,d61ebeb84b73843d9d79,14a6af590ca1f600f066,False,"Identity, Access & Persistence",cisa_tipo:authentication issues,alta,asignada,2024-02-13,fecha_fuente_no_verificada_como_incidente,registro_vulnerabilidad,microsoft,,windows,microsoft,3,False
"esxi, linux, network devices, windows, macos",,hide infrastructure,13/02/2024,low,mitre,hide infrastructure,hide infrastructure,low,1733,eeab029147c639e500bd,74869f0bc6c3af11cfdf,False,Reconnaissance & Attack Operations,mitre_parent:hide infrastructure,alta,asignada,2024-02-13,fecha_fuente_no_verificada_como_incidente,tecnica_mitre,,"esxi, linux, network devices, windows, macos",__NO_INFORMADO__,"esxi, linux, network devices, windows, macos",0,False
containers,,create or modify system process: container service,15/02/2024,medium/high,mitre,create or modify system process: container service,create or modify system process: container service,medium/high,1553,2ab26f42f9840cc9eb98,1fae108971f1456b0454,False,"Identity, Access & Persistence",mitre_parent:create or modify system process,alta,asignada,2024-02-15,fecha_fuente_no_verificada_como_incidente,tecnica_mitre,,containers,__NO_INFORMADO__,containers,3,False
microsoft,exchange server,microsoft exchange server privilege escalation vulnerability,15/02/2024,medium,cisa,authentication issues,authentication issues,medium,339,51cb44dfcae4f06b7ffc,352b16020d396d8b8e0b,False,"Identity, Access & Persistence",cisa_tipo:authentication issues,alta,asignada,2024-02-15,fecha_fuente_no_verificada_como_incidente,registro_vulnerabilidad,microsoft,,exchange server,microsoft,2,False
cisco,adaptive security appliance (asa) and firepower threat defense (ftd),cisco asa and ftd information disclosure vulnerability,15/02/2024,medium,cisa,information disclosure,information disclosure,medium,338,f78984fe5b031b8a00f2,14e1e1f913ec8642c9fc,False,Data Collection & Exfiltration,cisa_tipo:information disclosure,alta,asignada,2024-02-15,fecha_fuente_no_verificada_como_incidente,registro_vulnerabilidad,cisco,,adaptive security appliance (asa) and firepower threat defense (ftd),cisco,2,False
connectwise,screenconnect,connectwise screenconnect authentication bypass vulnerability,22/02/2024,medium/high,cisa,authentication issues,authentication issues,medium/high,337,159ead233505343d5c53,c95c5b3134c8624c2875,False,"Identity, Access & Persistence",cisa_tipo:authentication issues,alta,asignada,2024-02-22,fecha_fuente_no_verificada_como_incidente,registro_vulnerabilidad,connectwise,,screenconnect,connectwise,3,False
microsoft,streaming service,microsoft streaming service untrusted pointer dereference vulnerability,29/02/2024,medium,cisa,generic vulnerability,generic vulnerability,medium,336,5a2b34fd034c2294f298,3eef221fc906c9e5f7d6,False,Memory & Software Safety,cisa_nombre:buffer overflow|memory corruption|out.of.bounds|use.after.free|type confusion|double.free|heap.based|stack.based|integer overflow|integer underflow|race condition|time.of.check|arbitrary read and write|uninitialized (memory|variable)|improper input validation|improper validation|improper resource (shutdown|release)|null pointer|memory initialization|memory leak|format string|untrusted pointer dereference|double dereference|out.of.range pointer|record corruption|insufficient (input|data) validation|invalid input|data validation|detection of error condition,media,asignada,2024-02-29,fecha_fuente_no_verificada_como_incidente,registro_vulnerabilidad,microsoft,,streaming service,microsoft,2,False
microsoft,windows,microsoft windows kernel exposed ioctl with insufficient access control vulnerability,04/03/2024,medium,cisa,generic vulnerability,generic vulnerability,medium,335,fec22115631e04803f0c,28852a02a6143b863669,False,"Identity, Access & Persistence",cisa_nombre:authentication|authorization|unauthorized access|privilege|credentials?|password|hard.coded|access control|permission|ownership|improper isolation|sandbox escape|session fixation|security feature bypass|protection mechanism|improper certificate|certificate validation|missing encryption|cryptographic|signature verification|integrity check|integrity verification|unprotected alternate channel|protection of alternate|spoofing|inadequate encryption strength|insecure direct object reference|dll side.loading|dll hijacking|uncontrolled search path,media,asignada,2024-03-04,fecha_fuente_no_verificada_como_incidente,registro_vulnerabilidad,microsoft,,windows,microsoft,2,False
android,pixel,android pixel information disclosure vulnerability,05/03/2024,medium,cisa,information disclosure,information disclosure,medium,333,b74101e1c09ec67da7bb,73adcdcf6c0a10a925ae,False,Data Collection & Exfiltration,cisa_tipo:information disclosure,alta,asignada,2024-03-05,fecha_fuente_no_verificada_como_incidente,registro_vulnerabilidad,android,,pixel,android,2,False
sunhillo,sureline,sunhillo sureline os command injection vulnerablity,05/03/2024,high,cisa,injection,other_injection,high,334,cfa4209be0f0cbfaba1c,3bf8af6ac30169369a35,False,Code Execution & Injection,cisa_tipo:injection,alta,asignada,2024-03-05,fecha_fuente_no_verificada_como_incidente,registro_vulnerabilidad,sunhillo,,sureline,sunhillo,4,False
apple,multiple products,apple multiple products memory corruption vulnerability,06/03/2024,high,cisa,out-of-bounds write,out-of-bounds write,high,331,192a3b8b62bc83822bd5,408c0255b2c35a435ecc,False,Memory & Software Safety,cisa_tipo:out-of-bounds write,alta,asignada,2024-03-06,fecha_fuente_no_verificada_como_incidente,registro_vulnerabilidad,apple,,multiple products,apple,4,False
"linux, windows, macos",,system binary proxy execution: electron applications,07/03/2024,medium/high,mitre,system binary proxy execution: electron applications,system binary proxy execution: electron applications,medium/high,2017,4a8a419a14807f3fb404,79c962ae997e4a460e67,False,Code Execution & Injection,mitre_parent:system binary proxy execution,alta,asignada,2024-03-07,fecha_fuente_no_verificada_como_incidente,tecnica_mitre,,"linux, windows, macos",__NO_INFORMADO__,"linux, windows, macos",3,False
jetbrains,teamcity,jetbrains teamcity authentication bypass vulnerability,07/03/2024,medium/high,cisa,authentication issues,authentication issues,medium/high,330,ca7726e537607f44a248,327633e4e7f8ccc561d6,False,"Identity, Access & Persistence",cisa_tipo:authentication issues,alta,asignada,2024-03-07,fecha_fuente_no_verificada_como_incidente,registro_vulnerabilidad,jetbrains,,teamcity,jetbrains,3,False
pre,,obtain capabilities: artificial intelligence,11/03/2024,medium,mitre,obtain capabilities: artificial intelligence,obtain capabilities: artificial intelligence,medium,1863,525110f7a4c72d958916,8fdfb881991f2e1f1217,False,Reconnaissance & Attack Operations,mitre_parent:obtain capabilities,alta,asignada,2024-03-11,fecha_fuente_no_verificada_como_incidente,tecnica_mitre,,pre,__NO_INFORMADO__,pre,2,False
macos,,abuse elevation control mechanism: tcc manipulation,21/03/2024,medium/high,mitre,abuse elevation control mechanism: tcc manipulation,abuse elevation control mechanism: tcc manipulation,medium/high,1424,f4783b590b7182b31347,be7e93d7341dd7a652cb,False,"Identity, Access & Persistence",mitre_parent:abuse elevation control mechanism,alta,asignada,2024-03-21,fecha_fuente_no_verificada_como_incidente,tecnica_mitre,,macos,__NO_INFORMADO__,macos,3,False
fortinet,forticlient ems,fortinet forticlient ems sql injection vulnerability,25/03/2024,high,cisa,injection,other_injection,high,329,00169434afd44ea546f2,67d7ac7841b0ab8ac387,False,Code Execution & Injection,cisa_tipo:injection,alta,asignada,2024-03-25,fecha_fuente_no_verificada_como_incidente,registro_vulnerabilidad,fortinet,,forticlient ems,fortinet,4,False
nice,linear emerge e3-series,nice linear emerge e3-series os command injection vulnerability,25/03/2024,high,cisa,injection,other_injection,high,327,6d3bda36a268c0ef5175,f169e020c893ef32e3be,False,Code Execution & Injection,cisa_tipo:injection,alta,asignada,2024-03-25,fecha_fuente_no_verificada_como_incidente,registro_vulnerabilidad,nice,,linear emerge e3-series,nice,4,False
ivanti,endpoint manager cloud service appliance (epm csa),ivanti endpoint manager cloud service appliance (epm csa) code injection vulnerability,25/03/2024,high,cisa,injection,other_injection,high,328,814a9e54369ae337243d,dcff875d87a1599cb52e,False,Code Execution & Injection,cisa_tipo:injection,alta,asignada,2024-03-25,fecha_fuente_no_verificada_como_incidente,registro_vulnerabilidad,ivanti,,endpoint manager cloud service appliance (epm csa),ivanti,4,False
microsoft,sharepoint server,microsoft sharepoint server code injection vulnerability,26/03/2024,high,cisa,injection,other_injection,high,326,9c924cf0f568280e7eb8,8f1cad9a1df6a17ca433,False,Code Execution & Injection,cisa_tipo:injection,alta,asignada,2024-03-26,fecha_fuente_no_verificada_como_incidente,registro_vulnerabilidad,microsoft,,sharepoint server,microsoft,4,False
pre,,compromise infrastructure: network devices,28/03/2024,medium,mitre,compromise infrastructure: network devices,compromise infrastructure: network devices,medium,1540,62eb09cfe2f9b3f8ddd7,0aea8129fc8658b30dad,False,Reconnaissance & Attack Operations,mitre_parent:compromise infrastructure,alta,asignada,2024-03-28,fecha_fuente_no_verificada_como_incidente,tecnica_mitre,,pre,__NO_INFORMADO__,pre,2,False
windows,,hijack execution flow: appdomainmanager,28/03/2024,medium/high,mitre,hijack execution flow: appdomainmanager,hijack execution flow: appdomainmanager,medium/high,1735,e078dcda5b8222e7bf15,01f061e0e072fa66c5cd,False,"Identity, Access & Persistence",mitre_parent:hijack execution flow,alta,asignada,2024-03-28,fecha_fuente_no_verificada_como_incidente,tecnica_mitre,,windows,__NO_INFORMADO__,windows,3,False
"linux, windows, macos",,hide artifacts: file/path exclusions,29/03/2024,medium/high,mitre,hide artifacts: file/path exclusions,hide artifacts: file/path exclusions,medium/high,1722,4bba13faa26ce577e687,9593e2bf9cfd4f6c6e18,False,Reconnaissance & Attack Operations,mitre_parent:hide artifacts,alta,asignada,2024-03-29,fecha_fuente_no_verificada_como_incidente,tecnica_mitre,,"linux, windows, macos",__NO_INFORMADO__,"linux, windows, macos",3,False
"linux, windows, macos",,obfuscated files or information: encrypted/encoded file,29/03/2024,medium/high,mitre,obfuscated files or information: encrypted/encoded file,obfuscated files or information: encrypted/encoded file,medium/high,1851,50c8de9312cd75f34b8d,f5afbc971d9008f013f1,False,Reconnaissance & Attack Operations,mitre_parent:obfuscated files or information,alta,asignada,2024-03-29,fecha_fuente_no_verificada_como_incidente,tecnica_mitre,,"linux, windows, macos",__NO_INFORMADO__,"linux, windows, macos",3,False
windows,,command and scripting interpreter: autohotkey & autoit,29/03/2024,high,mitre,command and scripting interpreter: autohotkey & autoit,command and scripting interpreter: autohotkey & autoit,high,1519,e4d41cba1213c187eaa4,8d85608c177821d2986e,False,Code Execution & Injection,mitre_parent:command and scripting interpreter,alta,asignada,2024-03-29,fecha_fuente_no_verificada_como_incidente,tecnica_mitre,,windows,__NO_INFORMADO__,windows,4,False
android,pixel,android pixel privilege escalation vulnerability,04/04/2024,high,cisa,privilege escalation,privilege escalation,high,324,e0eca2518c055115ba4e,8dc92111dd33e8f0fc71,False,"Identity, Access & Persistence",cisa_tipo:privilege escalation,alta,asignada,2024-04-04,fecha_fuente_no_verificada_como_incidente,registro_vulnerabilidad,android,,pixel,android,4,False
android,pixel,android pixel information disclosure vulnerability,04/04/2024,medium,cisa,generic vulnerability,generic vulnerability,medium,325,fa1b40f0f51622634cbc,73adcdcf6c0a10a925ae,False,Data Collection & Exfiltration,cisa_nombre:information disclosure|information leak|disclosure|exposure of|directory traversal|path traversal|path transversal|file inclusion|external control of file name|link following|improper link resolution|arbitrary file (read|download)|file download|file read|sensitive information,media,asignada,2024-04-04,fecha_fuente_no_verificada_como_incidente,registro_vulnerabilidad,android,,pixel,android,2,False
d-link,multiple nas devices,d-link multiple nas devices command injection vulnerability,11/04/2024,high,cisa,injection,other_injection,high,322,840a9ce2ef24168154b4,faac01fd9dab374e524b,False,Code Execution & Injection,cisa_tipo:injection,alta,asignada,2024-04-11,fecha_fuente_no_verificada_como_incidente,registro_vulnerabilidad,d-link,,multiple nas devices,d-link,4,False
d-link,multiple nas devices,d-link multiple nas devices use of hard-coded credentials vulnerability,11/04/2024,medium,cisa,xss,cross_site_scripting,medium,323,dc2f649395b31ead1444,a9d2d51db866cb606e21,False,Code Execution & Injection,cisa_tipo:xss,alta,asignada,2024-04-11,fecha_fuente_no_verificada_como_incidente,registro_vulnerabilidad,d-link,,multiple nas devices,d-link,2,False
palo alto networks,pan-os,palo alto networks pan-os command injection vulnerability,12/04/2024,high,cisa,injection,other_injection,high,321,213ac43d6d1ecd131937,999635c08f478a2f9df0,False,Code Execution & Injection,cisa_tipo:injection,alta,asignada,2024-04-12,fecha_fuente_no_verificada_como_incidente,registro_vulnerabilidad,palo alto networks,,pan-os,palo alto networks,4,False
microsoft,windows,microsoft windows print spooler privilege escalation vulnerability,23/04/2024,high,cisa,privilege escalation,privilege escalation,high,320,2a1f25a71e75558127cb,f3de0dd8ffb820a43a49,False,"Identity, Access & Persistence",cisa_tipo:privilege escalation,alta,asignada,2024-04-23,fecha_fuente_no_verificada_como_incidente,registro_vulnerabilidad,microsoft,,windows,microsoft,4,False
crushftp,crushftp,crushftp vfs sandbox escape vulnerability,24/04/2024,medium,cisa,generic vulnerability,generic vulnerability,medium,317,abb5884dfa2c9c0b5ed0,80f9febd60b94617d11e,False,"Identity, Access & Persistence",cisa_nombre:authentication|authorization|unauthorized access|privilege|credentials?|password|hard.coded|access control|permission|ownership|improper isolation|sandbox escape|session fixation|security feature bypass|protection mechanism|improper certificate|certificate validation|missing encryption|cryptographic|signature verification|integrity check|integrity verification|unprotected alternate channel|protection of alternate|spoofing|inadequate encryption strength|insecure direct object reference|dll side.loading|dll hijacking|uncontrolled search path,media,asignada,2024-04-24,fecha_fuente_no_verificada_como_incidente,registro_vulnerabilidad,crushftp,,crushftp,crushftp,2,False
cisco,adaptive security appliance (asa) and firepower threat defense (ftd),cisco asa and ftd denial of service vulnerability,24/04/2024,medium/high,cisa,dos,denial_of_service,medium/high,319,d1ffdca95a0e2d0579eb,f35f611fd377f75d79ba,False,Impact & Availability,cisa_tipo:dos,alta,asignada,2024-04-24,fecha_fuente_no_verificada_como_incidente,registro_vulnerabilidad,cisco,,adaptive security appliance (asa) and firepower threat defense (ftd),cisco,3,False
cisco,adaptive security appliance (asa) and firepower threat defense (ftd),cisco asa and ftd privilege escalation vulnerability,24/04/2024,high,cisa,privilege escalation,privilege escalation,high,318,ecaba1cc30982725b6d1,9accf238456a3e054e1a,False,"Identity, Access & Persistence",cisa_tipo:privilege escalation,alta,asignada,2024-04-24,fecha_fuente_no_verificada_como_incidente,registro_vulnerabilidad,cisco,,adaptive security appliance (asa) and firepower threat defense (ftd),cisco,4,False
microsoft,smartscreen prompt,microsoft smartscreen prompt security feature bypass vulnerability,30/04/2024,medium/high,cisa,authentication issues,authentication issues,medium/high,316,e26725315637fa1985e8,a134a53953443b370d4b,False,"Identity, Access & Persistence",cisa_tipo:authentication issues,alta,asignada,2024-04-30,fecha_fuente_no_verificada_como_incidente,registro_vulnerabilidad,microsoft,,smartscreen prompt,microsoft,3,False
gitlab,gitlab ce/ee,gitlab community and enterprise editions improper access control vulnerability,01/05/2024,medium,cisa,generic vulnerability,generic vulnerability,medium,315,7ea44a1454b73844bf9b,dfdd954f5d13a8ae1883,False,"Identity, Access & Persistence",cisa_nombre:authentication|authorization|unauthorized access|privilege|credentials?|password|hard.coded|access control|permission|ownership|improper isolation|sandbox escape|session fixation|security feature bypass|protection mechanism|improper certificate|certificate validation|missing encryption|cryptographic|signature verification|integrity check|integrity verification|unprotected alternate channel|protection of alternate|spoofing|inadequate encryption strength|insecure direct object reference|dll side.loading|dll hijacking|uncontrolled search path,media,asignada,2024-05-01,fecha_fuente_no_verificada_como_incidente,registro_vulnerabilidad,gitlab,,gitlab ce/ee,gitlab,2,False
google,chromium,google chromium visuals use-after-free vulnerability,13/05/2024,high,cisa,use-after-free,use-after-free,high,314,ac4da6067b6f1bf76d90,0e900d1b8130c4a09cfe,False,Memory & Software Safety,cisa_tipo:use-after-free,alta,asignada,2024-05-13,fecha_fuente_no_verificada_como_incidente,registro_vulnerabilidad,google,,chromium,google,4,False
microsoft,dwm core library,microsoft dwm core library privilege escalation vulnerability,14/05/2024,high,cisa,privilege escalation,privilege escalation,high,313,5c9195aa584cdce18241,1180b1cd8dc8f38260ed,False,"Identity, Access & Persistence",cisa_tipo:privilege escalation,alta,asignada,2024-05-14,fecha_fuente_no_verificada_como_incidente,registro_vulnerabilidad,microsoft,,dwm core library,microsoft,4,False
microsoft,windows,microsoft windows mshtml platform security feature bypass vulnerability,14/05/2024,medium/high,cisa,authentication issues,authentication issues,medium/high,312,dc7ab5e8b09ad3302885,67cae9aa3bd647286e14,False,"Identity, Access & Persistence",cisa_tipo:authentication issues,alta,asignada,2024-05-14,fecha_fuente_no_verificada_como_incidente,registro_vulnerabilidad,microsoft,,windows,microsoft,3,False
d-link,dir-600 router,d-link dir-600 router cross-site request forgery (csrf) vulnerability,16/05/2024,medium,cisa,csrf,cross_site_request_forgery,medium,311,0e2c5dce0c597475d320,6eccc3b2738ef0fb8984,False,"Identity, Access & Persistence",cisa_tipo:csrf,alta,asignada,2024-05-16,fecha_fuente_no_verificada_como_incidente,registro_vulnerabilidad,d-link,,dir-600 router,d-link,2,False
google,chromium v8,google chromium v8 out-of-bounds memory write vulnerability,16/05/2024,high,cisa,out-of-bounds write,out-of-bounds write,high,309,4fe8164deb4a91b8d78e,98333e41d843381dd55d,False,Memory & Software Safety,cisa_tipo:out-of-bounds write,alta,asignada,2024-05-16,fecha_fuente_no_verificada_como_incidente,registro_vulnerabilidad,google,,chromium v8,google,4,False
d-link,dir-605 router,d-link dir-605 router information disclosure vulnerability,16/05/2024,medium,cisa,generic vulnerability,generic vulnerability,medium,310,f5014c466452b91f8dc3,d6e7c4a32c4f205cfdfc,False,Data Collection & Exfiltration,cisa_nombre:information disclosure|information leak|disclosure|exposure of|directory traversal|path traversal|path transversal|file inclusion|external control of file name|link following|improper link resolution|arbitrary file (read|download)|file download|file read|sensitive information,media,asignada,2024-05-16,fecha_fuente_no_verificada_como_incidente,registro_vulnerabilidad,d-link,,dir-605 router,d-link,2,False
google,chromium v8,google chromium v8 type confusion vulnerability,20/05/2024,high,cisa,type confusion,type confusion,high,307,641bcbff40b7c842adfb,71182e2b82bca2d33474,False,Memory & Software Safety,cisa_tipo:type confusion,alta,asignada,2024-05-20,fecha_fuente_no_verificada_como_incidente,registro_vulnerabilidad,google,,chromium v8,google,4,False
nextgen healthcare,mirth connect,nextgen healthcare mirth connect deserialization of untrusted data vulnerability,20/05/2024,high,cisa,insecure_deserialization,insecure_deserialization,high,308,b24d7246af9b8bdb6a7a,f64fde542114563946de,False,Code Execution & Injection,cisa_tipo:insecure deserialization,alta,asignada,2024-05-20,fecha_fuente_no_verificada_como_incidente,registro_vulnerabilidad,nextgen healthcare,,mirth connect,nextgen healthcare,4,False
apache,flink,apache flink improper access control vulnerability,23/05/2024,medium,cisa,generic vulnerability,generic vulnerability,medium,306,cfd9bad1fa48141bd49c,c08327b129dfe08656a1,False,"Identity, Access & Persistence",cisa_nombre:authentication|authorization|unauthorized access|privilege|credentials?|password|hard.coded|access control|permission|ownership|improper isolation|sandbox escape|session fixation|security feature bypass|protection mechanism|improper certificate|certificate validation|missing encryption|cryptographic|signature verification|integrity check|integrity verification|unprotected alternate channel|protection of alternate|spoofing|inadequate encryption strength|insecure direct object reference|dll side.loading|dll hijacking|uncontrolled search path,media,asignada,2024-05-23,fecha_fuente_no_verificada_como_incidente,registro_vulnerabilidad,apache,,flink,apache,2,False
google,chromium v8,google chromium v8 type confusion vulnerability,28/05/2024,high,cisa,type confusion,type confusion,high,305,1fbe5977fbff03e20d59,71182e2b82bca2d33474,False,Memory & Software Safety,cisa_tipo:type confusion,alta,asignada,2024-05-28,fecha_fuente_no_verificada_como_incidente,registro_vulnerabilidad,google,,chromium v8,google,4,False
justice av solutions,viewer,justice av solutions (javs) viewer installer embedded malicious code vulnerability,29/05/2024,medium,cisa,generic vulnerability,generic vulnerability,medium,304,d5c1428046a7f61034fd,62b5e99a72b030a53c2f,False,Code Execution & Injection,cisa_nombre:code execution|command execution|code injection|command injection|sql injection|injection|deserialization|cross.site scripting|xss|file upload|upload of|file type upload|embedded malicious code|download of code|arbitrary code|improper neutralization|improper escaping|server.side request forgery|request smuggling|http request splitting,media,asignada,2024-05-29,fecha_fuente_no_verificada_como_incidente,registro_vulnerabilidad,justice av solutions,,viewer,justice av solutions,2,False
check point,quantum security gateways,check point quantum security gateways information disclosure vulnerability,30/05/2024,medium,cisa,information disclosure,information disclosure,medium,303,3f1807cec23aa4c4781d,adc77472d35296fc4c95,False,Data Collection & Exfiltration,cisa_tipo:information disclosure,alta,asignada,2024-05-30,fecha_fuente_no_verificada_como_incidente,registro_vulnerabilidad,check point,,quantum security gateways,check point,2,False
linux,kernel,linux kernel use-after-free vulnerability,30/05/2024,high,cisa,use-after-free,use-after-free,high,302,70d2955b0ccb476023ff,ac5520649b3050b24705,False,Memory & Software Safety,cisa_tipo:use-after-free,alta,asignada,2024-05-30,fecha_fuente_no_verificada_como_incidente,registro_vulnerabilidad,linux,,kernel,linux,4,False
"linux, network devices, windows, macos",,indicator removal: relocate malware,31/05/2024,medium/high,mitre,indicator removal: relocate malware,indicator removal: relocate malware,medium/high,1770,70038ef7941ac5e28066,9dfaeb2918cd55faa09b,False,Reconnaissance & Attack Operations,mitre_parent:indicator removal,alta,asignada,2024-05-31,fecha_fuente_no_verificada_como_incidente,tecnica_mitre,,"linux, network devices, windows, macos",__NO_INFORMADO__,"linux, network devices, windows, macos",3,False
oracle,weblogic server,oracle weblogic server os command injection vulnerability,03/06/2024,high,cisa,injection,other_injection,high,301,c5a1e03f7f6b4018e8ae,ff5b0354cd081126d1d1,False,Code Execution & Injection,cisa_tipo:injection,alta,asignada,2024-06-03,fecha_fuente_no_verificada_como_incidente,registro_vulnerabilidad,oracle,,weblogic server,oracle,4,False
php group,php,php-cgi os command injection vulnerability,12/06/2024,high,cisa,injection,other_injection,high,299,2e7f8ec836ec5795500e,a7beb0f1d385764758a1,False,Code Execution & Injection,cisa_tipo:injection,alta,asignada,2024-06-12,fecha_fuente_no_verificada_como_incidente,registro_vulnerabilidad,php group,,php,php group,4,False
arm,mali gpu kernel driver,arm mali gpu kernel driver use-after-free vulnerability,12/06/2024,high,cisa,use-after-free,use-after-free,high,300,46852e3a1844b6dcaa00,ab2101900700ef1bb44e,False,Memory & Software Safety,cisa_tipo:use-after-free,alta,asignada,2024-06-12,fecha_fuente_no_verificada_como_incidente,registro_vulnerabilidad,arm,,mali gpu kernel driver,arm,4,False
microsoft,windows,microsoft windows error reporting service improper privilege management vulnerability,13/06/2024,medium,cisa,generic vulnerability,generic vulnerability,medium,297,062dbfa8ebb98fa4712f,0d64ef1ac26341f115b6,False,"Identity, Access & Persistence",cisa_nombre:authentication|authorization|unauthorized access|privilege|credentials?|password|hard.coded|access control|permission|ownership|improper isolation|sandbox escape|session fixation|security feature bypass|protection mechanism|improper certificate|certificate validation|missing encryption|cryptographic|signature verification|integrity check|integrity verification|unprotected alternate channel|protection of alternate|spoofing|inadequate encryption strength|insecure direct object reference|dll side.loading|dll hijacking|uncontrolled search path,media,asignada,2024-06-13,fecha_fuente_no_verificada_como_incidente,registro_vulnerabilidad,microsoft,,windows,microsoft,2,False
android,pixel,android pixel privilege escalation vulnerability,13/06/2024,high,cisa,privilege escalation,privilege escalation,high,298,54258b9b6721a8d70042,8dc92111dd33e8f0fc71,False,"Identity, Access & Persistence",cisa_tipo:privilege escalation,alta,asignada,2024-06-13,fecha_fuente_no_verificada_como_incidente,registro_vulnerabilidad,android,,pixel,android,4,False
progress,telerik report server,progress telerik report server authentication bypass by spoofing vulnerability,13/06/2024,medium/high,cisa,authentication issues,authentication issues,medium/high,296,92e56478be0802762b38,fb246cd20aad331ffed3,False,"Identity, Access & Persistence",cisa_tipo:authentication issues,alta,asignada,2024-06-13,fecha_fuente_no_verificada_como_incidente,registro_vulnerabilidad,progress,,telerik report server,progress,3,False
osgeo,jai-ext,osgeo geoserver jai-ext code injection vulnerability,26/06/2024,high,cisa,injection,other_injection,high,295,2bfff43c54826e292663,4eea758cacb585caf088,False,Code Execution & Injection,cisa_tipo:injection,alta,asignada,2024-06-26,fecha_fuente_no_verificada_como_incidente,registro_vulnerabilidad,osgeo,,jai-ext,osgeo,4,False
roundcube,webmail,roundcube webmail cross-site scripting (xss) vulnerability,26/06/2024,high,cisa,xss,cross_site_scripting,high,293,dfedb61629ea3b2767ad,e46a0fbd5c724f7449ee,False,Code Execution & Injection,cisa_tipo:xss,alta,asignada,2024-06-26,fecha_fuente_no_verificada_como_incidente,registro_vulnerabilidad,roundcube,,webmail,roundcube,4,False
linux,kernel,linux kernel use-after-free vulnerability,26/06/2024,high,cisa,use-after-free,use-after-free,high,294,fe1649c20473b73f3cc7,ac5520649b3050b24705,False,Memory & Software Safety,cisa_tipo:use-after-free,alta,asignada,2024-06-26,fecha_fuente_no_verificada_como_incidente,registro_vulnerabilidad,linux,,kernel,linux,4,False
saas,,data from information repositories: customer relationship management software,01/07/2024,medium,mitre,data from information repositories: customer relationship management software,data from information repositories: customer relationship management software,medium,1590,fdf2538a237f200849be,9ef3f16a972d1ff32bdc,False,Data Collection & Exfiltration,mitre_parent:data from information repositories,alta,asignada,2024-07-01,fecha_fuente_no_verificada_como_incidente,tecnica_mitre,,saas,__NO_INFORMADO__,saas,2,False
cisco,nx-os,cisco nx-os command injection vulnerability,02/07/2024,high,cisa,injection,other_injection,high,292,603975ed24f6c72b27b1,54311d37ac85a33d3914,False,Code Execution & Injection,cisa_tipo:injection,alta,asignada,2024-07-02,fecha_fuente_no_verificada_como_incidente,registro_vulnerabilidad,cisco,,nx-os,cisco,4,False
rejetto,http file server,rejetto http file server improper neutralization of special elements used in a template engine vulnerability,09/07/2024,medium,cisa,generic vulnerability,generic vulnerability,medium,289,146fd804ac7a8acb666c,df853d35cd981cb61f3b,False,Code Execution & Injection,cisa_nombre:code execution|command execution|code injection|command injection|sql injection|injection|deserialization|cross.site scripting|xss|file upload|upload of|file type upload|embedded malicious code|download of code|arbitrary code|improper neutralization|improper escaping|server.side request forgery|request smuggling|http request splitting,media,asignada,2024-07-09,fecha_fuente_no_verificada_como_incidente,registro_vulnerabilidad,rejetto,,http file server,rejetto,2,False
microsoft,windows,microsoft windows mshtml platform spoofing vulnerability,09/07/2024,medium,cisa,generic vulnerability,generic vulnerability,medium,291,5feec00d8d4bc95c9c84,c35ee53e1cabe1427a05,False,"Identity, Access & Persistence",cisa_nombre:authentication|authorization|unauthorized access|privilege|credentials?|password|hard.coded|access control|permission|ownership|improper isolation|sandbox escape|session fixation|security feature bypass|protection mechanism|improper certificate|certificate validation|missing encryption|cryptographic|signature verification|integrity check|integrity verification|unprotected alternate channel|protection of alternate|spoofing|inadequate encryption strength|insecure direct object reference|dll side.loading|dll hijacking|uncontrolled search path,media,asignada,2024-07-09,fecha_fuente_no_verificada_como_incidente,registro_vulnerabilidad,microsoft,,windows,microsoft,2,False
microsoft,windows,microsoft windows hyper-v privilege escalation vulnerability,09/07/2024,high,cisa,privilege escalation,privilege escalation,high,290,ace2439d645279b99527,2e26c2af1ff382240446,False,"Identity, Access & Persistence",cisa_tipo:privilege escalation,alta,asignada,2024-07-09,fecha_fuente_no_verificada_como_incidente,registro_vulnerabilidad,microsoft,,windows,microsoft,4,False
osgeo,geoserver,osgeo geoserver geotools eval injection vulnerability,15/07/2024,high,cisa,injection,code_injection,high,288,1d3846a646ce5189eeb7,d0d70b8ae38dc1253ee2,False,Code Execution & Injection,cisa_tipo:injection,alta,asignada,2024-07-15,fecha_fuente_no_verificada_como_incidente,registro_vulnerabilidad,osgeo,,geoserver,osgeo,4,False
adobe,commerce and magento open source,adobe commerce and magento open source improper restriction of xml external entity reference (xxe) vulnerability,17/07/2024,medium,cisa,xxe,xml_external_entity,medium,287,987fd2423afa15d4414f,163a4d0a8b4f18b725ce,False,Code Execution & Injection,cisa_tipo:xxe,alta,asignada,2024-07-17,fecha_fuente_no_verificada_como_incidente,registro_vulnerabilidad,adobe,,commerce and magento open source,adobe,2,False
vmware,vcenter server,vmware vcenter server incorrect default file permissions vulnerability,17/07/2024,medium,cisa,generic vulnerability,generic vulnerability,medium,285,d11f0355fd7351bb1681,de526bae92c2e98b5e29,False,"Identity, Access & Persistence",cisa_nombre:authentication|authorization|unauthorized access|privilege|credentials?|password|hard.coded|access control|permission|ownership|improper isolation|sandbox escape|session fixation|security feature bypass|protection mechanism|improper certificate|certificate validation|missing encryption|cryptographic|signature verification|integrity check|integrity verification|unprotected alternate channel|protection of alternate|spoofing|inadequate encryption strength|insecure direct object reference|dll side.loading|dll hijacking|uncontrolled search path,media,asignada,2024-07-17,fecha_fuente_no_verificada_como_incidente,registro_vulnerabilidad,vmware,,vcenter server,vmware,2,False
solarwinds,serv-u,solarwinds serv-u path traversal vulnerability,17/07/2024,high,cisa,path_traversal,path_traversal,high,286,d446a26444902c1ae885,d3ffad4d0e6b7fc6ab31,False,Data Collection & Exfiltration,cisa_tipo:path traversal,alta,asignada,2024-07-17,fecha_fuente_no_verificada_como_incidente,registro_vulnerabilidad,solarwinds,,serv-u,solarwinds,4,False
twilio,authy,twilio authy information disclosure vulnerability,23/07/2024,medium,cisa,generic vulnerability,generic vulnerability,medium,283,52cb8762e27abe5baeda,76c89144797562cefcbb,False,Data Collection & Exfiltration,cisa_nombre:information disclosure|information leak|disclosure|exposure of|directory traversal|path traversal|path transversal|file inclusion|external control of file name|link following|improper link resolution|arbitrary file (read|download)|file download|file read|sensitive information,media,asignada,2024-07-23,fecha_fuente_no_verificada_como_incidente,registro_vulnerabilidad,twilio,,authy,twilio,2,False
microsoft,internet explorer,microsoft internet explorer use-after-free vulnerability,23/07/2024,high,cisa,use-after-free,use-after-free,high,284,b684d12f667cf4811c09,55db9abb4fdbfd23f213,False,Memory & Software Safety,cisa_tipo:use-after-free,alta,asignada,2024-07-23,fecha_fuente_no_verificada_como_incidente,registro_vulnerabilidad,microsoft,,internet explorer,microsoft,4,False
servicenow,"utah, vancouver, and washington dc now platform",servicenow incomplete list of disallowed inputs vulnerability,29/07/2024,medium,cisa,generic vulnerability,generic vulnerability,medium,281,1a422b0debd386c55a1f,699862ef31369635efed,False,,texto_insuficiente,pendiente,requiere_revision,2024-07-29,fecha_fuente_no_verificada_como_incidente,registro_vulnerabilidad,servicenow,,"utah, vancouver, and washington dc now platform",servicenow,2,False
servicenow,"utah, vancouver, and washington dc now platform",servicenow improper input validation vulnerability,29/07/2024,medium,cisa,generic vulnerability,generic vulnerability,medium,282,aa069785f39779b09067,a42412c27ddd9d66eacd,False,Memory & Software Safety,cisa_nombre:buffer overflow|memory corruption|out.of.bounds|use.after.free|type confusion|double.free|heap.based|stack.based|integer overflow|integer underflow|race condition|time.of.check|arbitrary read and write|uninitialized (memory|variable)|improper input validation|improper validation|improper resource (shutdown|release)|null pointer|memory initialization|memory leak|format string|untrusted pointer dereference|double dereference|out.of.range pointer|record corruption|insufficient (input|data) validation|invalid input|data validation|detection of error condition,media,asignada,2024-07-29,fecha_fuente_no_verificada_como_incidente,registro_vulnerabilidad,servicenow,,"utah, vancouver, and washington dc now platform",servicenow,2,False
acronis,cyber infrastructure (aci),acronis cyber infrastructure (aci) insecure default password vulnerability,29/07/2024,medium,cisa,generic vulnerability,generic vulnerability,medium,280,c7937768b38cbfe518a6,764a668e5da2f2730249,False,"Identity, Access & Persistence",cisa_nombre:authentication|authorization|unauthorized access|privilege|credentials?|password|hard.coded|access control|permission|ownership|improper isolation|sandbox escape|session fixation|security feature bypass|protection mechanism|improper certificate|certificate validation|missing encryption|cryptographic|signature verification|integrity check|integrity verification|unprotected alternate channel|protection of alternate|spoofing|inadequate encryption strength|insecure direct object reference|dll side.loading|dll hijacking|uncontrolled search path,media,asignada,2024-07-29,fecha_fuente_no_verificada_como_incidente,registro_vulnerabilidad,acronis,,cyber infrastructure (aci),acronis,2,False
vmware,esxi,vmware esxi authentication bypass vulnerability,30/07/2024,medium/high,cisa,authentication issues,authentication issues,medium/high,279,1120b1ee191c1dd9ad5b,df4562500d0409e7fb74,False,"Identity, Access & Persistence",cisa_tipo:authentication issues,alta,asignada,2024-07-30,fecha_fuente_no_verificada_como_incidente,registro_vulnerabilidad,vmware,,esxi,vmware,3,False
"linux, windows, macos",,account manipulation: additional local or domain groups,05/08/2024,medium/high,mitre,account manipulation: additional local or domain groups,account manipulation: additional local or domain groups,medium/high,1443,8a7b7809de74b2a1395d,912e57facb6834786f96,False,"Identity, Access & Persistence",mitre_parent:account manipulation,alta,asignada,2024-08-05,fecha_fuente_no_verificada_como_incidente,tecnica_mitre,,"linux, windows, macos",__NO_INFORMADO__,"linux, windows, macos",3,False
microsoft,windows,microsoft com for windows deserialization of untrusted data vulnerability,05/08/2024,high,cisa,insecure_deserialization,insecure_deserialization,high,278,935c22a08923ac272973,a2b519c6b769d3e04e58,False,Code Execution & Injection,cisa_tipo:insecure deserialization,alta,asignada,2024-08-05,fecha_fuente_no_verificada_como_incidente,registro_vulnerabilidad,microsoft,,windows,microsoft,4,False
"linux, network devices, windows, macos",,command and scripting interpreter: lua,05/08/2024,high,mitre,command and scripting interpreter: lua,command and scripting interpreter: lua,high,1523,bce6c51506ddfa88f4c6,313012ecb996c4ab6501,False,Code Execution & Injection,mitre_parent:command and scripting interpreter,alta,asignada,2024-08-05,fecha_fuente_no_verificada_como_incidente,tecnica_mitre,,"linux, network devices, windows, macos",__NO_INFORMADO__,"linux, network devices, windows, macos",4,False
"containers, iaas, identity provider, linux, office suite, saas, windows, macos",,masquerading: masquerade account name,05/08/2024,medium/high,mitre,masquerading: masquerade account name,masquerading: masquerade account name,medium/high,1792,dc547d5f4b25aec2f2d4,6b53f8f051bf7bc0b648,False,Reconnaissance & Attack Operations,mitre_parent:masquerading,alta,asignada,2024-08-05,fecha_fuente_no_verificada_como_incidente,tecnica_mitre,,"containers, iaas, identity provider, linux, office suite, saas, windows, macos",__NO_INFORMADO__,"containers, iaas, identity provider, linux, office suite, saas, windows, macos",3,False
apache,ofbiz,apache ofbiz path traversal vulnerability,07/08/2024,high,cisa,path_traversal,path_traversal,high,276,65b97a92ba85b6d078c3,0f30aa86c27c2ff68d56,False,Data Collection & Exfiltration,cisa_tipo:path traversal,alta,asignada,2024-08-07,fecha_fuente_no_verificada_como_incidente,registro_vulnerabilidad,apache,,ofbiz,apache,4,False
android,kernel,android kernel remote code execution vulnerability,07/08/2024,high,cisa,use-after-free,use-after-free,high,277,d03462301feb052849e8,c14a76b88ffa1aebdf72,False,Memory & Software Safety,cisa_tipo:use-after-free,alta,asignada,2024-08-07,fecha_fuente_no_verificada_como_incidente,registro_vulnerabilidad,android,,kernel,android,4,False
microsoft,windows,microsoft windows ancillary function driver for winsock privilege escalation vulnerability,13/08/2024,high,cisa,use-after-free,use-after-free,high,272,05287fb5e7a73eef8737,f5b6dc6be46d5ae5dcc5,False,Memory & Software Safety,cisa_tipo:use-after-free,alta,asignada,2024-08-13,fecha_fuente_no_verificada_como_incidente,registro_vulnerabilidad,microsoft,,windows,microsoft,4,False
microsoft,project,microsoft project remote code execution vulnerability,13/08/2024,high,cisa,remote_code_execution,remote_code_execution,high,275,19fa3d0c5911c91071ea,9fb871c69c9544cf7114,False,Code Execution & Injection,cisa_tipo:remote code execution,alta,asignada,2024-08-13,fecha_fuente_no_verificada_como_incidente,registro_vulnerabilidad,microsoft,,project,microsoft,4,False
microsoft,windows,microsoft windows power dependency coordinator privilege escalation vulnerability,13/08/2024,high,cisa,use-after-free,use-after-free,high,270,2a56c25d262d5e321bea,d24fcedc7108054ab6f6,False,Memory & Software Safety,cisa_tipo:use-after-free,alta,asignada,2024-08-13,fecha_fuente_no_verificada_como_incidente,registro_vulnerabilidad,microsoft,,windows,microsoft,4,False
microsoft,windows,microsoft windows kernel privilege escalation vulnerability,13/08/2024,high,cisa,privilege escalation,privilege escalation,high,271,73ae73c1f7bc6b565254,e143cd4fb09b01661136,False,"Identity, Access & Persistence",cisa_tipo:privilege escalation,alta,asignada,2024-08-13,fecha_fuente_no_verificada_como_incidente,registro_vulnerabilidad,microsoft,,windows,microsoft,4,False
microsoft,windows,microsoft windows smartscreen security feature bypass vulnerability,13/08/2024,medium/high,cisa,authentication issues,authentication issues,medium/high,273,7f59b88dcfbf77b7285c,fc2b12212ef5af1089d8,False,"Identity, Access & Persistence",cisa_tipo:authentication issues,alta,asignada,2024-08-13,fecha_fuente_no_verificada_como_incidente,registro_vulnerabilidad,microsoft,,windows,microsoft,3,False
microsoft,windows,microsoft windows scripting engine memory corruption vulnerability,13/08/2024,high,cisa,type confusion,type confusion,high,274,ffe1ab74777cfeb425f4,74d674867d215fd96a2b,False,Memory & Software Safety,cisa_tipo:type confusion,alta,asignada,2024-08-13,fecha_fuente_no_verificada_como_incidente,registro_vulnerabilidad,microsoft,,windows,microsoft,4,False
solarwinds,web help desk,solarwinds web help desk deserialization of untrusted data vulnerability,15/08/2024,high,cisa,insecure_deserialization,insecure_deserialization,high,269,043158931b4ba9cec178,92671c99afafab95d64e,False,Code Execution & Injection,cisa_tipo:insecure deserialization,alta,asignada,2024-08-15,fecha_fuente_no_verificada_como_incidente,registro_vulnerabilidad,solarwinds,,web help desk,solarwinds,4,False
jenkins,jenkins command line interface (cli),jenkins command line interface (cli) path traversal vulnerability,19/08/2024,high,cisa,path_traversal,path_traversal,high,268,3979450be268e73edaa6,46a0499df39aa5ddd0b2,False,Data Collection & Exfiltration,cisa_tipo:path traversal,alta,asignada,2024-08-19,fecha_fuente_no_verificada_como_incidente,registro_vulnerabilidad,jenkins,,jenkins command line interface (cli),jenkins,4,False
microsoft,exchange server,microsoft exchange server information disclosure vulnerability,21/08/2024,medium,cisa,unspecified,unspecified,medium,264,23dccc5b8ea72619d034,09daaeb417b1c86b58d3,False,Data Collection & Exfiltration,cisa_nombre:information disclosure|information leak|disclosure|exposure of|directory traversal|path traversal|path transversal|file inclusion|external control of file name|link following|improper link resolution|arbitrary file (read|download)|file download|file read|sensitive information,media,asignada,2024-08-21,fecha_fuente_no_verificada_como_incidente,registro_vulnerabilidad,microsoft,,exchange server,microsoft,2,False
linux,kernel,linux kernel heap-based buffer overflow vulnerability,21/08/2024,high,cisa,memory_corruption,buffer_overflow,high,265,351790deac40f4d4dee0,f3e3259216912d3441e6,False,Memory & Software Safety,cisa_tipo:memory corruption,alta,asignada,2024-08-21,fecha_fuente_no_verificada_como_incidente,registro_vulnerabilidad,linux,,kernel,linux,4,False
dahua,ip camera firmware,dahua ip camera authentication bypass vulnerability,21/08/2024,medium,cisa,authentication issues,authentication issues,medium,266,c2fdc4c8d85abf777994,f313851402a988ebca4b,False,"Identity, Access & Persistence",cisa_tipo:authentication issues,alta,asignada,2024-08-21,fecha_fuente_no_verificada_como_incidente,registro_vulnerabilidad,dahua,,ip camera firmware,dahua,2,False
versa,director,versa director dangerous file type upload vulnerability,23/08/2024,medium,cisa,generic vulnerability,generic vulnerability,medium,263,e1806b831839c11ae160,19b788029b9e5062032f,False,Code Execution & Injection,cisa_nombre:code execution|command execution|code injection|command injection|sql injection|injection|deserialization|cross.site scripting|xss|file upload|upload of|file type upload|embedded malicious code|download of code|arbitrary code|improper neutralization|improper escaping|server.side request forgery|request smuggling|http request splitting,media,asignada,2024-08-23,fecha_fuente_no_verificada_como_incidente,registro_vulnerabilidad,versa,,director,versa,2,False
google,chromium v8,google chromium v8 type confusion vulnerability,26/08/2024,high,cisa,type confusion,type confusion,high,262,155da7e9aa1e70073195,71182e2b82bca2d33474,False,Memory & Software Safety,cisa_tipo:type confusion,alta,asignada,2024-08-26,fecha_fuente_no_verificada_como_incidente,registro_vulnerabilidad,google,,chromium v8,google,4,False
apache,ofbiz,apache ofbiz incorrect authorization vulnerability,27/08/2024,medium,cisa,generic vulnerability,generic vulnerability,medium,261,874c5e6cd235f1fbf723,1aa663e909ee2bc9edaf,False,"Identity, Access & Persistence",cisa_nombre:authentication|authorization|unauthorized access|privilege|credentials?|password|hard.coded|access control|permission|ownership|improper isolation|sandbox escape|session fixation|security feature bypass|protection mechanism|improper certificate|certificate validation|missing encryption|cryptographic|signature verification|integrity check|integrity verification|unprotected alternate channel|protection of alternate|spoofing|inadequate encryption strength|insecure direct object reference|dll side.loading|dll hijacking|uncontrolled search path,media,asignada,2024-08-27,fecha_fuente_no_verificada_como_incidente,registro_vulnerabilidad,apache,,ofbiz,apache,2,False
"linux, network devices, windows, macos",,application layer protocol: publish/subscribe protocols,28/08/2024,low,mitre,application layer protocol: publish/subscribe protocols,application layer protocol: publish/subscribe protocols,low,1469,4b62ee056f52a5a9efc6,df78047a2b76d41a1ba6,False,Reconnaissance & Attack Operations,mitre_parent:application layer protocol,alta,asignada,2024-08-28,fecha_fuente_no_verificada_como_incidente,tecnica_mitre,,"linux, network devices, windows, macos",__NO_INFORMADO__,"linux, network devices, windows, macos",0,False
google,chromium v8,google chromium v8 inappropriate implementation vulnerability,28/08/2024,medium,cisa,generic vulnerability,generic vulnerability,medium,260,9d9389e81fd6d105cdc1,4d9117e31f9e5228b2d4,False,,texto_insuficiente,pendiente,requiere_revision,2024-08-28,fecha_fuente_no_verificada_como_incidente,registro_vulnerabilidad,google,,chromium v8,google,2,False
"office suite, saas",,data from information repositories: messaging applications,30/08/2024,medium,mitre,data from information repositories: messaging applications,data from information repositories: messaging applications,medium,1591,7d73ee421d1b523113c6,664d3834bea35ff1f48b,False,Data Collection & Exfiltration,mitre_parent:data from information repositories,alta,asignada,2024-08-30,fecha_fuente_no_verificada_como_incidente,tecnica_mitre,,"office suite, saas",__NO_INFORMADO__,"office suite, saas",2,False
draytek,vigorconnect,draytek vigorconnect path traversal vulnerability,03/09/2024,high,cisa,path_traversal,path_traversal,high,258,6c1a9c1d8cd4383394de,f44f4f7ba6b723010545,False,Data Collection & Exfiltration,cisa_tipo:path traversal,alta,asignada,2024-09-03,fecha_fuente_no_verificada_como_incidente,registro_vulnerabilidad,draytek,,vigorconnect,draytek,4,False
kingsoft,wps office,kingsoft wps office path traversal vulnerability,03/09/2024,high,cisa,path_traversal,path_traversal,high,257,c832ca39fa27325ba1b7,c5a54d6063d055fe2040,False,Data Collection & Exfiltration,cisa_tipo:path traversal,alta,asignada,2024-09-03,fecha_fuente_no_verificada_como_incidente,registro_vulnerabilidad,kingsoft,,wps office,kingsoft,4,False
imagemagick,imagemagick,imagemagick improper input validation vulnerability,09/09/2024,medium,cisa,generic vulnerability,generic vulnerability,medium,256,6b1785d3d65ca1debbe6,6d82fca29bd91e1973db,False,Memory & Software Safety,cisa_nombre:buffer overflow|memory corruption|out.of.bounds|use.after.free|type confusion|double.free|heap.based|stack.based|integer overflow|integer underflow|race condition|time.of.check|arbitrary read and write|uninitialized (memory|variable)|improper input validation|improper validation|improper resource (shutdown|release)|null pointer|memory initialization|memory leak|format string|untrusted pointer dereference|double dereference|out.of.range pointer|record corruption|insufficient (input|data) validation|invalid input|data validation|detection of error condition,media,asignada,2024-09-09,fecha_fuente_no_verificada_como_incidente,registro_vulnerabilidad,imagemagick,,imagemagick,imagemagick,2,False
linux,kernel,linux kernel pie stack buffer corruption vulnerability,09/09/2024,high,cisa,memory corruption,memory corruption,high,255,a33733d649d3f5f69f85,aa0a661e622071aa8913,False,Memory & Software Safety,cisa_tipo:memory corruption,alta,asignada,2024-09-09,fecha_fuente_no_verificada_como_incidente,registro_vulnerabilidad,linux,,kernel,linux,4,False
windows,,trusted developer utilities proxy execution: clickonce,09/09/2024,medium/high,mitre,trusted developer utilities proxy execution: clickonce,trusted developer utilities proxy execution: clickonce,medium/high,2053,a6d8055f96be3a37362d,7edc76ab3e895575f465,False,Code Execution & Injection,mitre_parent:trusted developer utilities proxy execution,alta,asignada,2024-09-09,fecha_fuente_no_verificada_como_incidente,tecnica_mitre,,windows,__NO_INFORMADO__,windows,3,False
sonicwall,sonicos,sonicwall sonicos improper access control vulnerability,09/09/2024,medium,cisa,generic vulnerability,generic vulnerability,medium,254,edcd8fc2ce70cea85107,b0952cdc74bcba3b118c,False,"Identity, Access & Persistence",cisa_nombre:authentication|authorization|unauthorized access|privilege|credentials?|password|hard.coded|access control|permission|ownership|improper isolation|sandbox escape|session fixation|security feature bypass|protection mechanism|improper certificate|certificate validation|missing encryption|cryptographic|signature verification|integrity check|integrity verification|unprotected alternate channel|protection of alternate|spoofing|inadequate encryption strength|insecure direct object reference|dll side.loading|dll hijacking|uncontrolled search path,media,asignada,2024-09-09,fecha_fuente_no_verificada_como_incidente,registro_vulnerabilidad,sonicwall,,sonicos,sonicwall,2,False
microsoft,windows,microsoft windows mark of the web (motw) protection mechanism failure vulnerability,10/09/2024,medium,cisa,generic vulnerability,generic vulnerability,medium,251,4a7fde926d87ae577ff5,ec41fd68efa34bdcd865,False,"Identity, Access & Persistence",cisa_nombre:authentication|authorization|unauthorized access|privilege|credentials?|password|hard.coded|access control|permission|ownership|improper isolation|sandbox escape|session fixation|security feature bypass|protection mechanism|improper certificate|certificate validation|missing encryption|cryptographic|signature verification|integrity check|integrity verification|unprotected alternate channel|protection of alternate|spoofing|inadequate encryption strength|insecure direct object reference|dll side.loading|dll hijacking|uncontrolled search path,media,asignada,2024-09-10,fecha_fuente_no_verificada_como_incidente,registro_vulnerabilidad,microsoft,,windows,microsoft,2,False
microsoft,publisher,microsoft publisher protection mechanism failure vulnerability,10/09/2024,medium,cisa,generic vulnerability,generic vulnerability,medium,253,aec696a2eaf76c6252ee,36cc071b7855283305b7,False,"Identity, Access & Persistence",cisa_nombre:authentication|authorization|unauthorized access|privilege|credentials?|password|hard.coded|access control|permission|ownership|improper isolation|sandbox escape|session fixation|security feature bypass|protection mechanism|improper certificate|certificate validation|missing encryption|cryptographic|signature verification|integrity check|integrity verification|unprotected alternate channel|protection of alternate|spoofing|inadequate encryption strength|insecure direct object reference|dll side.loading|dll hijacking|uncontrolled search path,media,asignada,2024-09-10,fecha_fuente_no_verificada_como_incidente,registro_vulnerabilidad,microsoft,,publisher,microsoft,2,False
microsoft,windows,microsoft windows installer improper privilege management vulnerability,10/09/2024,medium,cisa,generic vulnerability,generic vulnerability,medium,252,b30903bb9e0d6b157b3b,cac2ab8668d6a9e65c85,False,"Identity, Access & Persistence",cisa_nombre:authentication|authorization|unauthorized access|privilege|credentials?|password|hard.coded|access control|permission|ownership|improper isolation|sandbox escape|session fixation|security feature bypass|protection mechanism|improper certificate|certificate validation|missing encryption|cryptographic|signature verification|integrity check|integrity verification|unprotected alternate channel|protection of alternate|spoofing|inadequate encryption strength|insecure direct object reference|dll side.loading|dll hijacking|uncontrolled search path,media,asignada,2024-09-10,fecha_fuente_no_verificada_como_incidente,registro_vulnerabilidad,microsoft,,windows,microsoft,2,False
ivanti,cloud services appliance,ivanti cloud services appliance os command injection vulnerability,13/09/2024,high,cisa,injection,other_injection,high,250,9e72624b4b7ced275897,7f276185ed400bc21714,False,Code Execution & Injection,cisa_tipo:injection,alta,asignada,2024-09-13,fecha_fuente_no_verificada_como_incidente,registro_vulnerabilidad,ivanti,,cloud services appliance,ivanti,4,False
microsoft,windows,microsoft windows mshtml platform spoofing vulnerability,16/09/2024,medium,cisa,generic vulnerability,generic vulnerability,medium,249,1d7b94d2e2b9c06a904e,c35ee53e1cabe1427a05,False,"Identity, Access & Persistence",cisa_nombre:authentication|authorization|unauthorized access|privilege|credentials?|password|hard.coded|access control|permission|ownership|improper isolation|sandbox escape|session fixation|security feature bypass|protection mechanism|improper certificate|certificate validation|missing encryption|cryptographic|signature verification|integrity check|integrity verification|unprotected alternate channel|protection of alternate|spoofing|inadequate encryption strength|insecure direct object reference|dll side.loading|dll hijacking|uncontrolled search path,media,asignada,2024-09-16,fecha_fuente_no_verificada_como_incidente,registro_vulnerabilidad,microsoft,,windows,microsoft,2,False
progress,whatsup gold,progress whatsup gold sql injection vulnerability,16/09/2024,high,cisa,injection,other_injection,high,248,a719d7b7ee8e7adf9f1c,99e0aaff361ae561fed2,False,Code Execution & Injection,cisa_tipo:injection,alta,asignada,2024-09-16,fecha_fuente_no_verificada_como_incidente,registro_vulnerabilidad,progress,,whatsup gold,progress,4,False
adobe,flash player,adobe flash player incorrect default permissions vulnerability,17/09/2024,medium,cisa,generic vulnerability,generic vulnerability,medium,246,3a7f2924114e8a3b40fe,0d10af2b5f8bee35e2dc,False,"Identity, Access & Persistence",cisa_nombre:authentication|authorization|unauthorized access|privilege|credentials?|password|hard.coded|access control|permission|ownership|improper isolation|sandbox escape|session fixation|security feature bypass|protection mechanism|improper certificate|certificate validation|missing encryption|cryptographic|signature verification|integrity check|integrity verification|unprotected alternate channel|protection of alternate|spoofing|inadequate encryption strength|insecure direct object reference|dll side.loading|dll hijacking|uncontrolled search path,media,asignada,2024-09-17,fecha_fuente_no_verificada_como_incidente,registro_vulnerabilidad,adobe,,flash player,adobe,2,False
adobe,flash player,adobe flash player code execution vulnerability,17/09/2024,high,cisa,remote_code_execution,remote_code_execution,high,245,4aea992c76f11f4518f7,cb8593620cfd18b8ad3d,False,Code Execution & Injection,cisa_tipo:remote code execution,alta,asignada,2024-09-17,fecha_fuente_no_verificada_como_incidente,registro_vulnerabilidad,adobe,,flash player,adobe,4,False
"linux, macos",,steal or forge kerberos tickets: ccache files,17/09/2024,medium/high,mitre,steal or forge kerberos tickets: ccache files,steal or forge kerberos tickets: ccache files,medium/high,1998,b5252aa67112b3369f99,6c89ef459ec637b90e69,False,"Identity, Access & Persistence",mitre_parent:steal or forge kerberos tickets,alta,asignada,2024-09-17,fecha_fuente_no_verificada_como_incidente,tecnica_mitre,,"linux, macos",__NO_INFORMADO__,"linux, macos",3,False
adobe,flash player,adobe flash player double free vulnerablity,17/09/2024,medium,cisa,generic vulnerability,generic vulnerability,medium,244,c57b330d4607ddff9434,6fc3e3d8cc9de4967f3b,False,Memory & Software Safety,cisa_nombre:buffer overflow|memory corruption|out.of.bounds|use.after.free|type confusion|double.free|heap.based|stack.based|integer overflow|integer underflow|race condition|time.of.check|arbitrary read and write|uninitialized (memory|variable)|improper input validation|improper validation|improper resource (shutdown|release)|null pointer|memory initialization|memory leak|format string|untrusted pointer dereference|double dereference|out.of.range pointer|record corruption|insufficient (input|data) validation|invalid input|data validation|detection of error condition,media,asignada,2024-09-17,fecha_fuente_no_verificada_como_incidente,registro_vulnerabilidad,adobe,,flash player,adobe,2,False
network devices,,adversary-in-the-middle: evil twin,17/09/2024,medium,mitre,adversary-in-the-middle: evil twin,adversary-in-the-middle: evil twin,medium,1463,ce17cf86b98083f7aa29,17fc0a072b0a7d347a6b,False,"Identity, Access & Persistence",mitre_parent:adversary-in-the-middle,alta,asignada,2024-09-17,fecha_fuente_no_verificada_como_incidente,tecnica_mitre,,network devices,__NO_INFORMADO__,network devices,2,False
adobe,flash player,adobe flash player integer underflow vulnerablity,17/09/2024,medium,cisa,generic vulnerability,generic vulnerability,medium,247,f1c06e863ca29f0ffa9f,7693feba729247ff7dbc,False,Memory & Software Safety,cisa_nombre:buffer overflow|memory corruption|out.of.bounds|use.after.free|type confusion|double.free|heap.based|stack.based|integer overflow|integer underflow|race condition|time.of.check|arbitrary read and write|uninitialized (memory|variable)|improper input validation|improper validation|improper resource (shutdown|release)|null pointer|memory initialization|memory leak|format string|untrusted pointer dereference|double dereference|out.of.range pointer|record corruption|insufficient (input|data) validation|invalid input|data validation|detection of error condition,media,asignada,2024-09-17,fecha_fuente_no_verificada_como_incidente,registro_vulnerabilidad,adobe,,flash player,adobe,2,False
oracle,weblogic server,oracle weblogic server remote code execution vulnerability,18/09/2024,high,cisa,remote_code_execution,remote_code_execution,high,240,880dd10fe8ba4e703d30,c13966fbb5f2e968135b,False,Code Execution & Injection,cisa_tipo:remote code execution,alta,asignada,2024-09-18,fecha_fuente_no_verificada_como_incidente,registro_vulnerabilidad,oracle,,weblogic server,oracle,4,False
apache,hugegraph-server,apache hugegraph-server improper access control vulnerability,18/09/2024,medium,cisa,generic vulnerability,generic vulnerability,medium,243,98cbea372fc9147af081,96b61baf79eb5d59f1cb,False,"Identity, Access & Persistence",cisa_nombre:authentication|authorization|unauthorized access|privilege|credentials?|password|hard.coded|access control|permission|ownership|improper isolation|sandbox escape|session fixation|security feature bypass|protection mechanism|improper certificate|certificate validation|missing encryption|cryptographic|signature verification|integrity check|integrity verification|unprotected alternate channel|protection of alternate|spoofing|inadequate encryption strength|insecure direct object reference|dll side.loading|dll hijacking|uncontrolled search path,media,asignada,2024-09-18,fecha_fuente_no_verificada_como_incidente,registro_vulnerabilidad,apache,,hugegraph-server,apache,2,False
microsoft,sql server,microsoft sql server reporting services remote code execution vulnerability,18/09/2024,high,cisa,insecure_deserialization,insecure_deserialization,high,242,c29e9a6f7d2ea8766c56,bcd7c33a8727f844cf4d,False,Code Execution & Injection,cisa_tipo:insecure deserialization,alta,asignada,2024-09-18,fecha_fuente_no_verificada_como_incidente,registro_vulnerabilidad,microsoft,,sql server,microsoft,4,False
oracle,adf faces,oracle adf faces deserialization of untrusted data vulnerability,18/09/2024,high,cisa,insecure_deserialization,insecure_deserialization,high,241,fe54f3f1aa99f49dbafb,77a240054a16853c3e94,False,Code Execution & Injection,cisa_tipo:insecure deserialization,alta,asignada,2024-09-18,fecha_fuente_no_verificada_como_incidente,registro_vulnerabilidad,oracle,,adf faces,oracle,4,False
"linux, windows, macos",,execution guardrails: mutual exclusion,19/09/2024,medium/high,mitre,execution guardrails: mutual exclusion,execution guardrails: mutual exclusion,medium/high,1662,88e2a6f853216d7e83fd,707ba654952b6929d0c4,False,Reconnaissance & Attack Operations,mitre_parent:execution guardrails,alta,asignada,2024-09-19,fecha_fuente_no_verificada_como_incidente,tecnica_mitre,,"linux, windows, macos",__NO_INFORMADO__,"linux, windows, macos",3,False
ivanti,cloud services appliance (csa),ivanti cloud services appliance (csa) path traversal vulnerability,19/09/2024,high,cisa,path_traversal,path_traversal,high,239,dde68bef8b865e00c780,34f2be0c80f5a42cd40c,False,Data Collection & Exfiltration,cisa_tipo:path traversal,alta,asignada,2024-09-19,fecha_fuente_no_verificada_como_incidente,registro_vulnerabilidad,ivanti,,cloud services appliance (csa),ivanti,4,False
ivanti,virtual traffic manager,ivanti virtual traffic manager authentication bypass vulnerability,24/09/2024,medium,cisa,authentication issues,authentication issues,medium,238,d4d73a5dd2d3b0927807,ef87c070bb3de96863e1,False,"Identity, Access & Persistence",cisa_tipo:authentication issues,alta,asignada,2024-09-24,fecha_fuente_no_verificada_como_incidente,registro_vulnerabilidad,ivanti,,virtual traffic manager,ivanti,2,False
"containers, iaas, linux, windows, macos",,resource hijacking: compute hijacking,25/09/2024,critical,mitre,remote_code_execution,remote_code_execution,critical,1944,49850cbcb8b73f61f773,151a48120db8bde01306,False,Impact & Availability,mitre_parent:resource hijacking,alta,asignada,2024-09-25,fecha_fuente_no_verificada_como_incidente,tecnica_mitre,,"containers, iaas, linux, windows, macos",__NO_INFORMADO__,"containers, iaas, linux, windows, macos",5,False
"containers, iaas, linux, windows, macos",,resource hijacking: bandwidth hijacking,25/09/2024,critical,mitre,remote_code_execution,remote_code_execution,critical,1942,5569784eb4cf14c6ff6f,5cdbf234cad459a223cb,False,Impact & Availability,mitre_parent:resource hijacking,alta,asignada,2024-09-25,fecha_fuente_no_verificada_como_incidente,tecnica_mitre,,"containers, iaas, linux, windows, macos",__NO_INFORMADO__,"containers, iaas, linux, windows, macos",5,False
saas,,resource hijacking: cloud service hijacking,25/09/2024,critical,mitre,remote_code_execution,remote_code_execution,critical,1943,56f0272baefb8d27ed08,a6aa0099ba06b9ba6ce3,False,Impact & Availability,mitre_parent:resource hijacking,alta,asignada,2024-09-25,fecha_fuente_no_verificada_como_incidente,tecnica_mitre,,saas,__NO_INFORMADO__,saas,5,False
saas,,resource hijacking: sms pumping,25/09/2024,critical,mitre,remote_code_execution,remote_code_execution,critical,1945,72ed05553c32fd5ea6e8,98525f560bb672a973f6,False,Impact & Availability,mitre_parent:resource hijacking,alta,asignada,2024-09-25,fecha_fuente_no_verificada_como_incidente,tecnica_mitre,,saas,__NO_INFORMADO__,saas,5,False
iaas,,modify cloud resource hierarchy,25/09/2024,medium/high,mitre,remote_code_execution,remote_code_execution,medium/high,1816,7d5efa2dfeeb38ca7f81,c2bfb25a46d4050e2bf9,False,"Identity, Access & Persistence",mitre_parent:modify cloud resource hierarchy,alta,asignada,2024-09-25,fecha_fuente_no_verificada_como_incidente,tecnica_mitre,,iaas,__NO_INFORMADO__,iaas,3,False
iaas,,data destruction: lifecycle-triggered deletion,25/09/2024,critical,mitre,data destruction: lifecycle-triggered deletion,data destruction: lifecycle-triggered deletion,critical,1566,7f278ace68103b3bab4b,8e91de97267209cb294e,False,Impact & Availability,mitre_parent:data destruction,alta,asignada,2024-09-25,fecha_fuente_no_verificada_como_incidente,tecnica_mitre,,iaas,__NO_INFORMADO__,iaas,5,False
linux,,event triggered execution: udev rules,26/09/2024,medium/high,mitre,event triggered execution: udev rules,event triggered execution: udev rules,medium/high,1656,54f7e1c0daf48b35e83c,3d6637d13764c66f90c1,False,"Identity, Access & Persistence",mitre_parent:event triggered execution,alta,asignada,2024-09-26,fecha_fuente_no_verificada_como_incidente,tecnica_mitre,,linux,__NO_INFORMADO__,linux,3,False
"linux, windows, macos",,obfuscated files or information: polymorphic code,27/09/2024,medium/high,mitre,obfuscated files or information: polymorphic code,obfuscated files or information: polymorphic code,medium/high,1857,da6376989b7f0f913426,c6e7e2edd41c56e698ae,False,Reconnaissance & Attack Operations,mitre_parent:obfuscated files or information,alta,asignada,2024-09-27,fecha_fuente_no_verificada_como_incidente,tecnica_mitre,,"linux, windows, macos",__NO_INFORMADO__,"linux, windows, macos",3,False
d-link,dir-820 router,d-link dir-820 router os command injection vulnerability,30/09/2024,high,cisa,injection,other_injection,high,237,38caded80ec51d0c966b,e4213802f325a92d90a1,False,Code Execution & Injection,cisa_tipo:injection,alta,asignada,2024-09-30,fecha_fuente_no_verificada_como_incidente,registro_vulnerabilidad,d-link,,dir-820 router,d-link,4,False
draytek,multiple vigor routers,draytek multiple vigor routers os command injection vulnerability,30/09/2024,high,cisa,injection,other_injection,high,236,bc8152ec9918f041c8e7,70a8b82e91594e0e6188,False,Code Execution & Injection,cisa_tipo:injection,alta,asignada,2024-09-30,fecha_fuente_no_verificada_como_incidente,registro_vulnerabilidad,draytek,,multiple vigor routers,draytek,4,False
sap,commerce cloud,sap commerce cloud deserialization of untrusted data vulnerability,30/09/2024,high,cisa,insecure_deserialization,insecure_deserialization,high,235,e03e85b8ee8e5e0c6ae5,1ed0598cc2c2c15fdde0,False,Code Execution & Injection,cisa_tipo:insecure deserialization,alta,asignada,2024-09-30,fecha_fuente_no_verificada_como_incidente,registro_vulnerabilidad,sap,,commerce cloud,sap,4,False
ivanti,endpoint manager (epm),ivanti endpoint manager (epm) sql injection vulnerability,02/10/2024,high,cisa,injection,other_injection,high,234,80406afa8682e6ef872a,f546bfbf0fde678bc960,False,Code Execution & Injection,cisa_tipo:injection,alta,asignada,2024-10-02,fecha_fuente_no_verificada_como_incidente,registro_vulnerabilidad,ivanti,,endpoint manager (epm),ivanti,4,False
synacor,zimbra collaboration suite (zcs),synacor zimbra collaboration suite (zcs) command execution vulnerability,03/10/2024,medium,cisa,generic vulnerability,generic vulnerability,medium,233,d9b49025407b89a02983,4ba5eb8f6a4875bae329,False,Code Execution & Injection,cisa_nombre:code execution|command execution|code injection|command injection|sql injection|injection|deserialization|cross.site scripting|xss|file upload|upload of|file type upload|embedded malicious code|download of code|arbitrary code|improper neutralization|improper escaping|server.side request forgery|request smuggling|http request splitting,media,asignada,2024-10-03,fecha_fuente_no_verificada_como_incidente,registro_vulnerabilidad,synacor,,zimbra collaboration suite (zcs),synacor,2,False
microsoft,windows,microsoft windows mshtml platform spoofing vulnerability,08/10/2024,medium,cisa,xss,cross_site_scripting,medium,230,09c7505f6c4da356dce5,c35ee53e1cabe1427a05,False,Code Execution & Injection,cisa_tipo:xss,alta,asignada,2024-10-08,fecha_fuente_no_verificada_como_incidente,registro_vulnerabilidad,microsoft,,windows,microsoft,2,False
microsoft,windows,microsoft windows management console remote code execution vulnerability,08/10/2024,high,cisa,remote_code_execution,remote_code_execution,high,231,1ba0ba9e0d67ee29e6d2,81992d6e7186627c252f,False,Code Execution & Injection,cisa_tipo:remote code execution,alta,asignada,2024-10-08,fecha_fuente_no_verificada_como_incidente,registro_vulnerabilidad,microsoft,,windows,microsoft,4,False
qualcomm,multiple chipsets,qualcomm multiple chipsets use-after-free vulnerability,08/10/2024,high,cisa,use-after-free,use-after-free,high,232,80f51e42b9e50fce92d4,93a07cf9d17d5e170bf7,False,Memory & Software Safety,cisa_tipo:use-after-free,alta,asignada,2024-10-08,fecha_fuente_no_verificada_como_incidente,registro_vulnerabilidad,qualcomm,,multiple chipsets,qualcomm,4,False
ivanti,cloud services appliance (csa),ivanti cloud services appliance (csa) os command injection vulnerability,09/10/2024,high,cisa,injection,other_injection,high,227,05531c81e34c0319e4ea,9e10de00bd29dea107aa,False,Code Execution & Injection,cisa_tipo:injection,alta,asignada,2024-10-09,fecha_fuente_no_verificada_como_incidente,registro_vulnerabilidad,ivanti,,cloud services appliance (csa),ivanti,4,False
fortinet,multiple products,fortinet multiple products format string vulnerability,09/10/2024,medium,cisa,generic vulnerability,generic vulnerability,medium,229,8f398696c3dfab3a8e56,6c976a7a4670e0f88eb8,False,Memory & Software Safety,cisa_nombre:buffer overflow|memory corruption|out.of.bounds|use.after.free|type confusion|double.free|heap.based|stack.based|integer overflow|integer underflow|race condition|time.of.check|arbitrary read and write|uninitialized (memory|variable)|improper input validation|improper validation|improper resource (shutdown|release)|null pointer|memory initialization|memory leak|format string|untrusted pointer dereference|double dereference|out.of.range pointer|record corruption|insufficient (input|data) validation|invalid input|data validation|detection of error condition,media,asignada,2024-10-09,fecha_fuente_no_verificada_como_incidente,registro_vulnerabilidad,fortinet,,multiple products,fortinet,2,False
ivanti,cloud services appliance (csa),ivanti cloud services appliance (csa) sql injection vulnerability,09/10/2024,high,cisa,injection,other_injection,high,228,d5b9b5e11dcb4be846a6,13ac1749299f17b69ff3,False,Code Execution & Injection,cisa_tipo:injection,alta,asignada,2024-10-09,fecha_fuente_no_verificada_como_incidente,registro_vulnerabilidad,ivanti,,cloud services appliance (csa),ivanti,4,False
solarwinds,web help desk,solarwinds web help desk hardcoded credential vulnerability,15/10/2024,medium,cisa,xss,cross_site_scripting,medium,224,374b55a3ff2338512ad2,66331103103f082e3109,False,Code Execution & Injection,cisa_tipo:xss,alta,asignada,2024-10-15,fecha_fuente_no_verificada_como_incidente,registro_vulnerabilidad,solarwinds,,web help desk,solarwinds,2,False
mozilla,firefox,mozilla firefox use-after-free vulnerability,15/10/2024,high,cisa,use-after-free,use-after-free,high,225,5660ffa4216d7a2d1f54,4fa5c61b0d00f44fe3ed,False,Memory & Software Safety,cisa_tipo:use-after-free,alta,asignada,2024-10-15,fecha_fuente_no_verificada_como_incidente,registro_vulnerabilidad,mozilla,,firefox,mozilla,4,False
microsoft,windows,microsoft windows kernel toctou race condition vulnerability,15/10/2024,medium,cisa,generic vulnerability,generic vulnerability,medium,226,c13d37aced0acde7c2ef,10476f961e508d95a763,False,Memory & Software Safety,cisa_nombre:buffer overflow|memory corruption|out.of.bounds|use.after.free|type confusion|double.free|heap.based|stack.based|integer overflow|integer underflow|race condition|time.of.check|arbitrary read and write|uninitialized (memory|variable)|improper input validation|improper validation|improper resource (shutdown|release)|null pointer|memory initialization|memory leak|format string|untrusted pointer dereference|double dereference|out.of.range pointer|record corruption|insufficient (input|data) validation|invalid input|data validation|detection of error condition,media,asignada,2024-10-15,fecha_fuente_no_verificada_como_incidente,registro_vulnerabilidad,microsoft,,windows,microsoft,2,False
veeam,backup & replication,veeam backup and replication deserialization vulnerability,17/10/2024,high,cisa,insecure_deserialization,insecure_deserialization,high,223,7b836b9c070cdcb03ea1,0156d7fbfc8486c5546c,False,Code Execution & Injection,cisa_tipo:insecure deserialization,alta,asignada,2024-10-17,fecha_fuente_no_verificada_como_incidente,registro_vulnerabilidad,veeam,,backup & replication,veeam,4,False
sciencelogic,sl1,sciencelogic sl1 unspecified vulnerability,21/10/2024,medium,cisa,unspecified,unspecified,medium,222,614049bfb34b65f168db,4dd53030508110ceb0f2,False,,texto_insuficiente,pendiente,requiere_revision,2024-10-21,fecha_fuente_no_verificada_como_incidente,registro_vulnerabilidad,sciencelogic,,sl1,sciencelogic,2,False
microsoft,sharepoint,microsoft sharepoint deserialization vulnerability,22/10/2024,high,cisa,insecure_deserialization,insecure_deserialization,high,221,e32c01b80ab902b900f9,46c930bab09f1fd111af,False,Code Execution & Injection,cisa_tipo:insecure deserialization,alta,asignada,2024-10-22,fecha_fuente_no_verificada_como_incidente,registro_vulnerabilidad,microsoft,,sharepoint,microsoft,4,False
fortinet,fortimanager,fortinet fortimanager missing authentication vulnerability,23/10/2024,medium/high,cisa,authentication issues,authentication issues,medium/high,220,43966c6a30e8736b1e00,41d77c7e048f9d607c90,False,"Identity, Access & Persistence",cisa_tipo:authentication issues,alta,asignada,2024-10-23,fecha_fuente_no_verificada_como_incidente,registro_vulnerabilidad,fortinet,,fortimanager,fortinet,3,False
cisco,adaptive security appliance (asa) and firepower threat defense (ftd),cisco asa and ftd denial-of-service vulnerability,24/10/2024,medium,cisa,generic vulnerability,generic vulnerability,medium,219,275a8ed34f2f1927dca0,930ea1f0a49240cf0e57,False,Impact & Availability,cisa_nombre:denial.of.service|resource exhaustion|infinite loop|uncontrolled resource consumption|data destruction|arbitrary file deletion,media,asignada,2024-10-24,fecha_fuente_no_verificada_como_incidente,registro_vulnerabilidad,cisco,,adaptive security appliance (asa) and firepower threat defense (ftd),cisco,2,False
roundcube,webmail,roundcube webmail cross-site scripting (xss) vulnerability,24/10/2024,medium,cisa,xss,cross_site_scripting,medium,218,28f3149c362452afbd26,e46a0fbd5c724f7449ee,False,Code Execution & Injection,cisa_tipo:xss,alta,asignada,2024-10-24,fecha_fuente_no_verificada_como_incidente,registro_vulnerabilidad,roundcube,,webmail,roundcube,2,False
ptzoptics,pt30x-sdi/ndi cameras,ptzoptics pt30x-sdi/ndi cameras authentication bypass vulnerability,04/11/2024,medium,cisa,authentication issues,authentication issues,medium,216,87749f8cfbce4b10118f,58ea49771c8d52eeb882,False,"Identity, Access & Persistence",cisa_tipo:authentication issues,alta,asignada,2024-11-04,fecha_fuente_no_verificada_como_incidente,registro_vulnerabilidad,ptzoptics,,pt30x-sdi/ndi cameras,ptzoptics,2,False
ptzoptics,pt30x-sdi/ndi cameras,ptzoptics pt30x-sdi/ndi cameras os command injection vulnerability,04/11/2024,high,cisa,injection,other_injection,high,217,b0a336869fb89a6302cb,132a52dc5660d9cbd08b,False,Code Execution & Injection,cisa_tipo:injection,alta,asignada,2024-11-04,fecha_fuente_no_verificada_como_incidente,registro_vulnerabilidad,ptzoptics,,pt30x-sdi/ndi cameras,ptzoptics,4,False
nostromo,nhttpd,nostromo nhttpd directory traversal vulnerability,07/11/2024,high,cisa,path_traversal,path_traversal,high,212,16062ff5be7efcddef32,14cc54673d990800ac12,False,Data Collection & Exfiltration,cisa_tipo:path traversal,alta,asignada,2024-11-07,fecha_fuente_no_verificada_como_incidente,registro_vulnerabilidad,nostromo,,nhttpd,nostromo,4,False
cyberpersons,cyberpanel,cyberpanel incorrect default permissions vulnerability,07/11/2024,medium,cisa,generic vulnerability,generic vulnerability,medium,213,378e98d5f1b5b911052a,5a8ffff142cd41762592,False,"Identity, Access & Persistence",cisa_nombre:authentication|authorization|unauthorized access|privilege|credentials?|password|hard.coded|access control|permission|ownership|improper isolation|sandbox escape|session fixation|security feature bypass|protection mechanism|improper certificate|certificate validation|missing encryption|cryptographic|signature verification|integrity check|integrity verification|unprotected alternate channel|protection of alternate|spoofing|inadequate encryption strength|insecure direct object reference|dll side.loading|dll hijacking|uncontrolled search path,media,asignada,2024-11-07,fecha_fuente_no_verificada_como_incidente,registro_vulnerabilidad,cyberpersons,,cyberpanel,cyberpersons,2,False
android,framework,android framework privilege escalation vulnerability,07/11/2024,high,cisa,privilege escalation,privilege escalation,high,214,b8942b46df4b39d7942f,e99c0160e465c7ae0fb0,False,"Identity, Access & Persistence",cisa_tipo:privilege escalation,alta,asignada,2024-11-07,fecha_fuente_no_verificada_como_incidente,registro_vulnerabilidad,android,,framework,android,4,False
palo alto networks,expedition,palo alto networks expedition missing authentication vulnerability,07/11/2024,medium/high,cisa,authentication issues,authentication issues,medium/high,215,e047a596dcc6ef78d71e,40ffbddc90bc8a6e038f,False,"Identity, Access & Persistence",cisa_tipo:authentication issues,alta,asignada,2024-11-07,fecha_fuente_no_verificada_como_incidente,registro_vulnerabilidad,palo alto networks,,expedition,palo alto networks,3,False
microsoft,windows,microsoft windows ntlmv2 hash disclosure spoofing vulnerability,12/11/2024,medium,cisa,generic vulnerability,generic vulnerability,medium,210,14c51b575f9cfc6850d7,ee37640d54ba27afeff4,False,"Identity, Access & Persistence",cisa_nombre:authentication|authorization|unauthorized access|privilege|credentials?|password|hard.coded|access control|permission|ownership|improper isolation|sandbox escape|session fixation|security feature bypass|protection mechanism|improper certificate|certificate validation|missing encryption|cryptographic|signature verification|integrity check|integrity verification|unprotected alternate channel|protection of alternate|spoofing|inadequate encryption strength|insecure direct object reference|dll side.loading|dll hijacking|uncontrolled search path,media,asignada,2024-11-12,fecha_fuente_no_verificada_como_incidente,registro_vulnerabilidad,microsoft,,windows,microsoft,2,False
metabase,metabase,metabase geojson api local file inclusion vulnerability,12/11/2024,medium,cisa,information disclosure,information disclosure,medium,209,449076e53e30d6736491,312ecb535294eccbc914,False,Data Collection & Exfiltration,cisa_tipo:information disclosure,alta,asignada,2024-11-12,fecha_fuente_no_verificada_como_incidente,registro_vulnerabilidad,metabase,,metabase,metabase,2,False
cisco,adaptive security appliance (asa),cisco adaptive security appliance (asa) cross-site scripting (xss) vulnerability,12/11/2024,medium,cisa,xss,cross_site_scripting,medium,208,5b90b2628469a1b3c0ef,8827743e98124bbd59e5,False,Code Execution & Injection,cisa_tipo:xss,alta,asignada,2024-11-12,fecha_fuente_no_verificada_como_incidente,registro_vulnerabilidad,cisco,,adaptive security appliance (asa),cisco,2,False
microsoft,windows,microsoft windows task scheduler privilege escalation vulnerability,12/11/2024,medium,cisa,authentication issues,authentication issues,medium,211,f26267b71f793576c74e,d10fabe94205e82d8127,False,"Identity, Access & Persistence",cisa_tipo:authentication issues,alta,asignada,2024-11-12,fecha_fuente_no_verificada_como_incidente,registro_vulnerabilidad,microsoft,,windows,microsoft,2,False
atlassian,jira server and data center,atlassian jira server and data center path traversal vulnerability,12/11/2024,high,cisa,path_traversal,path_traversal,high,207,fec05b437fd59c66107f,10d14f66324a9b6b76d0,False,Data Collection & Exfiltration,cisa_tipo:path traversal,alta,asignada,2024-11-12,fecha_fuente_no_verificada_como_incidente,registro_vulnerabilidad,atlassian,,jira server and data center,atlassian,4,False
palo alto networks,expedition,palo alto networks expedition os command injection vulnerability,14/11/2024,high,cisa,injection,other_injection,high,206,41343cc60e9e75f3763c,9936f111248b7d9976da,False,Code Execution & Injection,cisa_tipo:injection,alta,asignada,2024-11-14,fecha_fuente_no_verificada_como_incidente,registro_vulnerabilidad,palo alto networks,,expedition,palo alto networks,4,False
palo alto networks,expedition,palo alto networks expedition sql injection vulnerability,14/11/2024,high,cisa,injection,other_injection,high,205,615d8576e58b20a39d19,24b3cc971e238e79a708,False,Code Execution & Injection,cisa_tipo:injection,alta,asignada,2024-11-14,fecha_fuente_no_verificada_como_incidente,registro_vulnerabilidad,palo alto networks,,expedition,palo alto networks,4,False
palo alto networks,pan-os,palo alto networks pan-os management interface os command injection vulnerability,18/11/2024,high,cisa,injection,other_injection,high,202,74b3be39bab531074171,87dde3095f3097a1a4cc,False,Code Execution & Injection,cisa_tipo:injection,alta,asignada,2024-11-18,fecha_fuente_no_verificada_como_incidente,registro_vulnerabilidad,palo alto networks,,pan-os,palo alto networks,4,False
palo alto networks,pan-os,palo alto networks pan-os management interface authentication bypass vulnerability,18/11/2024,medium/high,cisa,authentication issues,authentication issues,medium/high,203,a6be9a3f852a41b93b55,e11b88e20e198d1c56db,False,"Identity, Access & Persistence",cisa_tipo:authentication issues,alta,asignada,2024-11-18,fecha_fuente_no_verificada_como_incidente,registro_vulnerabilidad,palo alto networks,,pan-os,palo alto networks,3,False
progress,kemp loadmaster,progress kemp loadmaster os command injection vulnerability,18/11/2024,high,cisa,injection,other_injection,high,204,bb5aa41f6ab684636f55,e515f6e35c4ee26343c0,False,Code Execution & Injection,cisa_tipo:injection,alta,asignada,2024-11-18,fecha_fuente_no_verificada_como_incidente,registro_vulnerabilidad,progress,,kemp loadmaster,progress,4,False
vmware,vcenter server,vmware vcenter server privilege escalation vulnerability,20/11/2024,high,cisa,privilege escalation,privilege escalation,high,200,720d825d46f5529ff6d6,5201e83dd6f6cb2009fd,False,"Identity, Access & Persistence",cisa_tipo:privilege escalation,alta,asignada,2024-11-20,fecha_fuente_no_verificada_como_incidente,registro_vulnerabilidad,vmware,,vcenter server,vmware,4,False
vmware,vcenter server,vmware vcenter server heap-based buffer overflow vulnerability,20/11/2024,high,cisa,memory_corruption,buffer_overflow,high,201,d85c4022876e8227e49d,1c95cefc6616cd9fe139,False,Memory & Software Safety,cisa_tipo:memory corruption,alta,asignada,2024-11-20,fecha_fuente_no_verificada_como_incidente,registro_vulnerabilidad,vmware,,vcenter server,vmware,4,False
apple,multiple products,apple multiple products cross-site scripting (xss) vulnerability,21/11/2024,medium,cisa,xss,cross_site_scripting,medium,198,01a94721f9e7cf327500,4a814bedd04a3f81bb76,False,Code Execution & Injection,cisa_tipo:xss,alta,asignada,2024-11-21,fecha_fuente_no_verificada_como_incidente,registro_vulnerabilidad,apple,,multiple products,apple,2,False
oracle,agile product lifecycle management (plm),oracle agile product lifecycle management (plm) incorrect authorization vulnerability,21/11/2024,medium,cisa,generic vulnerability,generic vulnerability,medium,197,0441fb339288ff84151f,b29282fe2682a831f647,False,"Identity, Access & Persistence",cisa_nombre:authentication|authorization|unauthorized access|privilege|credentials?|password|hard.coded|access control|permission|ownership|improper isolation|sandbox escape|session fixation|security feature bypass|protection mechanism|improper certificate|certificate validation|missing encryption|cryptographic|signature verification|integrity check|integrity verification|unprotected alternate channel|protection of alternate|spoofing|inadequate encryption strength|insecure direct object reference|dll side.loading|dll hijacking|uncontrolled search path,media,asignada,2024-11-21,fecha_fuente_no_verificada_como_incidente,registro_vulnerabilidad,oracle,,agile product lifecycle management (plm),oracle,2,False
apple,multiple products,apple multiple products code execution vulnerability,21/11/2024,high,cisa,remote_code_execution,remote_code_execution,high,199,1fe12f400bf043770d23,e1a2dc522fce063d3c2c,False,Code Execution & Injection,cisa_tipo:remote code execution,alta,asignada,2024-11-21,fecha_fuente_no_verificada_como_incidente,registro_vulnerabilidad,apple,,multiple products,apple,4,False
array networks,ag/vxag arrayos,array networks ag and vxag arrayos missing authentication for critical function vulnerability,25/11/2024,medium/high,cisa,authentication issues,authentication issues,medium/high,196,7adea5da8af19d5b8d6f,23907b2a3e4e9cc4de3a,False,"Identity, Access & Persistence",cisa_tipo:authentication issues,alta,asignada,2024-11-25,fecha_fuente_no_verificada_como_incidente,registro_vulnerabilidad,array networks,,ag/vxag arrayos,array networks,3,False
north grid,proself,north grid proself improper restriction of xml external entity (xxe) reference vulnerability,03/12/2024,medium,cisa,xxe,xml_external_entity,medium,195,18d4ea08a44b35c14f30,47d28c41c63e2d21493b,False,Code Execution & Injection,cisa_tipo:xxe,alta,asignada,2024-12-03,fecha_fuente_no_verificada_como_incidente,registro_vulnerabilidad,north grid,,proself,north grid,2,False
projectsend,projectsend,projectsend improper authentication vulnerability,03/12/2024,medium,cisa,authentication issues,authentication issues,medium,194,6ffb4a696335c9fbeb76,92249aa8e3dc8d7e6256,False,"Identity, Access & Persistence",cisa_tipo:authentication issues,alta,asignada,2024-12-03,fecha_fuente_no_verificada_como_incidente,registro_vulnerabilidad,projectsend,,projectsend,projectsend,2,False
zyxel,multiple firewalls,zyxel multiple firewalls path traversal vulnerability,03/12/2024,high,cisa,path_traversal,path_traversal,high,193,8b501c5a0984f2c5a561,9c14e1fef35c1eee0a52,False,Data Collection & Exfiltration,cisa_tipo:path traversal,alta,asignada,2024-12-03,fecha_fuente_no_verificada_como_incidente,registro_vulnerabilidad,zyxel,,multiple firewalls,zyxel,4,False
cyberpersons,cyberpanel,cyberpanel incorrect default permissions vulnerability,04/12/2024,medium,cisa,generic vulnerability,generic vulnerability,medium,192,d76e553ad6ad425a655a,5a8ffff142cd41762592,False,"Identity, Access & Persistence",cisa_nombre:authentication|authorization|unauthorized access|privilege|credentials?|password|hard.coded|access control|permission|ownership|improper isolation|sandbox escape|session fixation|security feature bypass|protection mechanism|improper certificate|certificate validation|missing encryption|cryptographic|signature verification|integrity check|integrity verification|unprotected alternate channel|protection of alternate|spoofing|inadequate encryption strength|insecure direct object reference|dll side.loading|dll hijacking|uncontrolled search path,media,asignada,2024-12-04,fecha_fuente_no_verificada_como_incidente,registro_vulnerabilidad,cyberpersons,,cyberpanel,cyberpersons,2,False
microsoft,windows,microsoft windows common log file system (clfs) driver heap-based buffer overflow vulnerability,10/12/2024,high,cisa,memory_corruption,buffer_overflow,high,191,a10eccf6107031137750,1f89eac7c3e257a06861,False,Memory & Software Safety,cisa_tipo:memory corruption,alta,asignada,2024-12-10,fecha_fuente_no_verificada_como_incidente,registro_vulnerabilidad,microsoft,,windows,microsoft,4,False
cleo,multiple products,cleo multiple products unrestricted file upload vulnerability,13/12/2024,medium,cisa,generic vulnerability,generic vulnerability,medium,190,f56d7246ba0ccaa0fe69,799eff59666280710caa,False,Code Execution & Injection,cisa_nombre:code execution|command execution|code injection|command injection|sql injection|injection|deserialization|cross.site scripting|xss|file upload|upload of|file type upload|embedded malicious code|download of code|arbitrary code|improper neutralization|improper escaping|server.side request forgery|request smuggling|http request splitting,media,asignada,2024-12-13,fecha_fuente_no_verificada_como_incidente,registro_vulnerabilidad,cleo,,multiple products,cleo,2,False
adobe,coldfusion,adobe coldfusion improper access control vulnerability,16/12/2024,medium,cisa,generic vulnerability,generic vulnerability,medium,189,a2d47e50605facfc7a53,3c31e912b4fde04778f4,False,"Identity, Access & Persistence",cisa_nombre:authentication|authorization|unauthorized access|privilege|credentials?|password|hard.coded|access control|permission|ownership|improper isolation|sandbox escape|session fixation|security feature bypass|protection mechanism|improper certificate|certificate validation|missing encryption|cryptographic|signature verification|integrity check|integrity verification|unprotected alternate channel|protection of alternate|spoofing|inadequate encryption strength|insecure direct object reference|dll side.loading|dll hijacking|uncontrolled search path,media,asignada,2024-12-16,fecha_fuente_no_verificada_como_incidente,registro_vulnerabilidad,adobe,,coldfusion,adobe,2,False
microsoft,windows,microsoft windows kernel-mode driver untrusted pointer dereference vulnerability,16/12/2024,medium,cisa,generic vulnerability,generic vulnerability,medium,188,fdf497224f05bd5bca91,2f8e91ea1d1f51f2365c,False,Memory & Software Safety,cisa_nombre:buffer overflow|memory corruption|out.of.bounds|use.after.free|type confusion|double.free|heap.based|stack.based|integer overflow|integer underflow|race condition|time.of.check|arbitrary read and write|uninitialized (memory|variable)|improper input validation|improper validation|improper resource (shutdown|release)|null pointer|memory initialization|memory leak|format string|untrusted pointer dereference|double dereference|out.of.range pointer|record corruption|insufficient (input|data) validation|invalid input|data validation|detection of error condition,media,asignada,2024-12-16,fecha_fuente_no_verificada_como_incidente,registro_vulnerabilidad,microsoft,,windows,microsoft,2,False
cleo,multiple products,cleo multiple products unauthenticated file upload vulnerability,17/12/2024,medium,cisa,generic vulnerability,generic vulnerability,medium,187,e293d54455be2f89928f,08f92e45cf2b6420f966,False,Code Execution & Injection,cisa_nombre:code execution|command execution|code injection|command injection|sql injection|injection|deserialization|cross.site scripting|xss|file upload|upload of|file type upload|embedded malicious code|download of code|arbitrary code|improper neutralization|improper escaping|server.side request forgery|request smuggling|http request splitting,media,asignada,2024-12-17,fecha_fuente_no_verificada_como_incidente,registro_vulnerabilidad,cleo,,multiple products,cleo,2,False
nuuo,nvrmini2 devices,nuuo nvrmini2 devices missing authentication vulnerability,18/12/2024,medium/high,cisa,authentication issues,authentication issues,medium/high,185,05703ce2c3ec0a3cec04,9d3ee5ee5d3b656355fe,False,"Identity, Access & Persistence",cisa_tipo:authentication issues,alta,asignada,2024-12-18,fecha_fuente_no_verificada_como_incidente,registro_vulnerabilidad,nuuo,,nvrmini2 devices,nuuo,3,False
nuuo,nvrmini devices,nuuo nvrmini devices os command injection vulnerability,18/12/2024,high,cisa,injection,other_injection,high,186,1475782d0b733c647de5,d29af86369d6064dff47,False,Code Execution & Injection,cisa_tipo:injection,alta,asignada,2024-12-18,fecha_fuente_no_verificada_como_incidente,registro_vulnerabilidad,nuuo,,nvrmini devices,nuuo,4,False
reolink,rlc-410w ip camera,reolink rlc-410w ip camera os command injection vulnerability,18/12/2024,high,cisa,injection,other_injection,high,183,3d8fbd3d8132804243b1,0197cf11cee5d40bd7f8,False,Code Execution & Injection,cisa_tipo:injection,alta,asignada,2024-12-18,fecha_fuente_no_verificada_como_incidente,registro_vulnerabilidad,reolink,,rlc-410w ip camera,reolink,4,False
reolink,multiple ip cameras,reolink multiple ip cameras os command injection vulnerability,18/12/2024,high,cisa,injection,other_injection,high,184,78c040baa4a2aeb8b8e1,48ab8b2d0315f314b2be,False,Code Execution & Injection,cisa_tipo:injection,alta,asignada,2024-12-18,fecha_fuente_no_verificada_como_incidente,registro_vulnerabilidad,reolink,,multiple ip cameras,reolink,4,False
beyondtrust,privileged remote access (pra) and remote support (rs),beyondtrust privileged remote access (pra) and remote support (rs) command injection vulnerability,19/12/2024,high,cisa,injection,other_injection,high,182,70601577604fa3cd32ec,c38b14dd51fd7057b98f,False,Code Execution & Injection,cisa_tipo:injection,alta,asignada,2024-12-19,fecha_fuente_no_verificada_como_incidente,registro_vulnerabilidad,beyondtrust,,privileged remote access (pra) and remote support (rs),beyondtrust,4,False
acclaim systems,usaherds,acclaim systems usaherds use of hard-coded credentials vulnerability,23/12/2024,medium,cisa,xss,cross_site_scripting,medium,181,7625588324afdde16d3f,2b8c8f6cf076c155bc4d,False,Code Execution & Injection,cisa_tipo:xss,alta,asignada,2024-12-23,fecha_fuente_no_verificada_como_incidente,registro_vulnerabilidad,acclaim systems,,usaherds,acclaim systems,2,False
palo alto networks,pan-os,palo alto networks pan-os malicious dns packet vulnerability,30/12/2024,medium,cisa,generic vulnerability,generic vulnerability,medium,180,0d13ac1b2d63c5f33795,ecee77bfe91fc64c0d40,False,,texto_insuficiente,pendiente,requiere_revision,2024-12-30,fecha_fuente_no_verificada_como_incidente,registro_vulnerabilidad,palo alto networks,,pan-os,palo alto networks,2,False
mitel,micollab,mitel micollab path traversal vulnerability,07/01/2025,high,cisa,path_traversal,path_traversal,high,178,18452f84b1386d35f813,3068016db403dbcf0ad8,False,Data Collection & Exfiltration,cisa_tipo:path traversal,alta,asignada,2025-01-07,fecha_fuente_no_verificada_como_incidente,registro_vulnerabilidad,mitel,,micollab,mitel,4,False
oracle,weblogic server,oracle weblogic server unspecified vulnerability,07/01/2025,medium,cisa,unspecified,unspecified,medium,177,8ae877d4cd242b52a905,50f221ca2a16fae5eac7,False,,texto_insuficiente,pendiente,requiere_revision,2025-01-07,fecha_fuente_no_verificada_como_incidente,registro_vulnerabilidad,oracle,,weblogic server,oracle,2,False
ivanti,"connect secure, policy secure, and zta gateways","ivanti connect secure, policy secure, and zta gateways stack-based buffer overflow vulnerability",08/01/2025,high,cisa,memory_corruption,buffer_overflow,high,176,980abda473fbe6554d0f,0f9005da67dd2834e9e5,False,Memory & Software Safety,cisa_tipo:memory corruption,alta,asignada,2025-01-08,fecha_fuente_no_verificada_como_incidente,registro_vulnerabilidad,ivanti,,"connect secure, policy secure, and zta gateways",ivanti,4,False
qlik,sense,qlik sense http tunneling vulnerability,13/01/2025,medium,cisa,generic vulnerability,generic vulnerability,medium,174,5731f632f75c55fb0b8a,b75e9bb47fbb5b4dc7d1,False,Reconnaissance & Attack Operations,cisa_nombre:http tunneling,media,asignada,2025-01-13,fecha_fuente_no_verificada_como_incidente,registro_vulnerabilidad,qlik,,sense,qlik,2,False
beyondtrust,privileged remote access (pra) and remote support (rs),beyondtrust privileged remote access (pra) and remote support (rs) os command injection vulnerability,13/01/2025,high,cisa,injection,other_injection,high,175,64253dd2adc22cf1fc3b,da835cc2179e8fec6bbc,False,Code Execution & Injection,cisa_tipo:injection,alta,asignada,2025-01-13,fecha_fuente_no_verificada_como_incidente,registro_vulnerabilidad,beyondtrust,,privileged remote access (pra) and remote support (rs),beyondtrust,4,False
microsoft,windows,microsoft windows hyper-v nt kernel integration vsp heap-based buffer overflow vulnerability,14/01/2025,high,cisa,memory_corruption,buffer_overflow,high,172,255cf7c545bed27802e3,ceafdb8270537a9e04f3,False,Memory & Software Safety,cisa_tipo:memory corruption,alta,asignada,2025-01-14,fecha_fuente_no_verificada_como_incidente,registro_vulnerabilidad,microsoft,,windows,microsoft,4,False
microsoft,windows,microsoft windows hyper-v nt kernel integration vsp use-after-free vulnerability,14/01/2025,high,cisa,use-after-free,use-after-free,high,170,2fe2f688869933e92f99,d0ca4abb0ec1dd41c538,False,Memory & Software Safety,cisa_tipo:use-after-free,alta,asignada,2025-01-14,fecha_fuente_no_verificada_como_incidente,registro_vulnerabilidad,microsoft,,windows,microsoft,4,False
fortinet,fortios and fortiproxy,fortinet fortios and fortiproxy authentication bypass vulnerability,14/01/2025,medium/high,cisa,authentication issues,authentication issues,medium/high,173,e392c860ed35a54ff758,046ac5af141f9332fcf1,False,"Identity, Access & Persistence",cisa_tipo:authentication issues,alta,asignada,2025-01-14,fecha_fuente_no_verificada_como_incidente,registro_vulnerabilidad,fortinet,,fortios and fortiproxy,fortinet,3,False
aviatrix,controllers,aviatrix controllers os command injection vulnerability,16/01/2025,high,cisa,injection,other_injection,high,169,47d822a4e382d50979cf,0a494febbb4e7151a590,False,Code Execution & Injection,cisa_tipo:injection,alta,asignada,2025-01-16,fecha_fuente_no_verificada_como_incidente,registro_vulnerabilidad,aviatrix,,controllers,aviatrix,4,False
jquery,jquery,jquery cross-site scripting (xss) vulnerability,23/01/2025,medium,cisa,xss,cross_site_scripting,medium,168,0ca1995dd922400d2f30,a3ea64cbbcef9be85dc9,False,Code Execution & Injection,cisa_tipo:xss,alta,asignada,2025-01-23,fecha_fuente_no_verificada_como_incidente,registro_vulnerabilidad,jquery,,jquery,jquery,2,False
sonicwall,sma1000 appliances,sonicwall sma1000 appliances deserialization vulnerability,24/01/2025,high,cisa,insecure_deserialization,insecure_deserialization,high,167,7f8c812e72ee4f974624,5ea2333983f4fe0611cc,False,Code Execution & Injection,cisa_tipo:insecure deserialization,alta,asignada,2025-01-24,fecha_fuente_no_verificada_como_incidente,registro_vulnerabilidad,sonicwall,,sma1000 appliances,sonicwall,4,False
apple,multiple products,apple multiple products use-after-free vulnerability,29/01/2025,high,cisa,use-after-free,use-after-free,high,166,3f89ccb38634fe6d310f,0dd047efab66e85c5823,False,Memory & Software Safety,cisa_tipo:use-after-free,alta,asignada,2025-01-29,fecha_fuente_no_verificada_como_incidente,registro_vulnerabilidad,apple,,multiple products,apple,4,False
linux,,hide artifacts: bind mounts,30/01/2025,medium/high,mitre,hide artifacts: bind mounts,hide artifacts: bind mounts,medium/high,1719,e3f9b3e7bb2327766995,076099d7ea81464b4496,False,Reconnaissance & Attack Operations,mitre_parent:hide artifacts,alta,asignada,2025-01-30,fecha_fuente_no_verificada_como_incidente,tecnica_mitre,,linux,__NO_INFORMADO__,linux,3,False
"linux, windows, macos",,exclusive control,31/01/2025,medium/high,mitre,exclusive control,exclusive control,medium/high,1659,4b3724c53daf7c2b7b40,83471edfb592d15d72dd,False,"Identity, Access & Persistence",mitre_parent:exclusive control,alta,asignada,2025-01-31,fecha_fuente_no_verificada_como_incidente,tecnica_mitre,,"linux, windows, macos",__NO_INFORMADO__,"linux, windows, macos",3,False
"linux, office suite, windows, macos",,email bombing,31/01/2025,critical,mitre,email bombing,email bombing,critical,1622,717ed82235b98f01667d,d6800bd7342ebb493436,False,Impact & Availability,mitre_parent:email bombing,alta,asignada,2025-01-31,fecha_fuente_no_verificada_como_incidente,tecnica_mitre,,"linux, office suite, windows, macos",__NO_INFORMADO__,"linux, office suite, windows, macos",5,False
paessler,prtg network monitor,paessler prtg network monitor local file inclusion vulnerability,04/02/2025,medium,cisa,unspecified,unspecified,medium,162,74ed4a0f2cab834f349e,6d2451c218512f2a3b96,False,Data Collection & Exfiltration,cisa_nombre:information disclosure|information leak|disclosure|exposure of|directory traversal|path traversal|path transversal|file inclusion|external control of file name|link following|improper link resolution|arbitrary file (read|download)|file download|file read|sensitive information,media,asignada,2025-02-04,fecha_fuente_no_verificada_como_incidente,registro_vulnerabilidad,paessler,,prtg network monitor,paessler,2,False
paessler,prtg network monitor,paessler prtg network monitor os command injection vulnerability,04/02/2025,high,cisa,injection,other_injection,high,163,a0662a4c22b7626e878d,e910ca91a33b8c2f09bf,False,Code Execution & Injection,cisa_tipo:injection,alta,asignada,2025-02-04,fecha_fuente_no_verificada_como_incidente,registro_vulnerabilidad,paessler,,prtg network monitor,paessler,4,False
apache,ofbiz,apache ofbiz forced browsing vulnerability,04/02/2025,high,cisa,remote_code_execution,remote_code_execution,high,165,d921b9e05774cbae0263,2700d4b28b56e25a84d7,False,Code Execution & Injection,cisa_tipo:remote code execution,alta,asignada,2025-02-04,fecha_fuente_no_verificada_como_incidente,registro_vulnerabilidad,apache,,ofbiz,apache,4,False
microsoft,net framework,microsoft .net framework information disclosure vulnerability,04/02/2025,medium,cisa,generic vulnerability,generic vulnerability,medium,164,f07ea0d83b491103eeeb,a41c576c86ca23737190,False,Data Collection & Exfiltration,cisa_nombre:information disclosure|information leak|disclosure|exposure of|directory traversal|path traversal|path transversal|file inclusion|external control of file name|link following|improper link resolution|arbitrary file (read|download)|file download|file read|sensitive information,media,asignada,2025-02-04,fecha_fuente_no_verificada_como_incidente,registro_vulnerabilidad,microsoft,,net framework,microsoft,2,False
linux,kernel,linux kernel out-of-bounds write vulnerability,05/02/2025,high,cisa,out-of-bounds write,out-of-bounds write,high,161,95ee1bdbdb1edf3b1262,7d5f2272f721fc126ce2,False,Memory & Software Safety,cisa_tipo:out-of-bounds write,alta,asignada,2025-02-05,fecha_fuente_no_verificada_como_incidente,registro_vulnerabilidad,linux,,kernel,linux,4,False
sophos,cyberoamos,cyberoamos (cros) sql injection vulnerability,06/02/2025,high,cisa,injection,other_injection,high,157,1357a2a5967479e10f1e,bc762a7b979a53873177,False,Code Execution & Injection,cisa_tipo:injection,alta,asignada,2025-02-06,fecha_fuente_no_verificada_como_incidente,registro_vulnerabilidad,sophos,,cyberoamos,sophos,4,False
sophos,xg firewall,sophos xg firewall buffer overflow vulnerability,06/02/2025,high,cisa,memory_corruption,buffer_overflow,high,156,2a0be0c2558027d0756b,28838cccf05a68d7626b,False,Memory & Software Safety,cisa_tipo:memory corruption,alta,asignada,2025-02-06,fecha_fuente_no_verificada_como_incidente,registro_vulnerabilidad,sophos,,xg firewall,sophos,4,False
audinate,dante discovery,dante discovery process control vulnerability,06/02/2025,medium,cisa,generic vulnerability,generic vulnerability,medium,159,c74605a5cd178485b6fd,e4a7ee7a79b6051bf31d,False,,texto_insuficiente,pendiente,requiere_revision,2025-02-06,fecha_fuente_no_verificada_como_incidente,registro_vulnerabilidad,audinate,,dante discovery,audinate,2,False
microsoft,office outlook,microsoft outlook improper input validation vulnerability,06/02/2025,medium,cisa,generic vulnerability,generic vulnerability,medium,158,e40b77f28d1cb1ff4ed6,c3532b9ed9c9c695d403,False,Memory & Software Safety,cisa_nombre:buffer overflow|memory corruption|out.of.bounds|use.after.free|type confusion|double.free|heap.based|stack.based|integer overflow|integer underflow|race condition|time.of.check|arbitrary read and write|uninitialized (memory|variable)|improper input validation|improper validation|improper resource (shutdown|release)|null pointer|memory initialization|memory leak|format string|untrusted pointer dereference|double dereference|out.of.range pointer|record corruption|insufficient (input|data) validation|invalid input|data validation|detection of error condition,media,asignada,2025-02-06,fecha_fuente_no_verificada_como_incidente,registro_vulnerabilidad,microsoft,,office outlook,microsoft,2,False
7-zip,7-zip,7-zip mark of the web bypass vulnerability,06/02/2025,medium/high,cisa,authentication issues,authentication issues,medium/high,160,fd1859d053a63f7de5db,1de912e1d4a87933250d,False,"Identity, Access & Persistence",cisa_tipo:authentication issues,alta,asignada,2025-02-06,fecha_fuente_no_verificada_como_incidente,registro_vulnerabilidad,7-zip,,7-zip,7-zip,3,False
trimble,cityworks,trimble cityworks deserialization vulnerability,07/02/2025,high,cisa,insecure_deserialization,insecure_deserialization,high,155,5d28d153d67af459efc6,9c26da26919c1e471b10,False,Code Execution & Injection,cisa_tipo:insecure deserialization,alta,asignada,2025-02-07,fecha_fuente_no_verificada_como_incidente,registro_vulnerabilidad,trimble,,cityworks,trimble,4,False
microsoft,windows,microsoft windows ancillary function driver for winsock heap-based buffer overflow vulnerability,11/02/2025,high,cisa,memory_corruption,buffer_overflow,high,153,6744d1f65a175010cc06,cdec5cd0dfabc64e3d23,False,Memory & Software Safety,cisa_tipo:memory corruption,alta,asignada,2025-02-11,fecha_fuente_no_verificada_como_incidente,registro_vulnerabilidad,microsoft,,windows,microsoft,4,False
microsoft,windows,microsoft windows storage link following vulnerability,11/02/2025,medium,cisa,generic vulnerability,generic vulnerability,medium,154,97d9ea592d71abd87658,e355f0a6de242ad9e737,False,Data Collection & Exfiltration,cisa_nombre:information disclosure|information leak|disclosure|exposure of|directory traversal|path traversal|path transversal|file inclusion|external control of file name|link following|improper link resolution|arbitrary file (read|download)|file download|file read|sensitive information,media,asignada,2025-02-11,fecha_fuente_no_verificada_como_incidente,registro_vulnerabilidad,microsoft,,windows,microsoft,2,False
zyxel,dsl cpe devices,zyxel dsl cpe os command injection vulnerability,11/02/2025,high,cisa,injection,other_injection,high,151,ae42417b07fc2ff7cfb4,dea1171d6538e1c6bffb,False,Code Execution & Injection,cisa_tipo:injection,alta,asignada,2025-02-11,fecha_fuente_no_verificada_como_incidente,registro_vulnerabilidad,zyxel,,dsl cpe devices,zyxel,4,False
apple,ios and ipados,apple ios and ipados incorrect authorization vulnerability,12/02/2025,medium/high,cisa,dos,denial_of_service,medium/high,149,87c8d3c2010f225b3d3e,789492837f6f4b76b8c4,False,Impact & Availability,cisa_tipo:dos,alta,asignada,2025-02-12,fecha_fuente_no_verificada_como_incidente,registro_vulnerabilidad,apple,,ios and ipados,apple,3,False
mitel,sip phones,mitel sip phones argument injection vulnerability,12/02/2025,high,cisa,injection,other_injection,high,150,da44c7de46f50899dfd4,5a6ff612adf86617ec23,False,Code Execution & Injection,cisa_tipo:injection,alta,asignada,2025-02-12,fecha_fuente_no_verificada_como_incidente,registro_vulnerabilidad,mitel,,sip phones,mitel,4,False
simplehelp,simplehelp,simplehelp path traversal vulnerability,13/02/2025,high,cisa,path_traversal,path_traversal,high,148,e67dd0c06d51f9aec20e,ca89455d6037befa7b71,False,Data Collection & Exfiltration,cisa_tipo:path traversal,alta,asignada,2025-02-13,fecha_fuente_no_verificada_como_incidente,registro_vulnerabilidad,simplehelp,,simplehelp,simplehelp,4,False
sonicwall,sonicos,sonicwall sonicos sslvpn improper authentication vulnerability,18/02/2025,medium,cisa,authentication issues,authentication issues,medium,147,262f77fec81c84404001,c7adb2610cb6e69dafcd,False,"Identity, Access & Persistence",cisa_tipo:authentication issues,alta,asignada,2025-02-18,fecha_fuente_no_verificada_como_incidente,registro_vulnerabilidad,sonicwall,,sonicos,sonicwall,2,False
palo alto networks,pan-os,palo alto networks pan-os authentication bypass vulnerability,18/02/2025,medium/high,cisa,authentication issues,authentication issues,medium/high,146,4e3808d7eb9b1cf29ed5,fa7ac44e849247349b1e,False,"Identity, Access & Persistence",cisa_tipo:authentication issues,alta,asignada,2025-02-18,fecha_fuente_no_verificada_como_incidente,registro_vulnerabilidad,palo alto networks,,pan-os,palo alto networks,3,False
craft cms,craft cms,craft cms code injection vulnerability,20/02/2025,high,cisa,injection,other_injection,high,145,3812a06214b1bb131c01,8ec0847f701bf0a774dc,False,Code Execution & Injection,cisa_tipo:injection,alta,asignada,2025-02-20,fecha_fuente_no_verificada_como_incidente,registro_vulnerabilidad,craft cms,,craft cms,craft cms,4,False
palo alto networks,pan-os,palo alto networks pan-os file read vulnerability,20/02/2025,medium,cisa,generic vulnerability,generic vulnerability,medium,144,c89a4da96fc3191dad34,2a034760a40afc8626ea,False,Data Collection & Exfiltration,cisa_nombre:information disclosure|information leak|disclosure|exposure of|directory traversal|path traversal|path transversal|file inclusion|external control of file name|link following|improper link resolution|arbitrary file (read|download)|file download|file read|sensitive information,media,asignada,2025-02-20,fecha_fuente_no_verificada_como_incidente,registro_vulnerabilidad,palo alto networks,,pan-os,palo alto networks,2,False
microsoft,power pages,microsoft power pages improper access control vulnerability,21/02/2025,medium,cisa,generic vulnerability,generic vulnerability,medium,143,1a42657fbea2c989afc9,e316d24a971b9bd09ea6,False,"Identity, Access & Persistence",cisa_nombre:authentication|authorization|unauthorized access|privilege|credentials?|password|hard.coded|access control|permission|ownership|improper isolation|sandbox escape|session fixation|security feature bypass|protection mechanism|improper certificate|certificate validation|missing encryption|cryptographic|signature verification|integrity check|integrity verification|unprotected alternate channel|protection of alternate|spoofing|inadequate encryption strength|insecure direct object reference|dll side.loading|dll hijacking|uncontrolled search path,media,asignada,2025-02-21,fecha_fuente_no_verificada_como_incidente,registro_vulnerabilidad,microsoft,,power pages,microsoft,2,False
adobe,coldfusion,adobe coldfusion deserialization vulnerability,24/02/2025,high,cisa,insecure_deserialization,insecure_deserialization,high,142,005c88c08003afc03847,cb831eed6b1a632b74d9,False,Code Execution & Injection,cisa_tipo:insecure deserialization,alta,asignada,2025-02-24,fecha_fuente_no_verificada_como_incidente,registro_vulnerabilidad,adobe,,coldfusion,adobe,4,False
oracle,agile product lifecycle management (plm),oracle agile product lifecycle management (plm) deserialization vulnerability,24/02/2025,high,cisa,insecure_deserialization,insecure_deserialization,high,141,5b13f05b5f60919f8d60,186b0647792c098f7d28,False,Code Execution & Injection,cisa_tipo:insecure deserialization,alta,asignada,2025-02-24,fecha_fuente_no_verificada_como_incidente,registro_vulnerabilidad,oracle,,agile product lifecycle management (plm),oracle,4,False
microsoft,partner center,microsoft partner center improper access control vulnerability,25/02/2025,medium,cisa,generic vulnerability,generic vulnerability,medium,140,15bd8b1aeb83f24ee042,34713fcf7691d136ad51,False,"Identity, Access & Persistence",cisa_nombre:authentication|authorization|unauthorized access|privilege|credentials?|password|hard.coded|access control|permission|ownership|improper isolation|sandbox escape|session fixation|security feature bypass|protection mechanism|improper certificate|certificate validation|missing encryption|cryptographic|signature verification|integrity check|integrity verification|unprotected alternate channel|protection of alternate|spoofing|inadequate encryption strength|insecure direct object reference|dll side.loading|dll hijacking|uncontrolled search path,media,asignada,2025-02-25,fecha_fuente_no_verificada_como_incidente,registro_vulnerabilidad,microsoft,,partner center,microsoft,2,False
synacor,zimbra collaboration suite (zcs),synacor zimbra collaboration suite (zcs) cross-site scripting (xss) vulnerability,25/02/2025,medium,cisa,xss,cross_site_scripting,medium,139,74e85e1fe72ef3b30470,61932a6b342c12fdb2a9,False,Code Execution & Injection,cisa_tipo:xss,alta,asignada,2025-02-25,fecha_fuente_no_verificada_como_incidente,registro_vulnerabilidad,synacor,,zimbra collaboration suite (zcs),synacor,2,False
"linux, network devices, windows, macos",,wi-fi networks,25/02/2025,high,mitre,wi-fi networks,wi-fi networks,high,2095,803c2031e82040fc71a3,54bc36573f55b74a592e,False,"Identity, Access & Persistence",mitre_parent:wi-fi networks,alta,asignada,2025-02-25,fecha_fuente_no_verificada_como_incidente,tecnica_mitre,,"linux, network devices, windows, macos",__NO_INFORMADO__,"linux, network devices, windows, macos",4,False
hitachi vantara,pentaho business analytics (ba) server,hitachi vantara pentaho ba server authorization bypass vulnerability,03/03/2025,medium/high,cisa,authentication issues,authentication issues,medium/high,137,2ff2614e94d04385e82a,e18ad065141ca7d48302,False,"Identity, Access & Persistence",cisa_tipo:authentication issues,alta,asignada,2025-03-03,fecha_fuente_no_verificada_como_incidente,registro_vulnerabilidad,hitachi vantara,,pentaho business analytics (ba) server,hitachi vantara,3,False
progress,whatsup gold,progress whatsup gold path traversal vulnerability,03/03/2025,high,cisa,path_traversal,path_traversal,high,134,628d1ba8e49f08e6ee1e,f8105533c401efb946d5,False,Data Collection & Exfiltration,cisa_tipo:path traversal,alta,asignada,2025-03-03,fecha_fuente_no_verificada_como_incidente,registro_vulnerabilidad,progress,,whatsup gold,progress,4,False
hitachi vantara,pentaho business analytics (ba) server,hitachi vantara pentaho ba server special element injection vulnerability,03/03/2025,high,cisa,injection,other_injection,high,136,6e9448de9e29887d4381,6c3ccc7c5665846a5cec,False,Code Execution & Injection,cisa_tipo:injection,alta,asignada,2025-03-03,fecha_fuente_no_verificada_como_incidente,registro_vulnerabilidad,hitachi vantara,,pentaho business analytics (ba) server,hitachi vantara,4,False
cisco,small business rv series routers,cisco small business rv series routers command injection vulnerability,03/03/2025,high,cisa,injection,other_injection,high,138,85349c9ed16ab56f9dee,296cd83d0a6bd33491d6,False,Code Execution & Injection,cisa_tipo:injection,alta,asignada,2025-03-03,fecha_fuente_no_verificada_como_incidente,registro_vulnerabilidad,cisco,,small business rv series routers,cisco,4,False
microsoft,windows,microsoft windows win32k improper resource shutdown or release vulnerability,03/03/2025,high,cisa,remote_code_execution,remote_code_execution,high,135,fc0b9e15ed34cc697371,707db07b8959cba99827,False,Code Execution & Injection,cisa_tipo:remote code execution,alta,asignada,2025-03-03,fecha_fuente_no_verificada_como_incidente,registro_vulnerabilidad,microsoft,,windows,microsoft,4,False
vmware,esxi,vmware esxi arbitrary write vulnerability,04/03/2025,medium,cisa,generic vulnerability,generic vulnerability,medium,131,17efb8508b51f994732d,68d09889a14995dbd7e8,False,,texto_insuficiente,pendiente,requiere_revision,2025-03-04,fecha_fuente_no_verificada_como_incidente,registro_vulnerabilidad,vmware,,esxi,vmware,2,False
"linux, windows, macos",,obfuscated files or information: compression,04/03/2025,medium/high,mitre,obfuscated files or information: compression,obfuscated files or information: compression,medium/high,1848,5d5752d7d27cd0ede551,f2730e36d1e96444a96f,False,Reconnaissance & Attack Operations,mitre_parent:obfuscated files or information,alta,asignada,2025-03-04,fecha_fuente_no_verificada_como_incidente,tecnica_mitre,,"linux, windows, macos",__NO_INFORMADO__,"linux, windows, macos",3,False
vmware,esxi and workstation,vmware esxi and workstation toctou race condition vulnerability,04/03/2025,medium,cisa,generic vulnerability,generic vulnerability,medium,132,6c649f68a50090903a1b,2bbd93eff87eadd69287,False,Memory & Software Safety,cisa_nombre:buffer overflow|memory corruption|out.of.bounds|use.after.free|type confusion|double.free|heap.based|stack.based|integer overflow|integer underflow|race condition|time.of.check|arbitrary read and write|uninitialized (memory|variable)|improper input validation|improper validation|improper resource (shutdown|release)|null pointer|memory initialization|memory leak|format string|untrusted pointer dereference|double dereference|out.of.range pointer|record corruption|insufficient (input|data) validation|invalid input|data validation|detection of error condition,media,asignada,2025-03-04,fecha_fuente_no_verificada_como_incidente,registro_vulnerabilidad,vmware,,esxi and workstation,vmware,2,False
"linux, windows, macos",,obfuscated files or information: junk code insertion,04/03/2025,medium/high,mitre,obfuscated files or information: junk code insertion,obfuscated files or information: junk code insertion,medium/high,1855,8f20e3237d84847b3cea,cec3ac4738b651831c16,False,Reconnaissance & Attack Operations,mitre_parent:obfuscated files or information,alta,asignada,2025-03-04,fecha_fuente_no_verificada_como_incidente,tecnica_mitre,,"linux, windows, macos",__NO_INFORMADO__,"linux, windows, macos",3,False
vmware,"esxi, workstation, and fusion","vmware esxi, workstation, and fusion information disclosure vulnerability",04/03/2025,medium,cisa,generic vulnerability,generic vulnerability,medium,130,d9d227eaedec6fb1f99a,1fc324902a7a4df6308f,False,Data Collection & Exfiltration,cisa_nombre:information disclosure|information leak|disclosure|exposure of|directory traversal|path traversal|path transversal|file inclusion|external control of file name|link following|improper link resolution|arbitrary file (read|download)|file download|file read|sensitive information,media,asignada,2025-03-04,fecha_fuente_no_verificada_como_incidente,registro_vulnerabilidad,vmware,,"esxi, workstation, and fusion",vmware,2,False
linux,kernel,linux kernel use of uninitialized resource vulnerability,04/03/2025,high,cisa,remote_code_execution,remote_code_execution,high,133,eed51644f0092e61c682,b69edb873e73c5d3c79b,False,Code Execution & Injection,cisa_tipo:remote code execution,alta,asignada,2025-03-04,fecha_fuente_no_verificada_como_incidente,registro_vulnerabilidad,linux,,kernel,linux,4,False
advantive,veracore,advantive veracore sql injection vulnerability,10/03/2025,high,cisa,injection,other_injection,high,129,2183c1faa2daab049f29,08d0a55204a80225f886,False,Code Execution & Injection,cisa_tipo:injection,alta,asignada,2025-03-10,fecha_fuente_no_verificada_como_incidente,registro_vulnerabilidad,advantive,,veracore,advantive,4,False
ivanti,endpoint manager (epm),ivanti endpoint manager (epm) absolute path traversal vulnerability,10/03/2025,high,cisa,path_traversal,path_traversal,high,125,3f7b38635eb373068f8c,777be31b418572c3d516,False,Data Collection & Exfiltration,cisa_tipo:path traversal,alta,asignada,2025-03-10,fecha_fuente_no_verificada_como_incidente,registro_vulnerabilidad,ivanti,,endpoint manager (epm),ivanti,4,False
advantive,veracore,advantive veracore unrestricted file upload vulnerability,10/03/2025,medium,cisa,generic vulnerability,generic vulnerability,medium,128,d7d0e5872b62ad313b34,6cd49e96102b613c86e5,False,Code Execution & Injection,cisa_nombre:code execution|command execution|code injection|command injection|sql injection|injection|deserialization|cross.site scripting|xss|file upload|upload of|file type upload|embedded malicious code|download of code|arbitrary code|improper neutralization|improper escaping|server.side request forgery|request smuggling|http request splitting,media,asignada,2025-03-10,fecha_fuente_no_verificada_como_incidente,registro_vulnerabilidad,advantive,,veracore,advantive,2,False
microsoft,windows,microsoft windows ntfs heap-based buffer overflow vulnerability,11/03/2025,high,cisa,memory_corruption,buffer_overflow,high,119,2e97acc974ca16364cfd,75ee220f35dce72b34bb,False,Memory & Software Safety,cisa_tipo:memory corruption,alta,asignada,2025-03-11,fecha_fuente_no_verificada_como_incidente,registro_vulnerabilidad,microsoft,,windows,microsoft,4,False
microsoft,windows,microsoft windows ntfs information disclosure vulnerability,11/03/2025,medium,cisa,generic vulnerability,generic vulnerability,medium,122,35874964f33fb6f863e3,4ebbd191f00e39aef332,False,Data Collection & Exfiltration,cisa_nombre:information disclosure|information leak|disclosure|exposure of|directory traversal|path traversal|path transversal|file inclusion|external control of file name|link following|improper link resolution|arbitrary file (read|download)|file download|file read|sensitive information,media,asignada,2025-03-11,fecha_fuente_no_verificada_como_incidente,registro_vulnerabilidad,microsoft,,windows,microsoft,2,False
microsoft,windows,microsoft windows ntfs out-of-bounds read vulnerability,11/03/2025,medium,cisa,generic vulnerability,generic vulnerability,medium,120,760ef893ca8377f432c8,8659beba44cdd26b72c1,False,Memory & Software Safety,cisa_nombre:buffer overflow|memory corruption|out.of.bounds|use.after.free|type confusion|double.free|heap.based|stack.based|integer overflow|integer underflow|race condition|time.of.check|arbitrary read and write|uninitialized (memory|variable)|improper input validation|improper validation|improper resource (shutdown|release)|null pointer|memory initialization|memory leak|format string|untrusted pointer dereference|double dereference|out.of.range pointer|record corruption|insufficient (input|data) validation|invalid input|data validation|detection of error condition,media,asignada,2025-03-11,fecha_fuente_no_verificada_como_incidente,registro_vulnerabilidad,microsoft,,windows,microsoft,2,False
microsoft,windows,microsoft windows management console (mmc) improper neutralization vulnerability,11/03/2025,medium,cisa,generic vulnerability,generic vulnerability,medium,124,a2c7df5773ed35684ad7,70f3cdef3c3bc73d3f89,False,Code Execution & Injection,cisa_nombre:code execution|command execution|code injection|command injection|sql injection|injection|deserialization|cross.site scripting|xss|file upload|upload of|file type upload|embedded malicious code|download of code|arbitrary code|improper neutralization|improper escaping|server.side request forgery|request smuggling|http request splitting,media,asignada,2025-03-11,fecha_fuente_no_verificada_como_incidente,registro_vulnerabilidad,microsoft,,windows,microsoft,2,False
microsoft,windows,microsoft windows win32k use-after-free vulnerability,11/03/2025,high,cisa,use-after-free,use-after-free,high,123,e95c1b464de34c296448,f0d0819ab8d29d9c3535,False,Memory & Software Safety,cisa_tipo:use-after-free,alta,asignada,2025-03-11,fecha_fuente_no_verificada_como_incidente,registro_vulnerabilidad,microsoft,,windows,microsoft,4,False
microsoft,windows,microsoft windows fast fat file system driver integer overflow vulnerability,11/03/2025,high,cisa,memory_corruption,buffer_overflow,high,121,efba4bf6172f428e3a00,b0b667a967414b9409bc,False,Memory & Software Safety,cisa_tipo:memory corruption,alta,asignada,2025-03-11,fecha_fuente_no_verificada_como_incidente,registro_vulnerabilidad,microsoft,,windows,microsoft,4,False
apple,multiple products,apple multiple products webkit out-of-bounds write vulnerability,13/03/2025,high,cisa,out-of-bounds write,out-of-bounds write,high,118,126423c999f0270db722,bb382b58a4b1506bc0da,False,Memory & Software Safety,cisa_tipo:out-of-bounds write,alta,asignada,2025-03-13,fecha_fuente_no_verificada_como_incidente,registro_vulnerabilidad,apple,,multiple products,apple,4,False
juniper,junos os,juniper junos os improper isolation or compartmentalization vulnerability,13/03/2025,medium,cisa,generic vulnerability,generic vulnerability,medium,117,477f325494171748e4b3,78eb43bfd263ebd5b06c,False,"Identity, Access & Persistence",cisa_nombre:authentication|authorization|unauthorized access|privilege|credentials?|password|hard.coded|access control|permission|ownership|improper isolation|sandbox escape|session fixation|security feature bypass|protection mechanism|improper certificate|certificate validation|missing encryption|cryptographic|signature verification|integrity check|integrity verification|unprotected alternate channel|protection of alternate|spoofing|inadequate encryption strength|insecure direct object reference|dll side.loading|dll hijacking|uncontrolled search path,media,asignada,2025-03-13,fecha_fuente_no_verificada_como_incidente,registro_vulnerabilidad,juniper,,junos os,juniper,2,False
fortinet,fortios and fortiproxy,fortinet fortios and fortiproxy authentication bypass vulnerability,18/03/2025,medium/high,cisa,authentication issues,authentication issues,medium/high,116,0e35608c1565d5e72972,046ac5af141f9332fcf1,False,"Identity, Access & Persistence",cisa_tipo:authentication issues,alta,asignada,2025-03-18,fecha_fuente_no_verificada_como_incidente,registro_vulnerabilidad,fortinet,,fortios and fortiproxy,fortinet,3,False
linux,,system services: systemctl,18/03/2025,high,mitre,system services: systemctl,system services: systemctl,high,2043,1dec2d48dd7c1c6e2d8d,6538fa33ed92355e6251,False,Code Execution & Injection,mitre_parent:system services,alta,asignada,2025-03-18,fecha_fuente_no_verificada_como_incidente,tecnica_mitre,,linux,__NO_INFORMADO__,linux,4,False
"linux, windows, macos",,user execution: malicious copy and paste,18/03/2025,high,mitre,user execution: malicious copy and paste,user execution: malicious copy and paste,high,2073,c2af9e9dbe3ac89b4e59,9693a5808b50bf2e5a96,False,Code Execution & Injection,mitre_parent:user execution,alta,asignada,2025-03-18,fecha_fuente_no_verificada_como_incidente,tecnica_mitre,,"linux, windows, macos",__NO_INFORMADO__,"linux, windows, macos",4,False
tj-actions,changed-files github action,tj-actions/changed-files github action embedded malicious code vulnerability,18/03/2025,medium,cisa,generic vulnerability,generic vulnerability,medium,115,f82ff4857d3d5db21444,f8ccb75d5f89685dc1b1,False,Code Execution & Injection,cisa_nombre:code execution|command execution|code injection|command injection|sql injection|injection|deserialization|cross.site scripting|xss|file upload|upload of|file type upload|embedded malicious code|download of code|arbitrary code|improper neutralization|improper escaping|server.side request forgery|request smuggling|http request splitting,media,asignada,2025-03-18,fecha_fuente_no_verificada_como_incidente,registro_vulnerabilidad,tj-actions,,changed-files github action,tj-actions,2,False
sap,netweaver,sap netweaver directory traversal vulnerability,19/03/2025,high,cisa,path_traversal,path_traversal,high,112,35286133a743e0f8d3c5,a393f0a25e7498d92275,False,Data Collection & Exfiltration,cisa_tipo:path traversal,alta,asignada,2025-03-19,fecha_fuente_no_verificada_como_incidente,registro_vulnerabilidad,sap,,netweaver,sap,4,False
nakivo,backup and replication,nakivo backup and replication absolute path traversal vulnerability,19/03/2025,high,cisa,path_traversal,path_traversal,high,113,48bfe1cefe9405bfdac8,3cbaed3f05379610768f,False,Data Collection & Exfiltration,cisa_tipo:path traversal,alta,asignada,2025-03-19,fecha_fuente_no_verificada_como_incidente,registro_vulnerabilidad,nakivo,,backup and replication,nakivo,4,False
edimax,ic-7100 ip camera,edimax ic-7100 ip camera os command injection vulnerability,19/03/2025,high,cisa,injection,other_injection,high,114,4d7d587b882305fd10ef,a1fa8d14a48d216e1715,False,Code Execution & Injection,cisa_tipo:injection,alta,asignada,2025-03-19,fecha_fuente_no_verificada_como_incidente,registro_vulnerabilidad,edimax,,ic-7100 ip camera,edimax,4,False
"linux, windows, macos",,remote access tools: ide tunneling,20/03/2025,low,mitre,remote access tools: ide tunneling,remote access tools: ide tunneling,low,1924,14cfa71b14f477308adb,190298500771453dac78,False,"Identity, Access & Persistence",mitre_parent:remote access tools,alta,asignada,2025-03-20,fecha_fuente_no_verificada_como_incidente,tecnica_mitre,,"linux, windows, macos",__NO_INFORMADO__,"linux, windows, macos",0,False
"office suite, saas",,cloud application integration,20/03/2025,medium/high,mitre,cloud application integration,cloud application integration,medium/high,1512,b8a2f8aa2d53df93b98b,823e45aa09ef3a41da48,False,"Identity, Access & Persistence",mitre_parent:cloud application integration,alta,asignada,2025-03-20,fecha_fuente_no_verificada_como_incidente,tecnica_mitre,,"office suite, saas",__NO_INFORMADO__,"office suite, saas",3,False
windows,,trusted developer utilities proxy execution: jamplus,21/03/2025,medium/high,mitre,trusted developer utilities proxy execution: jamplus,trusted developer utilities proxy execution: jamplus,medium/high,2054,2d6a70b8935e2e6f754c,126bb264943455426f25,False,Code Execution & Injection,mitre_parent:trusted developer utilities proxy execution,alta,asignada,2025-03-21,fecha_fuente_no_verificada_como_incidente,tecnica_mitre,,windows,__NO_INFORMADO__,windows,3,False
reviewdog,action-setup github action,reviewdog/action-setup github action embedded malicious code vulnerability,24/03/2025,medium,cisa,generic vulnerability,generic vulnerability,medium,111,8b4b854e1c95ead1f39c,1c5a40f66292a956be33,False,Code Execution & Injection,cisa_nombre:code execution|command execution|code injection|command injection|sql injection|injection|deserialization|cross.site scripting|xss|file upload|upload of|file type upload|embedded malicious code|download of code|arbitrary code|improper neutralization|improper escaping|server.side request forgery|request smuggling|http request splitting,media,asignada,2025-03-24,fecha_fuente_no_verificada_como_incidente,registro_vulnerabilidad,reviewdog,,action-setup github action,reviewdog,2,False
"linux, windows, macos",,remote access tools: remote desktop software,24/03/2025,low,mitre,remote access tools: remote desktop software,remote access tools: remote desktop software,low,1926,c72ee5cad8edfa76baf2,0728a28ee4219e473e74,False,"Identity, Access & Persistence",mitre_parent:remote access tools,alta,asignada,2025-03-24,fecha_fuente_no_verificada_como_incidente,tecnica_mitre,,"linux, windows, macos",__NO_INFORMADO__,"linux, windows, macos",0,False
"linux, office suite, windows, macos",,email spoofing,24/03/2025,medium/high,mitre,email spoofing,email spoofing,medium/high,1627,de0a2b0f2a2324e9b6dd,1124621fc459f770fdd6,False,Reconnaissance & Attack Operations,mitre_parent:email spoofing,alta,asignada,2025-03-24,fecha_fuente_no_verificada_como_incidente,tecnica_mitre,,"linux, office suite, windows, macos",__NO_INFORMADO__,"linux, office suite, windows, macos",3,False
"linux, windows, macos",,obfuscated files or information: svg smuggling,25/03/2025,medium/high,mitre,obfuscated files or information: svg smuggling,obfuscated files or information: svg smuggling,medium/high,1858,e86181897c880379ae04,7b03b4e873c56d4d815c,False,Reconnaissance & Attack Operations,mitre_parent:obfuscated files or information,alta,asignada,2025-03-25,fecha_fuente_no_verificada_como_incidente,tecnica_mitre,,"linux, windows, macos",__NO_INFORMADO__,"linux, windows, macos",3,False
sitecore,cms and experience platform (xp),sitecore cms and experience platform (xp) deserialization vulnerability,26/03/2025,high,cisa,insecure_deserialization,insecure_deserialization,high,109,737e01d146dc968565c2,72ee3c347145b314bbc9,False,Code Execution & Injection,cisa_tipo:insecure deserialization,alta,asignada,2025-03-26,fecha_fuente_no_verificada_como_incidente,registro_vulnerabilidad,sitecore,,cms and experience platform (xp),sitecore,4,False
esxi,,command and scripting interpreter: hypervisor cli,26/03/2025,high,mitre,command and scripting interpreter: hypervisor cli,command and scripting interpreter: hypervisor cli,high,1521,b262ef683c641baf7fae,99863319d57e1349dde4,False,Code Execution & Injection,mitre_parent:command and scripting interpreter,alta,asignada,2025-03-26,fecha_fuente_no_verificada_como_incidente,tecnica_mitre,,esxi,__NO_INFORMADO__,esxi,4,False
"linux, windows, macos",,remote access tools: remote access hardware,26/03/2025,low,mitre,remote access tools: remote access hardware,remote access tools: remote access hardware,low,1925,f82c1deccb3548b02d21,628001c96e176751ad46,False,"Identity, Access & Persistence",mitre_parent:remote access tools,alta,asignada,2025-03-26,fecha_fuente_no_verificada_como_incidente,tecnica_mitre,,"linux, windows, macos",__NO_INFORMADO__,"linux, windows, macos",0,False
"linux, windows, macos",,input injection,27/03/2025,high,mitre,injection,other_injection,high,1780,054f6d47756a3ad315f8,7c4308366d792a28c79e,False,Code Execution & Injection,mitre_parent:input injection,alta,asignada,2025-03-27,fecha_fuente_no_verificada_como_incidente,tecnica_mitre,,"linux, windows, macos",__NO_INFORMADO__,"linux, windows, macos",4,False
google,chromium mojo,google chromium mojo sandbox escape vulnerability,27/03/2025,medium,cisa,unspecified,unspecified,medium,108,3ce5abab602e71d56a03,5c5c4ff4df9a696cec8a,False,"Identity, Access & Persistence",cisa_nombre:authentication|authorization|unauthorized access|privilege|credentials?|password|hard.coded|access control|permission|ownership|improper isolation|sandbox escape|session fixation|security feature bypass|protection mechanism|improper certificate|certificate validation|missing encryption|cryptographic|signature verification|integrity check|integrity verification|unprotected alternate channel|protection of alternate|spoofing|inadequate encryption strength|insecure direct object reference|dll side.loading|dll hijacking|uncontrolled search path,media,asignada,2025-03-27,fecha_fuente_no_verificada_como_incidente,registro_vulnerabilidad,google,,chromium mojo,google,2,False
"linux, macos",,hide artifacts: extended attributes,27/03/2025,medium/high,mitre,hide artifacts: extended attributes,hide artifacts: extended attributes,medium/high,1721,5663932667c0922b68b9,0d742a82a02b034addd3,False,Reconnaissance & Attack Operations,mitre_parent:hide artifacts,alta,asignada,2025-03-27,fecha_fuente_no_verificada_como_incidente,tecnica_mitre,,"linux, macos",__NO_INFORMADO__,"linux, macos",3,False
"esxi, linux, windows, macos",,virtual machine discovery,27/03/2025,medium,mitre,virtual machine discovery,virtual machine discovery,medium,2083,6cc2885cfda07785be66,4bae04ea35b95a3a3287,False,Reconnaissance & Attack Operations,mitre_parent:virtual machine discovery,alta,asignada,2025-03-27,fecha_fuente_no_verificada_como_incidente,tecnica_mitre,,"esxi, linux, windows, macos",__NO_INFORMADO__,"esxi, linux, windows, macos",2,False
esxi,,server software component: vsphere installation bundles,27/03/2025,medium/high,mitre,server software component: vsphere installation bundles,server software component: vsphere installation bundles,medium/high,1976,97a360ff8e3ce1030415,f33ffa53edef76b4550b,False,"Identity, Access & Persistence",mitre_parent:server software component,alta,asignada,2025-03-27,fecha_fuente_no_verificada_como_incidente,tecnica_mitre,,esxi,__NO_INFORMADO__,esxi,3,False
linux,,masquerading: overwrite process arguments,27/03/2025,medium/high,mitre,masquerading: overwrite process arguments,masquerading: overwrite process arguments,medium/high,1796,f541cc4b1bde81b02af0,834a3cfa82cb64b3a55f,False,Reconnaissance & Attack Operations,mitre_parent:masquerading,alta,asignada,2025-03-27,fecha_fuente_no_verificada_como_incidente,tecnica_mitre,,linux,__NO_INFORMADO__,linux,3,False
esxi,,esxi administration command,28/03/2025,high,mitre,esxi administration command,esxi administration command,high,1621,ffcec5e9c304230bb367,c47b0a6a4bcc3c717617,False,Code Execution & Injection,mitre_parent:esxi administration command,alta,asignada,2025-03-28,fecha_fuente_no_verificada_como_incidente,tecnica_mitre,,esxi,__NO_INFORMADO__,esxi,4,False
"linux, windows, macos",,software extensions: ide extensions,30/03/2025,medium/high,mitre,software extensions: ide extensions,software extensions: ide extensions,medium/high,1985,87fe6e75ba769a3f6c99,b36275d9085888fddfc7,False,"Identity, Access & Persistence",mitre_parent:software extensions,alta,asignada,2025-03-30,fecha_fuente_no_verificada_como_incidente,tecnica_mitre,,"linux, windows, macos",__NO_INFORMADO__,"linux, windows, macos",3,False
"linux, windows, macos",,software extensions: browser extensions,30/03/2025,medium/high,mitre,software extensions: browser extensions,software extensions: browser extensions,medium/high,1984,f0984ab7acb1b24406c3,24a265a8a1ae685c9495,False,"Identity, Access & Persistence",mitre_parent:software extensions,alta,asignada,2025-03-30,fecha_fuente_no_verificada_como_incidente,tecnica_mitre,,"linux, windows, macos",__NO_INFORMADO__,"linux, windows, macos",3,False
cisco,smart licensing utility,cisco smart licensing utility static credential vulnerability,31/03/2025,medium,cisa,generic vulnerability,generic vulnerability,medium,107,db248db67bee5c873e1d,6f9f11dbee8ccbd84a66,False,"Identity, Access & Persistence",cisa_nombre:authentication|authorization|unauthorized access|privilege|credentials?|password|hard.coded|access control|permission|ownership|improper isolation|sandbox escape|session fixation|security feature bypass|protection mechanism|improper certificate|certificate validation|missing encryption|cryptographic|signature verification|integrity check|integrity verification|unprotected alternate channel|protection of alternate|spoofing|inadequate encryption strength|insecure direct object reference|dll side.loading|dll hijacking|uncontrolled search path,media,asignada,2025-03-31,fecha_fuente_no_verificada_como_incidente,registro_vulnerabilidad,cisco,,smart licensing utility,cisco,2,False
apache,tomcat,apache tomcat path equivalence vulnerability,01/04/2025,high,cisa,insecure_deserialization,insecure_deserialization,high,106,907650ed7fbea3dcca17,acd6541ac37fe56db980,False,Code Execution & Injection,cisa_tipo:insecure deserialization,alta,asignada,2025-04-01,fecha_fuente_no_verificada_como_incidente,registro_vulnerabilidad,apache,,tomcat,apache,4,False
ivanti,"connect secure, policy secure, and zta gateways","ivanti connect secure, policy secure, and zta gateways stack-based buffer overflow vulnerability",04/04/2025,high,cisa,memory_corruption,buffer_overflow,high,105,b9870af212c1877093d5,0f9005da67dd2834e9e5,False,Memory & Software Safety,cisa_tipo:memory corruption,alta,asignada,2025-04-04,fecha_fuente_no_verificada_como_incidente,registro_vulnerabilidad,ivanti,,"connect secure, policy secure, and zta gateways",ivanti,4,False
crushftp,crushftp,crushftp authentication bypass vulnerability,07/04/2025,medium/high,cisa,authentication issues,authentication issues,medium/high,104,46af8da08cc7167e2c2d,ef935f903c9d95111580,False,"Identity, Access & Persistence",cisa_tipo:authentication issues,alta,asignada,2025-04-07,fecha_fuente_no_verificada_como_incidente,registro_vulnerabilidad,crushftp,,crushftp,crushftp,3,False
gladinet,centrestack,gladinet centrestack and triofox use of hard-coded cryptographic key vulnerability,08/04/2025,medium,cisa,generic vulnerability,generic vulnerability,medium,103,0bf8808e67655ec84df7,d9b5237ee08d23c4aad2,False,"Identity, Access & Persistence",cisa_nombre:authentication|authorization|unauthorized access|privilege|credentials?|password|hard.coded|access control|permission|ownership|improper isolation|sandbox escape|session fixation|security feature bypass|protection mechanism|improper certificate|certificate validation|missing encryption|cryptographic|signature verification|integrity check|integrity verification|unprotected alternate channel|protection of alternate|spoofing|inadequate encryption strength|insecure direct object reference|dll side.loading|dll hijacking|uncontrolled search path,media,asignada,2025-04-08,fecha_fuente_no_verificada_como_incidente,registro_vulnerabilidad,gladinet,,centrestack,gladinet,2,False
microsoft,windows,microsoft windows common log file system (clfs) driver use-after-free vulnerability,08/04/2025,high,cisa,use-after-free,use-after-free,high,102,3b837b0e9d6c19aa88a2,e7497d9940c584b1d2f6,False,Memory & Software Safety,cisa_tipo:use-after-free,alta,asignada,2025-04-08,fecha_fuente_no_verificada_como_incidente,registro_vulnerabilidad,microsoft,,windows,microsoft,4,False
linux,kernel,linux kernel out-of-bounds access vulnerability,09/04/2025,high,cisa,out-of-bounds write,out-of-bounds write,high,101,cf5e265dc409051d9de8,9e42b38b26d2ca46eec3,False,Memory & Software Safety,cisa_tipo:out-of-bounds write,alta,asignada,2025-04-09,fecha_fuente_no_verificada_como_incidente,registro_vulnerabilidad,linux,,kernel,linux,4,False
linux,kernel,linux kernel out-of-bounds read vulnerability,09/04/2025,medium,cisa,generic vulnerability,generic vulnerability,medium,100,dcd4c3ad48db5747d510,1a918d27281193da0bd5,False,Memory & Software Safety,cisa_nombre:buffer overflow|memory corruption|out.of.bounds|use.after.free|type confusion|double.free|heap.based|stack.based|integer overflow|integer underflow|race condition|time.of.check|arbitrary read and write|uninitialized (memory|variable)|improper input validation|improper validation|improper resource (shutdown|release)|null pointer|memory initialization|memory leak|format string|untrusted pointer dereference|double dereference|out.of.range pointer|record corruption|insufficient (input|data) validation|invalid input|data validation|detection of error condition,media,asignada,2025-04-09,fecha_fuente_no_verificada_como_incidente,registro_vulnerabilidad,linux,,kernel,linux,2,False
sonicwall,sma100 appliances,sonicwall sma100 appliances os command injection vulnerability,16/04/2025,high,cisa,injection,other_injection,high,99,b7425ebefa9d8f32e801,82810964bbff4de06818,False,Code Execution & Injection,cisa_tipo:injection,alta,asignada,2025-04-16,fecha_fuente_no_verificada_como_incidente,registro_vulnerabilidad,sonicwall,,sma100 appliances,sonicwall,4,False
apple,multiple products,apple multiple products arbitrary read and write vulnerability,17/04/2025,medium,cisa,unspecified,unspecified,medium,97,25f254a2635baf0a5359,180bd8e4d4644bf29ca4,False,Memory & Software Safety,cisa_nombre:buffer overflow|memory corruption|out.of.bounds|use.after.free|type confusion|double.free|heap.based|stack.based|integer overflow|integer underflow|race condition|time.of.check|arbitrary read and write|uninitialized (memory|variable)|improper input validation|improper validation|improper resource (shutdown|release)|null pointer|memory initialization|memory leak|format string|untrusted pointer dereference|double dereference|out.of.range pointer|record corruption|insufficient (input|data) validation|invalid input|data validation|detection of error condition,media,asignada,2025-04-17,fecha_fuente_no_verificada_como_incidente,registro_vulnerabilidad,apple,,multiple products,apple,2,False
microsoft,windows,microsoft windows ntlm hash disclosure spoofing vulnerability,17/04/2025,medium,cisa,generic vulnerability,generic vulnerability,medium,96,6a2d06e6bf34326d35ed,9531174ce4e6414c6283,False,"Identity, Access & Persistence",cisa_nombre:authentication|authorization|unauthorized access|privilege|credentials?|password|hard.coded|access control|permission|ownership|improper isolation|sandbox escape|session fixation|security feature bypass|protection mechanism|improper certificate|certificate validation|missing encryption|cryptographic|signature verification|integrity check|integrity verification|unprotected alternate channel|protection of alternate|spoofing|inadequate encryption strength|insecure direct object reference|dll side.loading|dll hijacking|uncontrolled search path,media,asignada,2025-04-17,fecha_fuente_no_verificada_como_incidente,registro_vulnerabilidad,microsoft,,windows,microsoft,2,False
apple,multiple products,apple multiple products memory corruption vulnerability,17/04/2025,medium,cisa,unspecified,unspecified,medium,98,f10ecd6e38f98ae5c5bb,408c0255b2c35a435ecc,False,Memory & Software Safety,cisa_nombre:buffer overflow|memory corruption|out.of.bounds|use.after.free|type confusion|double.free|heap.based|stack.based|integer overflow|integer underflow|race condition|time.of.check|arbitrary read and write|uninitialized (memory|variable)|improper input validation|improper validation|improper resource (shutdown|release)|null pointer|memory initialization|memory leak|format string|untrusted pointer dereference|double dereference|out.of.range pointer|record corruption|insufficient (input|data) validation|invalid input|data validation|detection of error condition,media,asignada,2025-04-17,fecha_fuente_no_verificada_como_incidente,registro_vulnerabilidad,apple,,multiple products,apple,2,False
qualitia,active! mail,qualitia active! mail stack-based buffer overflow vulnerability,28/04/2025,high,cisa,memory_corruption,buffer_overflow,high,94,29f1e3c9c86d1b4f3e00,9f6fb8993802d9c223bf,False,Memory & Software Safety,cisa_tipo:memory corruption,alta,asignada,2025-04-28,fecha_fuente_no_verificada_como_incidente,registro_vulnerabilidad,qualitia,,active! mail,qualitia,4,False
commvault,web server,commvault web server unspecified vulnerability,28/04/2025,medium,cisa,unspecified,unspecified,medium,95,4a1929dc5ca4d240d942,52c06f34f80c707dc070,False,,texto_insuficiente,pendiente,requiere_revision,2025-04-28,fecha_fuente_no_verificada_como_incidente,registro_vulnerabilidad,commvault,,web server,commvault,2,False
broadcom,brocade fabric os,broadcom brocade fabric os code injection vulnerability,28/04/2025,high,cisa,injection,other_injection,high,93,d3119f0ea6b7695a9b26,a4b81877b5318705e5bb,False,Code Execution & Injection,cisa_tipo:injection,alta,asignada,2025-04-28,fecha_fuente_no_verificada_como_incidente,registro_vulnerabilidad,broadcom,,brocade fabric os,broadcom,4,False
sap,netweaver,sap netweaver unrestricted file upload vulnerability,29/04/2025,medium,cisa,generic vulnerability,generic vulnerability,medium,92,1410c76ac28354890212,1ba70673825a497d5390,False,Code Execution & Injection,cisa_nombre:code execution|command execution|code injection|command injection|sql injection|injection|deserialization|cross.site scripting|xss|file upload|upload of|file type upload|embedded malicious code|download of code|arbitrary code|improper neutralization|improper escaping|server.side request forgery|request smuggling|http request splitting,media,asignada,2025-04-29,fecha_fuente_no_verificada_como_incidente,registro_vulnerabilidad,sap,,netweaver,sap,2,False
sonicwall,sma100 appliances,sonicwall sma100 appliances os command injection vulnerability,01/05/2025,high,cisa,injection,other_injection,high,91,8ccacc23357f07e3aa16,82810964bbff4de06818,False,Code Execution & Injection,cisa_tipo:injection,alta,asignada,2025-05-01,fecha_fuente_no_verificada_como_incidente,registro_vulnerabilidad,sonicwall,,sma100 appliances,sonicwall,4,False
apache,http server,apache http server improper escaping of output vulnerability,01/05/2025,medium,cisa,generic vulnerability,generic vulnerability,medium,90,eb2a2d9a5a0bbe6d9b14,511e99071e77df877c69,False,Code Execution & Injection,cisa_nombre:code execution|command execution|code injection|command injection|sql injection|injection|deserialization|cross.site scripting|xss|file upload|upload of|file type upload|embedded malicious code|download of code|arbitrary code|improper neutralization|improper escaping|server.side request forgery|request smuggling|http request splitting,media,asignada,2025-05-01,fecha_fuente_no_verificada_como_incidente,registro_vulnerabilidad,apache,,http server,apache,2,False
yiiframework,yii,yiiframework yii improper protection of alternate path vulnerability,02/05/2025,medium,cisa,generic vulnerability,generic vulnerability,medium,89,6e56c39470c274b8c213,eb12bb9477da3bb475c2,False,"Identity, Access & Persistence",cisa_nombre:authentication|authorization|unauthorized access|privilege|credentials?|password|hard.coded|access control|permission|ownership|improper isolation|sandbox escape|session fixation|security feature bypass|protection mechanism|improper certificate|certificate validation|missing encryption|cryptographic|signature verification|integrity check|integrity verification|unprotected alternate channel|protection of alternate|spoofing|inadequate encryption strength|insecure direct object reference|dll side.loading|dll hijacking|uncontrolled search path,media,asignada,2025-05-02,fecha_fuente_no_verificada_como_incidente,registro_vulnerabilidad,yiiframework,,yii,yiiframework,2,False
commvault,command center,commvault command center path traversal vulnerability,02/05/2025,high,cisa,path_traversal,path_traversal,high,88,e90db4b579d62dada8ed,2c8833d2c81ffc2211bf,False,Data Collection & Exfiltration,cisa_tipo:path traversal,alta,asignada,2025-05-02,fecha_fuente_no_verificada_como_incidente,registro_vulnerabilidad,commvault,,command center,commvault,4,False
langflow,langflow,langflow missing authentication vulnerability,05/05/2025,medium/high,cisa,authentication issues,authentication issues,medium/high,87,91d164a2f84ac7f4db55,2eb998f75a9879ffe63a,False,"Identity, Access & Persistence",cisa_tipo:authentication issues,alta,asignada,2025-05-05,fecha_fuente_no_verificada_como_incidente,registro_vulnerabilidad,langflow,,langflow,langflow,3,False
freetype,freetype,freetype out-of-bounds write vulnerability,06/05/2025,high,cisa,out-of-bounds write,out-of-bounds write,high,86,77bb29b881ca99a2ff51,9a9cef6c43bda62c70f6,False,Memory & Software Safety,cisa_tipo:out-of-bounds write,alta,asignada,2025-05-06,fecha_fuente_no_verificada_como_incidente,registro_vulnerabilidad,freetype,,freetype,freetype,4,False
geovision,multiple devices,geovision devices os command injection vulnerability,07/05/2025,high,cisa,injection,other_injection,high,84,fd6e8ddf9dbd557e71f5,4b78ebfe2508617050fd,False,Code Execution & Injection,cisa_tipo:injection,alta,asignada,2025-05-07,fecha_fuente_no_verificada_como_incidente,registro_vulnerabilidad,geovision,,multiple devices,geovision,4,False
telemessage,tm sgnl,telemessage tm sgnl hidden functionality vulnerability,12/05/2025,medium,cisa,generic vulnerability,generic vulnerability,medium,83,f61ca3114e833af55f19,1ec94519d12c0081874d,False,,texto_insuficiente,pendiente,requiere_revision,2025-05-12,fecha_fuente_no_verificada_como_incidente,registro_vulnerabilidad,telemessage,,tm sgnl,telemessage,2,False
microsoft,windows,microsoft windows dwm core library use-after-free vulnerability,13/05/2025,high,cisa,use-after-free,use-after-free,high,82,63de7e4c80896092b227,db409d27bbfa8ac26f6b,False,Memory & Software Safety,cisa_tipo:use-after-free,alta,asignada,2025-05-13,fecha_fuente_no_verificada_como_incidente,registro_vulnerabilidad,microsoft,,windows,microsoft,4,False
microsoft,windows,microsoft windows scripting engine type confusion vulnerability,13/05/2025,high,cisa,type confusion,type confusion,high,79,9811980af322b3da96cc,b4e6dc28ece232363a04,False,Memory & Software Safety,cisa_tipo:type confusion,alta,asignada,2025-05-13,fecha_fuente_no_verificada_como_incidente,registro_vulnerabilidad,microsoft,,windows,microsoft,4,False
microsoft,windows,microsoft windows ancillary function driver for winsock use-after-free vulnerability,13/05/2025,high,cisa,use-after-free,use-after-free,high,78,bcb97efc19f3cccd2b14,800b2cdb7cfc7b8518dd,False,Memory & Software Safety,cisa_tipo:use-after-free,alta,asignada,2025-05-13,fecha_fuente_no_verificada_como_incidente,registro_vulnerabilidad,microsoft,,windows,microsoft,4,False
microsoft,windows,microsoft windows common log file system (clfs) driver use-after-free vulnerability,13/05/2025,high,cisa,use-after-free,use-after-free,high,81,bedea854b61cc976ccf5,e7497d9940c584b1d2f6,False,Memory & Software Safety,cisa_tipo:use-after-free,alta,asignada,2025-05-13,fecha_fuente_no_verificada_como_incidente,registro_vulnerabilidad,microsoft,,windows,microsoft,4,False
microsoft,windows,microsoft windows common log file system (clfs) driver heap-based buffer overflow vulnerability,13/05/2025,high,cisa,memory_corruption,buffer_overflow,high,80,fba8d97ed7401c3d17a0,1f89eac7c3e257a06861,False,Memory & Software Safety,cisa_tipo:memory corruption,alta,asignada,2025-05-13,fecha_fuente_no_verificada_como_incidente,registro_vulnerabilidad,microsoft,,windows,microsoft,4,False
fortinet,multiple products,fortinet multiple products stack-based buffer overflow vulnerability,14/05/2025,high,cisa,memory_corruption,buffer_overflow,high,77,eda2525fc604a8421341,00dfd4227f43b2c999e2,False,Memory & Software Safety,cisa_tipo:memory corruption,alta,asignada,2025-05-14,fecha_fuente_no_verificada_como_incidente,registro_vulnerabilidad,fortinet,,multiple products,fortinet,4,False
draytek,vigor routers,draytek vigor routers os command injection vulnerability,15/05/2025,high,cisa,injection,other_injection,high,76,1f83657d864cfbd4948f,1f84b73b8a55e4d9a667,False,Code Execution & Injection,cisa_tipo:injection,alta,asignada,2025-05-15,fecha_fuente_no_verificada_como_incidente,registro_vulnerabilidad,draytek,,vigor routers,draytek,4,False
sap,netweaver,sap netweaver deserialization vulnerability,15/05/2025,high,cisa,insecure_deserialization,insecure_deserialization,high,75,57f09d26cb26aa3068c7,9125ebb6d2e813958434,False,Code Execution & Injection,cisa_tipo:insecure deserialization,alta,asignada,2025-05-15,fecha_fuente_no_verificada_como_incidente,registro_vulnerabilidad,sap,,netweaver,sap,4,False
synacor,zimbra collaboration suite (zcs),synacor zimbra collaboration suite (zcs) cross-site scripting (xss) vulnerability,19/05/2025,medium,cisa,xss,cross_site_scripting,medium,70,160310e23521aa5605ea,61932a6b342c12fdb2a9,False,Code Execution & Injection,cisa_tipo:xss,alta,asignada,2025-05-19,fecha_fuente_no_verificada_como_incidente,registro_vulnerabilidad,synacor,,zimbra collaboration suite (zcs),synacor,2,False
srimax,output messenger,srimax output messenger directory traversal vulnerability,19/05/2025,high,cisa,path_traversal,path_traversal,high,71,663469b89589af549272,044baf6bf3c7d392a549,False,Data Collection & Exfiltration,cisa_tipo:path traversal,alta,asignada,2025-05-19,fecha_fuente_no_verificada_como_incidente,registro_vulnerabilidad,srimax,,output messenger,srimax,4,False
ivanti,endpoint manager mobile (epmm),ivanti endpoint manager mobile (epmm) authentication bypass vulnerability,19/05/2025,medium/high,cisa,authentication issues,authentication issues,medium/high,74,6bb4fb5092dc289242bf,5a04e79ee041da7cc52f,False,"Identity, Access & Persistence",cisa_tipo:authentication issues,alta,asignada,2025-05-19,fecha_fuente_no_verificada_como_incidente,registro_vulnerabilidad,ivanti,,endpoint manager mobile (epmm),ivanti,3,False
ivanti,endpoint manager mobile (epmm),ivanti endpoint manager mobile (epmm) code injection vulnerability,19/05/2025,high,cisa,injection,other_injection,high,73,8a70434d9434feb55c20,f86bd93e34f73f8dc153,False,Code Execution & Injection,cisa_tipo:injection,alta,asignada,2025-05-19,fecha_fuente_no_verificada_como_incidente,registro_vulnerabilidad,ivanti,,endpoint manager mobile (epmm),ivanti,4,False
zkteco,biotime,zkteco biotime path traversal vulnerability,19/05/2025,high,cisa,path_traversal,path_traversal,high,69,eadb94d3aba0716845b4,3aa27e82e0ccfab06884,False,Data Collection & Exfiltration,cisa_tipo:path traversal,alta,asignada,2025-05-19,fecha_fuente_no_verificada_como_incidente,registro_vulnerabilidad,zkteco,,biotime,zkteco,4,False
mdaemon,email server,mdaemon email server cross-site scripting (xss) vulnerability,19/05/2025,medium,cisa,xss,cross_site_scripting,medium,72,f0f607cc4d2185edb28f,d1d93ef80556321dd1e0,False,Code Execution & Injection,cisa_tipo:xss,alta,asignada,2025-05-19,fecha_fuente_no_verificada_como_incidente,registro_vulnerabilidad,mdaemon,,email server,mdaemon,2,False
samsung,magicinfo 9 server,samsung magicinfo 9 server path traversal vulnerability,22/05/2025,high,cisa,path_traversal,path_traversal,high,68,2a1bda458b21f991f3ef,9e794777bd71ae184e68,False,Data Collection & Exfiltration,cisa_tipo:path traversal,alta,asignada,2025-05-22,fecha_fuente_no_verificada_como_incidente,registro_vulnerabilidad,samsung,,magicinfo 9 server,samsung,4,False
asus,routers,asus routers improper authentication vulnerability,02/06/2025,medium,cisa,authentication issues,authentication issues,medium,63,1561d528be880d1041e5,fefdf34db72b56cbd41b,False,"Identity, Access & Persistence",cisa_tipo:authentication issues,alta,asignada,2025-06-02,fecha_fuente_no_verificada_como_incidente,registro_vulnerabilidad,asus,,routers,asus,2,False
asus,rt-ax55 routers,asus rt-ax55 routers os command injection vulnerability,02/06/2025,high,cisa,injection,other_injection,high,67,1e3652ac6426295596b6,4a08ac5cac969c4fcd71,False,Code Execution & Injection,cisa_tipo:injection,alta,asignada,2025-06-02,fecha_fuente_no_verificada_como_incidente,registro_vulnerabilidad,asus,,rt-ax55 routers,asus,4,False
craft cms,craft cms,craft cms external control of assumed-immutable web parameter vulnerability,02/06/2025,medium,cisa,generic vulnerability,generic vulnerability,medium,65,37e7a37aca8507839959,c714b0d6c9fd016972a5,False,,texto_insuficiente,pendiente,requiere_revision,2025-06-02,fecha_fuente_no_verificada_como_incidente,registro_vulnerabilidad,craft cms,,craft cms,craft cms,2,False
craft cms,craft cms,craft cms code injection vulnerability,02/06/2025,high,cisa,injection,other_injection,high,66,986b72593dc573e56e51,8ec0847f701bf0a774dc,False,Code Execution & Injection,cisa_tipo:injection,alta,asignada,2025-06-02,fecha_fuente_no_verificada_como_incidente,registro_vulnerabilidad,craft cms,,craft cms,craft cms,4,False
connectwise,screenconnect,connectwise screenconnect improper authentication vulnerability,02/06/2025,medium,cisa,authentication issues,authentication issues,medium,64,c4d79df2b542b14c0950,cf8b9712385addfeb6dd,False,"Identity, Access & Persistence",cisa_tipo:authentication issues,alta,asignada,2025-06-02,fecha_fuente_no_verificada_como_incidente,registro_vulnerabilidad,connectwise,,screenconnect,connectwise,2,False
qualcomm,multiple chipsets,qualcomm multiple chipsets incorrect authorization vulnerability,03/06/2025,medium,cisa,generic vulnerability,generic vulnerability,medium,60,aed332d3b9ecaf3ab406,dca92a71fd35de7f365c,False,"Identity, Access & Persistence",cisa_nombre:authentication|authorization|unauthorized access|privilege|credentials?|password|hard.coded|access control|permission|ownership|improper isolation|sandbox escape|session fixation|security feature bypass|protection mechanism|improper certificate|certificate validation|missing encryption|cryptographic|signature verification|integrity check|integrity verification|unprotected alternate channel|protection of alternate|spoofing|inadequate encryption strength|insecure direct object reference|dll side.loading|dll hijacking|uncontrolled search path,media,asignada,2025-06-03,fecha_fuente_no_verificada_como_incidente,registro_vulnerabilidad,qualcomm,,multiple chipsets,qualcomm,2,False
qualcomm,multiple chipsets,qualcomm multiple chipsets use-after-free vulnerability,03/06/2025,high,cisa,use-after-free,use-after-free,high,62,e132634d8ddd89b83705,93a07cf9d17d5e170bf7,False,Memory & Software Safety,cisa_tipo:use-after-free,alta,asignada,2025-06-03,fecha_fuente_no_verificada_como_incidente,registro_vulnerabilidad,qualcomm,,multiple chipsets,qualcomm,4,False
google,chromium v8,google chromium v8 out-of-bounds read and write vulnerability,05/06/2025,high,cisa,out-of-bounds write,out-of-bounds write,high,59,981bacf675dfc49e2307,ac8f42601128ff458de5,False,Memory & Software Safety,cisa_tipo:out-of-bounds write,alta,asignada,2025-06-05,fecha_fuente_no_verificada_como_incidente,registro_vulnerabilidad,google,,chromium v8,google,4,False
erlang,erlang/otp,erlang erlang/otp ssh server missing authentication for critical function vulnerability,09/06/2025,medium/high,cisa,authentication issues,authentication issues,medium/high,58,2fb27c6c3a5f1a1a9705,a3abe66f40dab25f9143,False,"Identity, Access & Persistence",cisa_tipo:authentication issues,alta,asignada,2025-06-09,fecha_fuente_no_verificada_como_incidente,registro_vulnerabilidad,erlang,,erlang/otp,erlang,3,False
roundcube,webmail,roundcube webmail cross-site scripting vulnerability,09/06/2025,medium,cisa,xss,cross_site_scripting,medium,57,ccbfa8f4f476790aa13c,18558991451c2cd18304,False,Code Execution & Injection,cisa_tipo:xss,alta,asignada,2025-06-09,fecha_fuente_no_verificada_como_incidente,registro_vulnerabilidad,roundcube,,webmail,roundcube,2,False
microsoft,windows,microsoft windows external control of file name or path vulnerability,10/06/2025,medium,cisa,generic vulnerability,generic vulnerability,medium,55,5eae26ec2682ece841db,56f746f64fb4229f484d,False,Data Collection & Exfiltration,cisa_nombre:information disclosure|information leak|disclosure|exposure of|directory traversal|path traversal|path transversal|file inclusion|external control of file name|link following|improper link resolution|arbitrary file (read|download)|file download|file read|sensitive information,media,asignada,2025-06-10,fecha_fuente_no_verificada_como_incidente,registro_vulnerabilidad,microsoft,,windows,microsoft,2,False
wazuh,wazuh server,wazuh server deserialization of untrusted data vulnerability,10/06/2025,high,cisa,insecure_deserialization,insecure_deserialization,high,56,f6ba3446b005bd23fdae,e44afdd74770a620ce33,False,Code Execution & Injection,cisa_tipo:insecure deserialization,alta,asignada,2025-06-10,fecha_fuente_no_verificada_como_incidente,registro_vulnerabilidad,wazuh,,wazuh server,wazuh,4,False
apple,multiple products,apple multiple products unspecified vulnerability,16/06/2025,medium,cisa,unspecified,unspecified,medium,54,4cffd76bcc495e4f207a,d0f0e1ad8eb47304b8c1,False,,texto_insuficiente,pendiente,requiere_revision,2025-06-16,fecha_fuente_no_verificada_como_incidente,registro_vulnerabilidad,apple,,multiple products,apple,2,False
tp-link,multiple routers,tp-link multiple routers command injection vulnerability,16/06/2025,high,cisa,injection,other_injection,high,53,7d45496640c9c9d30052,5f24c668d4de80066ab5,False,Code Execution & Injection,cisa_tipo:injection,alta,asignada,2025-06-16,fecha_fuente_no_verificada_como_incidente,registro_vulnerabilidad,tp-link,,multiple routers,tp-link,4,False
linux,kernel,linux kernel improper ownership management vulnerability,17/06/2025,medium,cisa,generic vulnerability,generic vulnerability,medium,52,2a8cb83572480894c7bd,295ed77b2fc5e454f14f,False,"Identity, Access & Persistence",cisa_nombre:authentication|authorization|unauthorized access|privilege|credentials?|password|hard.coded|access control|permission|ownership|improper isolation|sandbox escape|session fixation|security feature bypass|protection mechanism|improper certificate|certificate validation|missing encryption|cryptographic|signature verification|integrity check|integrity verification|unprotected alternate channel|protection of alternate|spoofing|inadequate encryption strength|insecure direct object reference|dll side.loading|dll hijacking|uncontrolled search path,media,asignada,2025-06-17,fecha_fuente_no_verificada_como_incidente,registro_vulnerabilidad,linux,,kernel,linux,2,False
fortinet,fortios,fortinet fortios use of hard-coded credentials vulnerability,25/06/2025,medium,cisa,xss,cross_site_scripting,medium,49,0834a1f11772b4788f95,40201c5e083e8c006cb5,False,Code Execution & Injection,cisa_tipo:xss,alta,asignada,2025-06-25,fecha_fuente_no_verificada_como_incidente,registro_vulnerabilidad,fortinet,,fortios,fortinet,2,False
d-link,dir-859 router,d-link dir-859 router path traversal vulnerability,25/06/2025,high,cisa,path_traversal,path_traversal,high,50,cc7ffa976f5fdfe9ac50,189293cab3be6ee3e9f3,False,Data Collection & Exfiltration,cisa_tipo:path traversal,alta,asignada,2025-06-25,fecha_fuente_no_verificada_como_incidente,registro_vulnerabilidad,d-link,,dir-859 router,d-link,4,False
ami,megarac spx,ami megarac spx authentication bypass by spoofing vulnerability,25/06/2025,medium/high,cisa,authentication issues,authentication issues,medium/high,51,eb42c794fea5351fae79,77e49c2391baa5bf3b68,False,"Identity, Access & Persistence",cisa_tipo:authentication issues,alta,asignada,2025-06-25,fecha_fuente_no_verificada_como_incidente,registro_vulnerabilidad,ami,,megarac spx,ami,3,False
citrix,netscaler adc and gateway,citrix netscaler adc and gateway buffer overflow vulnerability,30/06/2025,high,cisa,memory corruption,memory corruption,high,48,10958eb318efe162acc9,2d18dd388bd75c9a0673,False,Memory & Software Safety,cisa_tipo:memory corruption,alta,asignada,2025-06-30,fecha_fuente_no_verificada_como_incidente,registro_vulnerabilidad,citrix,,netscaler adc and gateway,citrix,4,False
telemessage,tm sgnl,telemessage tm sgnl exposure of core dump file to an unauthorized control sphere vulnerability,01/07/2025,medium,cisa,generic vulnerability,generic vulnerability,medium,46,46574fadf4d4abba6f32,cff063739305c0e5a5ce,False,Data Collection & Exfiltration,cisa_nombre:information disclosure|information leak|disclosure|exposure of|directory traversal|path traversal|path transversal|file inclusion|external control of file name|link following|improper link resolution|arbitrary file (read|download)|file download|file read|sensitive information,media,asignada,2025-07-01,fecha_fuente_no_verificada_como_incidente,registro_vulnerabilidad,telemessage,,tm sgnl,telemessage,2,False
telemessage,tm sgnl,telemessage tm sgnl initialization of a resource with an insecure default vulnerability,01/07/2025,high,cisa,remote_code_execution,remote_code_execution,high,47,ac7025fc12722163b8ac,68a2d4f6d9750f578882,False,Code Execution & Injection,cisa_tipo:remote code execution,alta,asignada,2025-07-01,fecha_fuente_no_verificada_como_incidente,registro_vulnerabilidad,telemessage,,tm sgnl,telemessage,4,False
google,chromium v8,google chromium v8 type confusion vulnerability,02/07/2025,high,cisa,type confusion,type confusion,high,45,0de22fa9020a0de98f7e,71182e2b82bca2d33474,False,Memory & Software Safety,cisa_tipo:type confusion,alta,asignada,2025-07-02,fecha_fuente_no_verificada_como_incidente,registro_vulnerabilidad,google,,chromium v8,google,4,False
synacor,zimbra collaboration suite (zcs),synacor zimbra collaboration suite (zcs) server-side request forgery (ssrf) vulnerability,07/07/2025,medium,cisa,generic vulnerability,generic vulnerability,medium,41,29140d473ea64826ad54,1f7403d4bc634a64a89e,False,Code Execution & Injection,cisa_nombre:code execution|command execution|code injection|command injection|sql injection|injection|deserialization|cross.site scripting|xss|file upload|upload of|file type upload|embedded malicious code|download of code|arbitrary code|improper neutralization|improper escaping|server.side request forgery|request smuggling|http request splitting,media,asignada,2025-07-07,fecha_fuente_no_verificada_como_incidente,registro_vulnerabilidad,synacor,,zimbra collaboration suite (zcs),synacor,2,False
rails,ruby on rails,rails ruby on rails path traversal vulnerability,07/07/2025,high,cisa,path_traversal,path_traversal,high,42,328affd1a9388499a8b5,396e51baa434469c92c9,False,Data Collection & Exfiltration,cisa_tipo:path traversal,alta,asignada,2025-07-07,fecha_fuente_no_verificada_como_incidente,registro_vulnerabilidad,rails,,ruby on rails,rails,4,False
looking glass,multi-router looking glass (mrlg),multi-router looking glass (mrlg) buffer overflow vulnerability,07/07/2025,high,cisa,memory corruption,memory corruption,high,44,4cd6d0ab168aa1fd44c2,b41cc28a50e14980d8ae,False,Memory & Software Safety,cisa_tipo:memory corruption,alta,asignada,2025-07-07,fecha_fuente_no_verificada_como_incidente,registro_vulnerabilidad,looking glass,,multi-router looking glass (mrlg),looking glass,4,False
php,phpmailer,phpmailer command injection vulnerability,07/07/2025,high,cisa,injection,other_injection,high,43,523ced181b484a773001,a317c88be8d0dbc50be0,False,Code Execution & Injection,cisa_tipo:injection,alta,asignada,2025-07-07,fecha_fuente_no_verificada_como_incidente,registro_vulnerabilidad,php,,phpmailer,php,4,False
citrix,netscaler adc and gateway,citrix netscaler adc and gateway out-of-bounds read vulnerability,10/07/2025,medium,cisa,generic vulnerability,generic vulnerability,medium,40,133b79506efc67a6d54e,c3cd43fe900f6dee29b0,False,Memory & Software Safety,cisa_nombre:buffer overflow|memory corruption|out.of.bounds|use.after.free|type confusion|double.free|heap.based|stack.based|integer overflow|integer underflow|race condition|time.of.check|arbitrary read and write|uninitialized (memory|variable)|improper input validation|improper validation|improper resource (shutdown|release)|null pointer|memory initialization|memory leak|format string|untrusted pointer dereference|double dereference|out.of.range pointer|record corruption|insufficient (input|data) validation|invalid input|data validation|detection of error condition,media,asignada,2025-07-10,fecha_fuente_no_verificada_como_incidente,registro_vulnerabilidad,citrix,,netscaler adc and gateway,citrix,2,False
wing ftp server,wing ftp server,wing ftp server improper neutralization of null byte or nul character vulnerability,14/07/2025,medium,cisa,generic vulnerability,generic vulnerability,medium,39,cfb9dc51d8993a545fe0,0ce8a3f40bd2eef4766c,False,Code Execution & Injection,cisa_nombre:code execution|command execution|code injection|command injection|sql injection|injection|deserialization|cross.site scripting|xss|file upload|upload of|file type upload|embedded malicious code|download of code|arbitrary code|improper neutralization|improper escaping|server.side request forgery|request smuggling|http request splitting,media,asignada,2025-07-14,fecha_fuente_no_verificada_como_incidente,registro_vulnerabilidad,wing ftp server,,wing ftp server,wing ftp server,2,False
fortinet,fortiweb,fortinet fortiweb sql injection vulnerability,18/07/2025,high,cisa,injection,other_injection,high,38,42eab34a0d6b49caca14,c2b40ac74d39410d0841,False,Code Execution & Injection,cisa_tipo:injection,alta,asignada,2025-07-18,fecha_fuente_no_verificada_como_incidente,registro_vulnerabilidad,fortinet,,fortiweb,fortinet,4,False
microsoft,sharepoint,microsoft sharepoint deserialization of untrusted data vulnerability,20/07/2025,high,cisa,insecure_deserialization,insecure_deserialization,high,37,1590d59881f990c92304,9ac1205593c87e48f227,False,Code Execution & Injection,cisa_tipo:insecure deserialization,alta,asignada,2025-07-20,fecha_fuente_no_verificada_como_incidente,registro_vulnerabilidad,microsoft,,sharepoint,microsoft,4,False
crushftp,crushftp,crushftp unprotected alternate channel vulnerability,22/07/2025,medium,cisa,generic vulnerability,generic vulnerability,medium,34,3e1a947866b48875a3c8,e83e72f22bc5f70d6906,False,"Identity, Access & Persistence",cisa_nombre:authentication|authorization|unauthorized access|privilege|credentials?|password|hard.coded|access control|permission|ownership|improper isolation|sandbox escape|session fixation|security feature bypass|protection mechanism|improper certificate|certificate validation|missing encryption|cryptographic|signature verification|integrity check|integrity verification|unprotected alternate channel|protection of alternate|spoofing|inadequate encryption strength|insecure direct object reference|dll side.loading|dll hijacking|uncontrolled search path,media,asignada,2025-07-22,fecha_fuente_no_verificada_como_incidente,registro_vulnerabilidad,crushftp,,crushftp,crushftp,2,False
sysaid,sysaid on-prem,sysaid on-prem improper restriction of xml external entity reference vulnerability,22/07/2025,medium,cisa,xxe,xml_external_entity,medium,31,51c2f1f185f120876779,a7cdfbc33511d0ce2b8b,False,Code Execution & Injection,cisa_tipo:xxe,alta,asignada,2025-07-22,fecha_fuente_no_verificada_como_incidente,registro_vulnerabilidad,sysaid,,sysaid on-prem,sysaid,2,False
google,chromium,google chromium angle and gpu improper input validation vulnerability,22/07/2025,medium,cisa,generic vulnerability,generic vulnerability,medium,33,6455cfcd6e7b83742922,ab9c438184c82f46247f,False,Memory & Software Safety,cisa_nombre:buffer overflow|memory corruption|out.of.bounds|use.after.free|type confusion|double.free|heap.based|stack.based|integer overflow|integer underflow|race condition|time.of.check|arbitrary read and write|uninitialized (memory|variable)|improper input validation|improper validation|improper resource (shutdown|release)|null pointer|memory initialization|memory leak|format string|untrusted pointer dereference|double dereference|out.of.range pointer|record corruption|insufficient (input|data) validation|invalid input|data validation|detection of error condition,media,asignada,2025-07-22,fecha_fuente_no_verificada_como_incidente,registro_vulnerabilidad,google,,chromium,google,2,False
microsoft,sharepoint,microsoft sharepoint code injection vulnerability,22/07/2025,high,cisa,injection,other_injection,high,35,a3ba6d8c2079a90f6317,356c9cb2a47ffae13620,False,Code Execution & Injection,cisa_tipo:injection,alta,asignada,2025-07-22,fecha_fuente_no_verificada_como_incidente,registro_vulnerabilidad,microsoft,,sharepoint,microsoft,4,False
microsoft,sharepoint,microsoft sharepoint improper authentication vulnerability,22/07/2025,medium,cisa,authentication issues,authentication issues,medium,36,f28c1ef7e5a91b41ef15,16023cda75d272462cc8,False,"Identity, Access & Persistence",cisa_tipo:authentication issues,alta,asignada,2025-07-22,fecha_fuente_no_verificada_como_incidente,registro_vulnerabilidad,microsoft,,sharepoint,microsoft,2,False
papercut,ng/mf,papercut ng/mf cross-site request forgery (csrf) vulnerability,28/07/2025,medium,cisa,csrf,cross_site_request_forgery,medium,28,308ef8fe67601ebf68e8,95c81de2dd2bfcc19022,False,"Identity, Access & Persistence",cisa_tipo:csrf,alta,asignada,2025-07-28,fecha_fuente_no_verificada_como_incidente,registro_vulnerabilidad,papercut,,ng/mf,papercut,2,False
cisco,identity services engine,cisco identity services engine injection vulnerability,28/07/2025,high,cisa,injection,other_injection,high,29,e11f3d89b362bb203452,20b057ad5578fb394cec,False,Code Execution & Injection,cisa_tipo:injection,alta,asignada,2025-07-28,fecha_fuente_no_verificada_como_incidente,registro_vulnerabilidad,cisco,,identity services engine,cisco,4,False
d-link,dcs-2530l and dcs-2670l devices,d-link dcs-2530l and dcs-2670l command injection vulnerability,05/08/2025,high,cisa,injection,other_injection,high,26,3a2c5407223d7ea2c1e1,ed83294f47b2f51b4de2,False,Code Execution & Injection,cisa_tipo:injection,alta,asignada,2025-08-05,fecha_fuente_no_verificada_como_incidente,registro_vulnerabilidad,d-link,,dcs-2530l and dcs-2670l devices,d-link,4,False
d-link,dnr-322l,d-link dnr-322l download of code without integrity check vulnerability,05/08/2025,medium,cisa,generic vulnerability,generic vulnerability,medium,27,6980345e91dd4e808db5,06287b9a396b9bdf5ad7,False,"Identity, Access & Persistence",cisa_nombre:authentication|authorization|unauthorized access|privilege|credentials?|password|hard.coded|access control|permission|ownership|improper isolation|sandbox escape|session fixation|security feature bypass|protection mechanism|improper certificate|certificate validation|missing encryption|cryptographic|signature verification|integrity check|integrity verification|unprotected alternate channel|protection of alternate|spoofing|inadequate encryption strength|insecure direct object reference|dll side.loading|dll hijacking|uncontrolled search path,media,asignada,2025-08-05,fecha_fuente_no_verificada_como_incidente,registro_vulnerabilidad,d-link,,dnr-322l,d-link,2,False
d-link,dcs-2530l and dcs-2670l devices,d-link dcs-2530l and dcs-2670l devices unspecified vulnerability,05/08/2025,medium,cisa,unspecified,unspecified,medium,25,a5f507559ec5639fe912,e52a8007d1fc91f29f64,False,,texto_insuficiente,pendiente,requiere_revision,2025-08-05,fecha_fuente_no_verificada_como_incidente,registro_vulnerabilidad,d-link,,dcs-2530l and dcs-2670l devices,d-link,2,False
microsoft,office,microsoft office excel remote code execution vulnerability,12/08/2025,high,cisa,remote_code_execution,remote_code_execution,high,23,03c34e793831edaa9ceb,ec40c1263de606975415,False,Code Execution & Injection,cisa_tipo:remote code execution,alta,asignada,2025-08-12,fecha_fuente_no_verificada_como_incidente,registro_vulnerabilidad,microsoft,,office,microsoft,4,False
microsoft,internet explorer,microsoft internet explorer resource management errors vulnerability,12/08/2025,high,cisa,remote_code_execution,remote_code_execution,high,24,c8f2ffe36ff3add139c1,795302ee6691456a425d,False,Code Execution & Injection,cisa_tipo:remote code execution,alta,asignada,2025-08-12,fecha_fuente_no_verificada_como_incidente,registro_vulnerabilidad,microsoft,,internet explorer,microsoft,4,False
rarlab,winrar,rarlab winrar path traversal vulnerability,12/08/2025,high,cisa,path_traversal,path_traversal,high,22,c96eeff2f1e62773ce74,e3afc4a69d002856dece,False,Data Collection & Exfiltration,cisa_tipo:path traversal,alta,asignada,2025-08-12,fecha_fuente_no_verificada_como_incidente,registro_vulnerabilidad,rarlab,,winrar,rarlab,4,False
n-able,n-central,n-able n-central insecure deserialization vulnerability,13/08/2025,medium,cisa,unspecified,unspecified,medium,21,5ff5aa80948f5fe8c9bf,4945508074c348586ce0,False,Code Execution & Injection,cisa_nombre:code execution|command execution|code injection|command injection|sql injection|injection|deserialization|cross.site scripting|xss|file upload|upload of|file type upload|embedded malicious code|download of code|arbitrary code|improper neutralization|improper escaping|server.side request forgery|request smuggling|http request splitting,media,asignada,2025-08-13,fecha_fuente_no_verificada_como_incidente,registro_vulnerabilidad,n-able,,n-central,n-able,2,False
n-able,n-central,n-able n-central command injection vulnerability,13/08/2025,high,cisa,injection,other_injection,high,20,eb84cdc9d5eb1eb81d25,abecb88768d78e66f441,False,Code Execution & Injection,cisa_tipo:injection,alta,asignada,2025-08-13,fecha_fuente_no_verificada_como_incidente,registro_vulnerabilidad,n-able,,n-central,n-able,4,False
trend micro,apex one,trend micro apex one os command injection vulnerability,18/08/2025,high,cisa,injection,other_injection,high,19,2cf17b5ef117525480fd,7d06d2449a2ee7ffa05f,False,Code Execution & Injection,cisa_tipo:injection,alta,asignada,2025-08-18,fecha_fuente_no_verificada_como_incidente,registro_vulnerabilidad,trend micro,,apex one,trend micro,4,False
apple,"ios, ipados, and macos","apple ios, ipados, and macos out-of-bounds write vulnerability",21/08/2025,high,cisa,out-of-bounds write,out-of-bounds write,high,18,f0b32c84caccdc5d6ad6,0011ed5af7f43868a857,False,Memory & Software Safety,cisa_tipo:out-of-bounds write,alta,asignada,2025-08-21,fecha_fuente_no_verificada_como_incidente,registro_vulnerabilidad,apple,,"ios, ipados, and macos",apple,4,False
citrix,session recording,citrix session recording deserialization of untrusted data vulnerability,25/08/2025,high,cisa,insecure_deserialization,insecure_deserialization,high,17,90a67cc0971939db6455,23457ab0c963238e833e,False,Code Execution & Injection,cisa_tipo:insecure deserialization,alta,asignada,2025-08-25,fecha_fuente_no_verificada_como_incidente,registro_vulnerabilidad,citrix,,session recording,citrix,4,False
git,git,git link following vulnerability,25/08/2025,medium,cisa,generic vulnerability,generic vulnerability,medium,15,deba850fdcfe20eda1e1,eaa063caafd0f558c55b,False,Data Collection & Exfiltration,cisa_nombre:information disclosure|information leak|disclosure|exposure of|directory traversal|path traversal|path transversal|file inclusion|external control of file name|link following|improper link resolution|arbitrary file (read|download)|file download|file read|sensitive information,media,asignada,2025-08-25,fecha_fuente_no_verificada_como_incidente,registro_vulnerabilidad,git,,git,git,2,False
citrix,session recording,citrix session recording improper privilege management vulnerability,25/08/2025,medium,cisa,generic vulnerability,generic vulnerability,medium,16,fef1898ce96b90ae097f,ed2ba820883f03dc30f2,False,"Identity, Access & Persistence",cisa_nombre:authentication|authorization|unauthorized access|privilege|credentials?|password|hard.coded|access control|permission|ownership|improper isolation|sandbox escape|session fixation|security feature bypass|protection mechanism|improper certificate|certificate validation|missing encryption|cryptographic|signature verification|integrity check|integrity verification|unprotected alternate channel|protection of alternate|spoofing|inadequate encryption strength|insecure direct object reference|dll side.loading|dll hijacking|uncontrolled search path,media,asignada,2025-08-25,fecha_fuente_no_verificada_como_incidente,registro_vulnerabilidad,citrix,,session recording,citrix,2,False
citrix,netscaler,citrix netscaler memory overflow vulnerability,26/08/2025,high,cisa,memory corruption,memory corruption,high,14,553aedf9fc385027a0c5,236778f5883f738cc4ee,False,Memory & Software Safety,cisa_tipo:memory corruption,alta,asignada,2025-08-26,fecha_fuente_no_verificada_como_incidente,registro_vulnerabilidad,citrix,,netscaler,citrix,4,False
sangoma,freepbx,sangoma freepbx authentication bypass vulnerability,29/08/2025,high,cisa,injection,other_injection,high,13,f50c31f37eb10e37cf61,54f4de0444ba53f02fb2,False,Code Execution & Injection,cisa_tipo:injection,alta,asignada,2025-08-29,fecha_fuente_no_verificada_como_incidente,registro_vulnerabilidad,sangoma,,freepbx,sangoma,4,False
meta platforms,whatsapp,meta platforms whatsapp incorrect authorization vulnerability,02/09/2025,medium,cisa,generic vulnerability,generic vulnerability,medium,12,0318822103fb621b98b9,d29e779584bb16176d5e,False,"Identity, Access & Persistence",cisa_nombre:authentication|authorization|unauthorized access|privilege|credentials?|password|hard.coded|access control|permission|ownership|improper isolation|sandbox escape|session fixation|security feature bypass|protection mechanism|improper certificate|certificate validation|missing encryption|cryptographic|signature verification|integrity check|integrity verification|unprotected alternate channel|protection of alternate|spoofing|inadequate encryption strength|insecure direct object reference|dll side.loading|dll hijacking|uncontrolled search path,media,asignada,2025-09-02,fecha_fuente_no_verificada_como_incidente,registro_vulnerabilidad,meta platforms,,whatsapp,meta platforms,2,False
tp-link,tl-wa855re,tp-link tl-wa855re missing authentication for critical function vulnerability,02/09/2025,medium/high,cisa,authentication issues,authentication issues,medium/high,11,dfde396f4fc95f5629ca,aa9795552011d98f7f02,False,"Identity, Access & Persistence",cisa_tipo:authentication issues,alta,asignada,2025-09-02,fecha_fuente_no_verificada_como_incidente,registro_vulnerabilidad,tp-link,,tl-wa855re,tp-link,3,False
tp-link,multiple routers,tp-link archer c7(eu) and tl-wr841n/nd(ms) os command injection vulnerability,03/09/2025,high,cisa,injection,other_injection,high,10,cc17a68bcf5f3d3beffe,a17583c435f1213b4031,False,Code Execution & Injection,cisa_tipo:injection,alta,asignada,2025-09-03,fecha_fuente_no_verificada_como_incidente,registro_vulnerabilidad,tp-link,,multiple routers,tp-link,4,False
tp-link,tl-wr841n,tp-link tl-wr841n authentication bypass by spoofing vulnerability,03/09/2025,medium/high,cisa,authentication issues,authentication issues,medium/high,9,ec0e1f9c93f4b4bb8b68,7b1b75842b60400b003a,False,"Identity, Access & Persistence",cisa_tipo:authentication issues,alta,asignada,2025-09-03,fecha_fuente_no_verificada_como_incidente,registro_vulnerabilidad,tp-link,,tl-wr841n,tp-link,3,False
linux,kernel,linux kernel time-of-check time-of-use (toctou) race condition vulnerability,04/09/2025,medium,cisa,generic vulnerability,generic vulnerability,medium,6,45c830cca1dc618b7c03,0da115f6a1b9af3fd4d2,False,Memory & Software Safety,cisa_nombre:buffer overflow|memory corruption|out.of.bounds|use.after.free|type confusion|double.free|heap.based|stack.based|integer overflow|integer underflow|race condition|time.of.check|arbitrary read and write|uninitialized (memory|variable)|improper input validation|improper validation|improper resource (shutdown|release)|null pointer|memory initialization|memory leak|format string|untrusted pointer dereference|double dereference|out.of.range pointer|record corruption|insufficient (input|data) validation|invalid input|data validation|detection of error condition,media,asignada,2025-09-04,fecha_fuente_no_verificada_como_incidente,registro_vulnerabilidad,linux,,kernel,linux,2,False
android,runtime,android runtime use-after-free vulnerability,04/09/2025,medium,cisa,unspecified,unspecified,medium,7,7ceec22b624599585483,7d8df4c254937bff5da7,False,Memory & Software Safety,cisa_nombre:buffer overflow|memory corruption|out.of.bounds|use.after.free|type confusion|double.free|heap.based|stack.based|integer overflow|integer underflow|race condition|time.of.check|arbitrary read and write|uninitialized (memory|variable)|improper input validation|improper validation|improper resource (shutdown|release)|null pointer|memory initialization|memory leak|format string|untrusted pointer dereference|double dereference|out.of.range pointer|record corruption|insufficient (input|data) validation|invalid input|data validation|detection of error condition,media,asignada,2025-09-04,fecha_fuente_no_verificada_como_incidente,registro_vulnerabilidad,android,,runtime,android,2,False
sitecore,multiple products,sitecore multiple products deserialization of untrusted data vulnerability,04/09/2025,high,cisa,insecure_deserialization,insecure_deserialization,high,8,e6a1ac00c0d269e3ad28,d9a87aca0ad6335fd025,False,Code Execution & Injection,cisa_tipo:insecure deserialization,alta,asignada,2025-09-04,fecha_fuente_no_verificada_como_incidente,registro_vulnerabilidad,sitecore,,multiple products,sitecore,4,False
dassault systemes,delmia apriso,dassault systemes delmia apriso deserialization of untrusted data vulnerability,11/09/2025,high,cisa,insecure_deserialization,insecure_deserialization,high,5,e27626f47b0936e7a12a,71f54233c05b58552aa5,False,Code Execution & Injection,cisa_tipo:insecure deserialization,alta,asignada,2025-09-11,fecha_fuente_no_verificada_como_incidente,registro_vulnerabilidad,dassault systemes,,delmia apriso,dassault systemes,4,False
google,chromium v8,google chromium v8 type confusion vulnerability,23/09/2025,high,cisa,type confusion,type confusion,high,4,2d19b54ffa7193e1bb21,71182e2b82bca2d33474,False,Memory & Software Safety,cisa_tipo:type confusion,alta,asignada,2025-09-23,fecha_fuente_no_verificada_como_incidente,registro_vulnerabilidad,google,,chromium v8,google,4,False
cisco,secure firewall adaptive security appliance and secure firewall threat defense,cisco secure firewall adaptive security appliance (asa) and secure firewall threat defense (ftd) buffer overflow vulnerability,25/09/2025,high,cisa,memory_corruption,buffer_overflow,high,3,04a1b037765dfa91f232,6e08ea46566bb3b9c6d5,False,Memory & Software Safety,cisa_tipo:memory corruption,alta,asignada,2025-09-25,fecha_fuente_no_verificada_como_incidente,registro_vulnerabilidad,cisco,,secure firewall adaptive security appliance and secure firewall threat defense,cisco,4,False
cisco,secure firewall adaptive security appliance and secure firewall threat defense,cisco secure firewall adaptive security (asa) appliance and secure firewall threat defense (ftd) missing authorization vulnerability,25/09/2025,medium,cisa,authorization issues,authorization issues,medium,2,0a1c43e3762828924acb,ad87c31ae40802125102,False,"Identity, Access & Persistence",cisa_tipo:authorization issues,alta,asignada,2025-09-25,fecha_fuente_no_verificada_como_incidente,registro_vulnerabilidad,cisco,,secure firewall adaptive security appliance and secure firewall threat defense,cisco,2,False
